ISO-10303-21;
HEADER;
FILE_DESCRIPTION(('Open CASCADE Model'),'2;1');
FILE_NAME('Open CASCADE Shape Model','2026-09-27T12:53:22',('Author'),(
    'Open CASCADE'),'Open CASCADE STEP processor 7.9','Open CASCADE 7.9'
  ,'Unknown');
FILE_SCHEMA(('AUTOMOTIVE_DESIGN { 1 0 10303 214 1 1 1 1 }'));
ENDSEC;
DATA;
#1 = APPLICATION_PROTOCOL_DEFINITION('international standard',
  'automotive_design',2000,#2);
#2 = APPLICATION_CONTEXT(
  'core data for automotive mechanical design processes');
#3 = SHAPE_DEFINITION_REPRESENTATION(#4,#10);
#4 = PRODUCT_DEFINITION_SHAPE('','',#5);
#5 = PRODUCT_DEFINITION('design','',#6,#9);
#6 = PRODUCT_DEFINITION_FORMATION('','',#7);
#7 = PRODUCT('Open CASCADE STEP translator 7.9 3',
  'Open CASCADE STEP translator 7.9 3','',(#8));
#8 = PRODUCT_CONTEXT('',#2,'mechanical');
#9 = PRODUCT_DEFINITION_CONTEXT('part definition',#2,'design');
#10 = ADVANCED_BREP_SHAPE_REPRESENTATION('',(#11,#15),#3266);
#11 = AXIS2_PLACEMENT_3D('',#12,#13,#14);
#12 = CARTESIAN_POINT('',(0.,0.,0.));
#13 = DIRECTION('',(0.,0.,1.));
#14 = DIRECTION('',(1.,0.,-0.));
#15 = MANIFOLD_SOLID_BREP('',#16);
#16 = CLOSED_SHELL('',(#17,#137,#467,#634,#812,#1063,#1118,#1122,#1181,
    #1660,#1746,#2027,#2053,#2079,#2105,#2112,#2167,#2171,#2226,#2230,
    #2285,#2289,#2462,#2511,#2560,#2657,#2684,#2710,#2763,#2810,#2837,
    #2864,#2871,#2954,#3037,#3120,#3191,#3218,#3259));
#17 = ADVANCED_FACE('',(#18),#32,.F.);
#18 = FACE_BOUND('',#19,.T.);
#19 = EDGE_LOOP('',(#20,#55,#83,#111));
#20 = ORIENTED_EDGE('',*,*,#21,.F.);
#21 = EDGE_CURVE('',#22,#24,#26,.T.);
#22 = VERTEX_POINT('',#23);
#23 = CARTESIAN_POINT('',(-73.,-73.,0.));
#24 = VERTEX_POINT('',#25);
#25 = CARTESIAN_POINT('',(-73.,-73.,-6.));
#26 = SURFACE_CURVE('',#27,(#31,#43),.PCURVE_S1.);
#27 = LINE('',#28,#29);
#28 = CARTESIAN_POINT('',(-73.,-73.,0.));
#29 = VECTOR('',#30,1.);
#30 = DIRECTION('',(0.,-0.,-1.));
#31 = PCURVE('',#32,#37);
#32 = PLANE('',#33);
#33 = AXIS2_PLACEMENT_3D('',#34,#35,#36);
#34 = CARTESIAN_POINT('',(-73.,-73.,0.));
#35 = DIRECTION('',(1.,0.,-0.));
#36 = DIRECTION('',(0.,0.,1.));
#37 = DEFINITIONAL_REPRESENTATION('',(#38),#42);
#38 = LINE('',#39,#40);
#39 = CARTESIAN_POINT('',(-0.,-0.));
#40 = VECTOR('',#41,1.);
#41 = DIRECTION('',(-1.,0.));
#42 = ( GEOMETRIC_REPRESENTATION_CONTEXT(2) 
PARAMETRIC_REPRESENTATION_CONTEXT() REPRESENTATION_CONTEXT('2D SPACE',''
  ) );
#43 = PCURVE('',#44,#49);
#44 = PLANE('',#45);
#45 = AXIS2_PLACEMENT_3D('',#46,#47,#48);
#46 = CARTESIAN_POINT('',(-73.,-73.,0.));
#47 = DIRECTION('',(-0.,1.,0.));
#48 = DIRECTION('',(0.,0.,1.));
#49 = DEFINITIONAL_REPRESENTATION('',(#50),#54);
#50 = LINE('',#51,#52);
#51 = CARTESIAN_POINT('',(0.,-0.));
#52 = VECTOR('',#53,1.);
#53 = DIRECTION('',(-1.,0.));
#54 = ( GEOMETRIC_REPRESENTATION_CONTEXT(2) 
PARAMETRIC_REPRESENTATION_CONTEXT() REPRESENTATION_CONTEXT('2D SPACE',''
  ) );
#55 = ORIENTED_EDGE('',*,*,#56,.T.);
#56 = EDGE_CURVE('',#22,#57,#59,.T.);
#57 = VERTEX_POINT('',#58);
#58 = CARTESIAN_POINT('',(-73.,73.,0.));
#59 = SURFACE_CURVE('',#60,(#64,#71),.PCURVE_S1.);
#60 = LINE('',#61,#62);
#61 = CARTESIAN_POINT('',(-73.,-73.,0.));
#62 = VECTOR('',#63,1.);
#63 = DIRECTION('',(-0.,1.,0.));
#64 = PCURVE('',#32,#65);
#65 = DEFINITIONAL_REPRESENTATION('',(#66),#70);
#66 = LINE('',#67,#68);
#67 = CARTESIAN_POINT('',(-0.,-0.));
#68 = VECTOR('',#69,1.);
#69 = DIRECTION('',(-0.,-1.));
#70 = ( GEOMETRIC_REPRESENTATION_CONTEXT(2) 
PARAMETRIC_REPRESENTATION_CONTEXT() REPRESENTATION_CONTEXT('2D SPACE',''
  ) );
#71 = PCURVE('',#72,#77);
#72 = PLANE('',#73);
#73 = AXIS2_PLACEMENT_3D('',#74,#75,#76);
#74 = CARTESIAN_POINT('',(-73.,-73.,0.));
#75 = DIRECTION('',(0.,-0.,-1.));
#76 = DIRECTION('',(-1.,0.,0.));
#77 = DEFINITIONAL_REPRESENTATION('',(#78),#82);
#78 = LINE('',#79,#80);
#79 = CARTESIAN_POINT('',(-0.,0.));
#80 = VECTOR('',#81,1.);
#81 = DIRECTION('',(-0.,1.));
#82 = ( GEOMETRIC_REPRESENTATION_CONTEXT(2) 
PARAMETRIC_REPRESENTATION_CONTEXT() REPRESENTATION_CONTEXT('2D SPACE',''
  ) );
#83 = ORIENTED_EDGE('',*,*,#84,.T.);
#84 = EDGE_CURVE('',#57,#85,#87,.T.);
#85 = VERTEX_POINT('',#86);
#86 = CARTESIAN_POINT('',(-73.,73.,-6.));
#87 = SURFACE_CURVE('',#88,(#92,#99),.PCURVE_S1.);
#88 = LINE('',#89,#90);
#89 = CARTESIAN_POINT('',(-73.,73.,0.));
#90 = VECTOR('',#91,1.);
#91 = DIRECTION('',(0.,-0.,-1.));
#92 = PCURVE('',#32,#93);
#93 = DEFINITIONAL_REPRESENTATION('',(#94),#98);
#94 = LINE('',#95,#96);
#95 = CARTESIAN_POINT('',(-0.,-146.));
#96 = VECTOR('',#97,1.);
#97 = DIRECTION('',(-1.,0.));
#98 = ( GEOMETRIC_REPRESENTATION_CONTEXT(2) 
PARAMETRIC_REPRESENTATION_CONTEXT() REPRESENTATION_CONTEXT('2D SPACE',''
  ) );
#99 = PCURVE('',#100,#105);
#100 = PLANE('',#101);
#101 = AXIS2_PLACEMENT_3D('',#102,#103,#104);
#102 = CARTESIAN_POINT('',(-73.,73.,0.));
#103 = DIRECTION('',(-0.,1.,0.));
#104 = DIRECTION('',(0.,0.,1.));
#105 = DEFINITIONAL_REPRESENTATION('',(#106),#110);
#106 = LINE('',#107,#108);
#107 = CARTESIAN_POINT('',(0.,-0.));
#108 = VECTOR('',#109,1.);
#109 = DIRECTION('',(-1.,0.));
#110 = ( GEOMETRIC_REPRESENTATION_CONTEXT(2) 
PARAMETRIC_REPRESENTATION_CONTEXT() REPRESENTATION_CONTEXT('2D SPACE',''
  ) );
#111 = ORIENTED_EDGE('',*,*,#112,.F.);
#112 = EDGE_CURVE('',#24,#85,#113,.T.);
#113 = SURFACE_CURVE('',#114,(#118,#125),.PCURVE_S1.);
#114 = LINE('',#115,#116);
#115 = CARTESIAN_POINT('',(-73.,-73.,-6.));
#116 = VECTOR('',#117,1.);
#117 = DIRECTION('',(-0.,1.,0.));
#118 = PCURVE('',#32,#119);
#119 = DEFINITIONAL_REPRESENTATION('',(#120),#124);
#120 = LINE('',#121,#122);
#121 = CARTESIAN_POINT('',(-6.,0.));
#122 = VECTOR('',#123,1.);
#123 = DIRECTION('',(-0.,-1.));
#124 = ( GEOMETRIC_REPRESENTATION_CONTEXT(2) 
PARAMETRIC_REPRESENTATION_CONTEXT() REPRESENTATION_CONTEXT('2D SPACE',''
  ) );
#125 = PCURVE('',#126,#131);
#126 = PLANE('',#127);
#127 = AXIS2_PLACEMENT_3D('',#128,#129,#130);
#128 = CARTESIAN_POINT('',(-73.,-73.,-6.));
#129 = DIRECTION('',(0.,-0.,-1.));
#130 = DIRECTION('',(-1.,0.,0.));
#131 = DEFINITIONAL_REPRESENTATION('',(#132),#136);
#132 = LINE('',#133,#134);
#133 = CARTESIAN_POINT('',(-0.,0.));
#134 = VECTOR('',#135,1.);
#135 = DIRECTION('',(-0.,1.));
#136 = ( GEOMETRIC_REPRESENTATION_CONTEXT(2) 
PARAMETRIC_REPRESENTATION_CONTEXT() REPRESENTATION_CONTEXT('2D SPACE',''
  ) );
#137 = ADVANCED_FACE('',(#138,#213,#248,#283,#318,#432),#72,.F.);
#138 = FACE_BOUND('',#139,.T.);
#139 = EDGE_LOOP('',(#140,#141,#164,#192));
#140 = ORIENTED_EDGE('',*,*,#56,.F.);
#141 = ORIENTED_EDGE('',*,*,#142,.T.);
#142 = EDGE_CURVE('',#22,#143,#145,.T.);
#143 = VERTEX_POINT('',#144);
#144 = CARTESIAN_POINT('',(73.,-73.,0.));
#145 = SURFACE_CURVE('',#146,(#150,#157),.PCURVE_S1.);
#146 = LINE('',#147,#148);
#147 = CARTESIAN_POINT('',(-73.,-73.,0.));
#148 = VECTOR('',#149,1.);
#149 = DIRECTION('',(1.,0.,-0.));
#150 = PCURVE('',#72,#151);
#151 = DEFINITIONAL_REPRESENTATION('',(#152),#156);
#152 = LINE('',#153,#154);
#153 = CARTESIAN_POINT('',(-0.,0.));
#154 = VECTOR('',#155,1.);
#155 = DIRECTION('',(-1.,0.));
#156 = ( GEOMETRIC_REPRESENTATION_CONTEXT(2) 
PARAMETRIC_REPRESENTATION_CONTEXT() REPRESENTATION_CONTEXT('2D SPACE',''
  ) );
#157 = PCURVE('',#44,#158);
#158 = DEFINITIONAL_REPRESENTATION('',(#159),#163);
#159 = LINE('',#160,#161);
#160 = CARTESIAN_POINT('',(0.,-0.));
#161 = VECTOR('',#162,1.);
#162 = DIRECTION('',(-0.,1.));
#163 = ( GEOMETRIC_REPRESENTATION_CONTEXT(2) 
PARAMETRIC_REPRESENTATION_CONTEXT() REPRESENTATION_CONTEXT('2D SPACE',''
  ) );
#164 = ORIENTED_EDGE('',*,*,#165,.T.);
#165 = EDGE_CURVE('',#143,#166,#168,.T.);
#166 = VERTEX_POINT('',#167);
#167 = CARTESIAN_POINT('',(73.,73.,0.));
#168 = SURFACE_CURVE('',#169,(#173,#180),.PCURVE_S1.);
#169 = LINE('',#170,#171);
#170 = CARTESIAN_POINT('',(73.,-73.,0.));
#171 = VECTOR('',#172,1.);
#172 = DIRECTION('',(-0.,1.,0.));
#173 = PCURVE('',#72,#174);
#174 = DEFINITIONAL_REPRESENTATION('',(#175),#179);
#175 = LINE('',#176,#177);
#176 = CARTESIAN_POINT('',(-146.,0.));
#177 = VECTOR('',#178,1.);
#178 = DIRECTION('',(-0.,1.));
#179 = ( GEOMETRIC_REPRESENTATION_CONTEXT(2) 
PARAMETRIC_REPRESENTATION_CONTEXT() REPRESENTATION_CONTEXT('2D SPACE',''
  ) );
#180 = PCURVE('',#181,#186);
#181 = PLANE('',#182);
#182 = AXIS2_PLACEMENT_3D('',#183,#184,#185);
#183 = CARTESIAN_POINT('',(73.,-73.,0.));
#184 = DIRECTION('',(1.,0.,-0.));
#185 = DIRECTION('',(0.,0.,1.));
#186 = DEFINITIONAL_REPRESENTATION('',(#187),#191);
#187 = LINE('',#188,#189);
#188 = CARTESIAN_POINT('',(-0.,-0.));
#189 = VECTOR('',#190,1.);
#190 = DIRECTION('',(-0.,-1.));
#191 = ( GEOMETRIC_REPRESENTATION_CONTEXT(2) 
PARAMETRIC_REPRESENTATION_CONTEXT() REPRESENTATION_CONTEXT('2D SPACE',''
  ) );
#192 = ORIENTED_EDGE('',*,*,#193,.F.);
#193 = EDGE_CURVE('',#57,#166,#194,.T.);
#194 = SURFACE_CURVE('',#195,(#199,#206),.PCURVE_S1.);
#195 = LINE('',#196,#197);
#196 = CARTESIAN_POINT('',(-73.,73.,0.));
#197 = VECTOR('',#198,1.);
#198 = DIRECTION('',(1.,0.,-0.));
#199 = PCURVE('',#72,#200);
#200 = DEFINITIONAL_REPRESENTATION('',(#201),#205);
#201 = LINE('',#202,#203);
#202 = CARTESIAN_POINT('',(-0.,146.));
#203 = VECTOR('',#204,1.);
#204 = DIRECTION('',(-1.,0.));
#205 = ( GEOMETRIC_REPRESENTATION_CONTEXT(2) 
PARAMETRIC_REPRESENTATION_CONTEXT() REPRESENTATION_CONTEXT('2D SPACE',''
  ) );
#206 = PCURVE('',#100,#207);
#207 = DEFINITIONAL_REPRESENTATION('',(#208),#212);
#208 = LINE('',#209,#210);
#209 = CARTESIAN_POINT('',(0.,-0.));
#210 = VECTOR('',#211,1.);
#211 = DIRECTION('',(-0.,1.));
#212 = ( GEOMETRIC_REPRESENTATION_CONTEXT(2) 
PARAMETRIC_REPRESENTATION_CONTEXT() REPRESENTATION_CONTEXT('2D SPACE',''
  ) );
#213 = FACE_BOUND('',#214,.T.);
#214 = EDGE_LOOP('',(#215));
#215 = ORIENTED_EDGE('',*,*,#216,.F.);
#216 = EDGE_CURVE('',#217,#217,#219,.T.);
#217 = VERTEX_POINT('',#218);
#218 = CARTESIAN_POINT('',(-63.75,-66.,0.));
#219 = SURFACE_CURVE('',#220,(#225,#236),.PCURVE_S1.);
#220 = CIRCLE('',#221,2.25);
#221 = AXIS2_PLACEMENT_3D('',#222,#223,#224);
#222 = CARTESIAN_POINT('',(-66.,-66.,0.));
#223 = DIRECTION('',(0.,0.,1.));
#224 = DIRECTION('',(1.,-0.,-0.));
#225 = PCURVE('',#72,#226);
#226 = DEFINITIONAL_REPRESENTATION('',(#227),#235);
#227 = ( BOUNDED_CURVE() B_SPLINE_CURVE(2,(#228,#229,#230,#231,#232,#233
,#234),.UNSPECIFIED.,.T.,.F.) B_SPLINE_CURVE_WITH_KNOTS((1,2,2,2,2,1),(
    -2.094395102393,0.,2.094395102393,4.188790204786,6.28318530718,
8.377580409573),.UNSPECIFIED.) CURVE() GEOMETRIC_REPRESENTATION_ITEM() 
RATIONAL_B_SPLINE_CURVE((1.,0.5,1.,0.5,1.,0.5,1.)) REPRESENTATION_ITEM(
  '') );
#228 = CARTESIAN_POINT('',(-9.25,7.));
#229 = CARTESIAN_POINT('',(-9.25,10.89711431703));
#230 = CARTESIAN_POINT('',(-5.875,8.948557158515));
#231 = CARTESIAN_POINT('',(-2.5,7.));
#232 = CARTESIAN_POINT('',(-5.875,5.051442841485));
#233 = CARTESIAN_POINT('',(-9.25,3.10288568297));
#234 = CARTESIAN_POINT('',(-9.25,7.));
#235 = ( GEOMETRIC_REPRESENTATION_CONTEXT(2) 
PARAMETRIC_REPRESENTATION_CONTEXT() REPRESENTATION_CONTEXT('2D SPACE',''
  ) );
#236 = PCURVE('',#237,#242);
#237 = CYLINDRICAL_SURFACE('',#238,2.25);
#238 = AXIS2_PLACEMENT_3D('',#239,#240,#241);
#239 = CARTESIAN_POINT('',(-66.,-66.,0.));
#240 = DIRECTION('',(-0.,-0.,1.));
#241 = DIRECTION('',(1.,-0.,-0.));
#242 = DEFINITIONAL_REPRESENTATION('',(#243),#247);
#243 = LINE('',#244,#245);
#244 = CARTESIAN_POINT('',(0.,0.));
#245 = VECTOR('',#246,1.);
#246 = DIRECTION('',(1.,0.));
#247 = ( GEOMETRIC_REPRESENTATION_CONTEXT(2) 
PARAMETRIC_REPRESENTATION_CONTEXT() REPRESENTATION_CONTEXT('2D SPACE',''
  ) );
#248 = FACE_BOUND('',#249,.T.);
#249 = EDGE_LOOP('',(#250));
#250 = ORIENTED_EDGE('',*,*,#251,.F.);
#251 = EDGE_CURVE('',#252,#252,#254,.T.);
#252 = VERTEX_POINT('',#253);
#253 = CARTESIAN_POINT('',(68.25,-66.,0.));
#254 = SURFACE_CURVE('',#255,(#260,#271),.PCURVE_S1.);
#255 = CIRCLE('',#256,2.25);
#256 = AXIS2_PLACEMENT_3D('',#257,#258,#259);
#257 = CARTESIAN_POINT('',(66.,-66.,0.));
#258 = DIRECTION('',(0.,0.,1.));
#259 = DIRECTION('',(1.,-0.,-0.));
#260 = PCURVE('',#72,#261);
#261 = DEFINITIONAL_REPRESENTATION('',(#262),#270);
#262 = ( BOUNDED_CURVE() B_SPLINE_CURVE(2,(#263,#264,#265,#266,#267,#268
,#269),.UNSPECIFIED.,.T.,.F.) B_SPLINE_CURVE_WITH_KNOTS((1,2,2,2,2,1),(
    -2.094395102393,0.,2.094395102393,4.188790204786,6.28318530718,
8.377580409573),.UNSPECIFIED.) CURVE() GEOMETRIC_REPRESENTATION_ITEM() 
RATIONAL_B_SPLINE_CURVE((1.,0.5,1.,0.5,1.,0.5,1.)) REPRESENTATION_ITEM(
  '') );
#263 = CARTESIAN_POINT('',(-141.25,7.));
#264 = CARTESIAN_POINT('',(-141.25,10.89711431703));
#265 = CARTESIAN_POINT('',(-137.875,8.948557158515));
#266 = CARTESIAN_POINT('',(-134.5,7.));
#267 = CARTESIAN_POINT('',(-137.875,5.051442841485));
#268 = CARTESIAN_POINT('',(-141.25,3.10288568297));
#269 = CARTESIAN_POINT('',(-141.25,7.));
#270 = ( GEOMETRIC_REPRESENTATION_CONTEXT(2) 
PARAMETRIC_REPRESENTATION_CONTEXT() REPRESENTATION_CONTEXT('2D SPACE',''
  ) );
#271 = PCURVE('',#272,#277);
#272 = CYLINDRICAL_SURFACE('',#273,2.25);
#273 = AXIS2_PLACEMENT_3D('',#274,#275,#276);
#274 = CARTESIAN_POINT('',(66.,-66.,0.));
#275 = DIRECTION('',(-0.,-0.,1.));
#276 = DIRECTION('',(1.,-0.,-0.));
#277 = DEFINITIONAL_REPRESENTATION('',(#278),#282);
#278 = LINE('',#279,#280);
#279 = CARTESIAN_POINT('',(0.,0.));
#280 = VECTOR('',#281,1.);
#281 = DIRECTION('',(1.,0.));
#282 = ( GEOMETRIC_REPRESENTATION_CONTEXT(2) 
PARAMETRIC_REPRESENTATION_CONTEXT() REPRESENTATION_CONTEXT('2D SPACE',''
  ) );
#283 = FACE_BOUND('',#284,.T.);
#284 = EDGE_LOOP('',(#285));
#285 = ORIENTED_EDGE('',*,*,#286,.F.);
#286 = EDGE_CURVE('',#287,#287,#289,.T.);
#287 = VERTEX_POINT('',#288);
#288 = CARTESIAN_POINT('',(-63.75,66.,0.));
#289 = SURFACE_CURVE('',#290,(#295,#306),.PCURVE_S1.);
#290 = CIRCLE('',#291,2.25);
#291 = AXIS2_PLACEMENT_3D('',#292,#293,#294);
#292 = CARTESIAN_POINT('',(-66.,66.,0.));
#293 = DIRECTION('',(0.,0.,1.));
#294 = DIRECTION('',(1.,-0.,-0.));
#295 = PCURVE('',#72,#296);
#296 = DEFINITIONAL_REPRESENTATION('',(#297),#305);
#297 = ( BOUNDED_CURVE() B_SPLINE_CURVE(2,(#298,#299,#300,#301,#302,#303
,#304),.UNSPECIFIED.,.T.,.F.) B_SPLINE_CURVE_WITH_KNOTS((1,2,2,2,2,1),(
    -2.094395102393,0.,2.094395102393,4.188790204786,6.28318530718,
8.377580409573),.UNSPECIFIED.) CURVE() GEOMETRIC_REPRESENTATION_ITEM() 
RATIONAL_B_SPLINE_CURVE((1.,0.5,1.,0.5,1.,0.5,1.)) REPRESENTATION_ITEM(
  '') );
#298 = CARTESIAN_POINT('',(-9.25,139.));
#299 = CARTESIAN_POINT('',(-9.25,142.89711431703));
#300 = CARTESIAN_POINT('',(-5.875,140.94855715851));
#301 = CARTESIAN_POINT('',(-2.5,139.));
#302 = CARTESIAN_POINT('',(-5.875,137.05144284148));
#303 = CARTESIAN_POINT('',(-9.25,135.10288568297));
#304 = CARTESIAN_POINT('',(-9.25,139.));
#305 = ( GEOMETRIC_REPRESENTATION_CONTEXT(2) 
PARAMETRIC_REPRESENTATION_CONTEXT() REPRESENTATION_CONTEXT('2D SPACE',''
  ) );
#306 = PCURVE('',#307,#312);
#307 = CYLINDRICAL_SURFACE('',#308,2.25);
#308 = AXIS2_PLACEMENT_3D('',#309,#310,#311);
#309 = CARTESIAN_POINT('',(-66.,66.,0.));
#310 = DIRECTION('',(-0.,-0.,1.));
#311 = DIRECTION('',(1.,-0.,-0.));
#312 = DEFINITIONAL_REPRESENTATION('',(#313),#317);
#313 = LINE('',#314,#315);
#314 = CARTESIAN_POINT('',(0.,0.));
#315 = VECTOR('',#316,1.);
#316 = DIRECTION('',(1.,0.));
#317 = ( GEOMETRIC_REPRESENTATION_CONTEXT(2) 
PARAMETRIC_REPRESENTATION_CONTEXT() REPRESENTATION_CONTEXT('2D SPACE',''
  ) );
#318 = FACE_BOUND('',#319,.T.);
#319 = EDGE_LOOP('',(#320,#350,#378,#406));
#320 = ORIENTED_EDGE('',*,*,#321,.T.);
#321 = EDGE_CURVE('',#322,#324,#326,.T.);
#322 = VERTEX_POINT('',#323);
#323 = CARTESIAN_POINT('',(-56.8,-56.8,0.));
#324 = VERTEX_POINT('',#325);
#325 = CARTESIAN_POINT('',(-56.8,56.8,0.));
#326 = SURFACE_CURVE('',#327,(#331,#338),.PCURVE_S1.);
#327 = LINE('',#328,#329);
#328 = CARTESIAN_POINT('',(-56.8,-56.8,0.));
#329 = VECTOR('',#330,1.);
#330 = DIRECTION('',(-0.,1.,0.));
#331 = PCURVE('',#72,#332);
#332 = DEFINITIONAL_REPRESENTATION('',(#333),#337);
#333 = LINE('',#334,#335);
#334 = CARTESIAN_POINT('',(-16.2,16.2));
#335 = VECTOR('',#336,1.);
#336 = DIRECTION('',(-0.,1.));
#337 = ( GEOMETRIC_REPRESENTATION_CONTEXT(2) 
PARAMETRIC_REPRESENTATION_CONTEXT() REPRESENTATION_CONTEXT('2D SPACE',''
  ) );
#338 = PCURVE('',#339,#344);
#339 = PLANE('',#340);
#340 = AXIS2_PLACEMENT_3D('',#341,#342,#343);
#341 = CARTESIAN_POINT('',(-56.8,-56.8,0.));
#342 = DIRECTION('',(1.,0.,-0.));
#343 = DIRECTION('',(0.,0.,1.));
#344 = DEFINITIONAL_REPRESENTATION('',(#345),#349);
#345 = LINE('',#346,#347);
#346 = CARTESIAN_POINT('',(-0.,-0.));
#347 = VECTOR('',#348,1.);
#348 = DIRECTION('',(-0.,-1.));
#349 = ( GEOMETRIC_REPRESENTATION_CONTEXT(2) 
PARAMETRIC_REPRESENTATION_CONTEXT() REPRESENTATION_CONTEXT('2D SPACE',''
  ) );
#350 = ORIENTED_EDGE('',*,*,#351,.T.);
#351 = EDGE_CURVE('',#324,#352,#354,.T.);
#352 = VERTEX_POINT('',#353);
#353 = CARTESIAN_POINT('',(56.8,56.8,0.));
#354 = SURFACE_CURVE('',#355,(#359,#366),.PCURVE_S1.);
#355 = LINE('',#356,#357);
#356 = CARTESIAN_POINT('',(-56.8,56.8,0.));
#357 = VECTOR('',#358,1.);
#358 = DIRECTION('',(1.,0.,-0.));
#359 = PCURVE('',#72,#360);
#360 = DEFINITIONAL_REPRESENTATION('',(#361),#365);
#361 = LINE('',#362,#363);
#362 = CARTESIAN_POINT('',(-16.2,129.8));
#363 = VECTOR('',#364,1.);
#364 = DIRECTION('',(-1.,0.));
#365 = ( GEOMETRIC_REPRESENTATION_CONTEXT(2) 
PARAMETRIC_REPRESENTATION_CONTEXT() REPRESENTATION_CONTEXT('2D SPACE',''
  ) );
#366 = PCURVE('',#367,#372);
#367 = PLANE('',#368);
#368 = AXIS2_PLACEMENT_3D('',#369,#370,#371);
#369 = CARTESIAN_POINT('',(-56.8,56.8,0.));
#370 = DIRECTION('',(-0.,1.,0.));
#371 = DIRECTION('',(0.,0.,1.));
#372 = DEFINITIONAL_REPRESENTATION('',(#373),#377);
#373 = LINE('',#374,#375);
#374 = CARTESIAN_POINT('',(0.,-0.));
#375 = VECTOR('',#376,1.);
#376 = DIRECTION('',(-0.,1.));
#377 = ( GEOMETRIC_REPRESENTATION_CONTEXT(2) 
PARAMETRIC_REPRESENTATION_CONTEXT() REPRESENTATION_CONTEXT('2D SPACE',''
  ) );
#378 = ORIENTED_EDGE('',*,*,#379,.F.);
#379 = EDGE_CURVE('',#380,#352,#382,.T.);
#380 = VERTEX_POINT('',#381);
#381 = CARTESIAN_POINT('',(56.8,-56.8,0.));
#382 = SURFACE_CURVE('',#383,(#387,#394),.PCURVE_S1.);
#383 = LINE('',#384,#385);
#384 = CARTESIAN_POINT('',(56.8,-56.8,0.));
#385 = VECTOR('',#386,1.);
#386 = DIRECTION('',(-0.,1.,0.));
#387 = PCURVE('',#72,#388);
#388 = DEFINITIONAL_REPRESENTATION('',(#389),#393);
#389 = LINE('',#390,#391);
#390 = CARTESIAN_POINT('',(-129.8,16.2));
#391 = VECTOR('',#392,1.);
#392 = DIRECTION('',(-0.,1.));
#393 = ( GEOMETRIC_REPRESENTATION_CONTEXT(2) 
PARAMETRIC_REPRESENTATION_CONTEXT() REPRESENTATION_CONTEXT('2D SPACE',''
  ) );
#394 = PCURVE('',#395,#400);
#395 = PLANE('',#396);
#396 = AXIS2_PLACEMENT_3D('',#397,#398,#399);
#397 = CARTESIAN_POINT('',(56.8,-56.8,0.));
#398 = DIRECTION('',(1.,0.,-0.));
#399 = DIRECTION('',(0.,0.,1.));
#400 = DEFINITIONAL_REPRESENTATION('',(#401),#405);
#401 = LINE('',#402,#403);
#402 = CARTESIAN_POINT('',(-0.,-0.));
#403 = VECTOR('',#404,1.);
#404 = DIRECTION('',(-0.,-1.));
#405 = ( GEOMETRIC_REPRESENTATION_CONTEXT(2) 
PARAMETRIC_REPRESENTATION_CONTEXT() REPRESENTATION_CONTEXT('2D SPACE',''
  ) );
#406 = ORIENTED_EDGE('',*,*,#407,.F.);
#407 = EDGE_CURVE('',#322,#380,#408,.T.);
#408 = SURFACE_CURVE('',#409,(#413,#420),.PCURVE_S1.);
#409 = LINE('',#410,#411);
#410 = CARTESIAN_POINT('',(-56.8,-56.8,0.));
#411 = VECTOR('',#412,1.);
#412 = DIRECTION('',(1.,0.,-0.));
#413 = PCURVE('',#72,#414);
#414 = DEFINITIONAL_REPRESENTATION('',(#415),#419);
#415 = LINE('',#416,#417);
#416 = CARTESIAN_POINT('',(-16.2,16.2));
#417 = VECTOR('',#418,1.);
#418 = DIRECTION('',(-1.,0.));
#419 = ( GEOMETRIC_REPRESENTATION_CONTEXT(2) 
PARAMETRIC_REPRESENTATION_CONTEXT() REPRESENTATION_CONTEXT('2D SPACE',''
  ) );
#420 = PCURVE('',#421,#426);
#421 = PLANE('',#422);
#422 = AXIS2_PLACEMENT_3D('',#423,#424,#425);
#423 = CARTESIAN_POINT('',(-56.8,-56.8,0.));
#424 = DIRECTION('',(-0.,1.,0.));
#425 = DIRECTION('',(0.,0.,1.));
#426 = DEFINITIONAL_REPRESENTATION('',(#427),#431);
#427 = LINE('',#428,#429);
#428 = CARTESIAN_POINT('',(0.,-0.));
#429 = VECTOR('',#430,1.);
#430 = DIRECTION('',(-0.,1.));
#431 = ( GEOMETRIC_REPRESENTATION_CONTEXT(2) 
PARAMETRIC_REPRESENTATION_CONTEXT() REPRESENTATION_CONTEXT('2D SPACE',''
  ) );
#432 = FACE_BOUND('',#433,.T.);
#433 = EDGE_LOOP('',(#434));
#434 = ORIENTED_EDGE('',*,*,#435,.F.);
#435 = EDGE_CURVE('',#436,#436,#438,.T.);
#436 = VERTEX_POINT('',#437);
#437 = CARTESIAN_POINT('',(68.25,66.,0.));
#438 = SURFACE_CURVE('',#439,(#444,#455),.PCURVE_S1.);
#439 = CIRCLE('',#440,2.25);
#440 = AXIS2_PLACEMENT_3D('',#441,#442,#443);
#441 = CARTESIAN_POINT('',(66.,66.,0.));
#442 = DIRECTION('',(0.,0.,1.));
#443 = DIRECTION('',(1.,-0.,-0.));
#444 = PCURVE('',#72,#445);
#445 = DEFINITIONAL_REPRESENTATION('',(#446),#454);
#446 = ( BOUNDED_CURVE() B_SPLINE_CURVE(2,(#447,#448,#449,#450,#451,#452
,#453),.UNSPECIFIED.,.T.,.F.) B_SPLINE_CURVE_WITH_KNOTS((1,2,2,2,2,1),(
    -2.094395102393,0.,2.094395102393,4.188790204786,6.28318530718,
8.377580409573),.UNSPECIFIED.) CURVE() GEOMETRIC_REPRESENTATION_ITEM() 
RATIONAL_B_SPLINE_CURVE((1.,0.5,1.,0.5,1.,0.5,1.)) REPRESENTATION_ITEM(
  '') );
#447 = CARTESIAN_POINT('',(-141.25,139.));
#448 = CARTESIAN_POINT('',(-141.25,142.89711431703));
#449 = CARTESIAN_POINT('',(-137.875,140.94855715851));
#450 = CARTESIAN_POINT('',(-134.5,139.));
#451 = CARTESIAN_POINT('',(-137.875,137.05144284148));
#452 = CARTESIAN_POINT('',(-141.25,135.10288568297));
#453 = CARTESIAN_POINT('',(-141.25,139.));
#454 = ( GEOMETRIC_REPRESENTATION_CONTEXT(2) 
PARAMETRIC_REPRESENTATION_CONTEXT() REPRESENTATION_CONTEXT('2D SPACE',''
  ) );
#455 = PCURVE('',#456,#461);
#456 = CYLINDRICAL_SURFACE('',#457,2.25);
#457 = AXIS2_PLACEMENT_3D('',#458,#459,#460);
#458 = CARTESIAN_POINT('',(66.,66.,0.));
#459 = DIRECTION('',(-0.,-0.,1.));
#460 = DIRECTION('',(1.,-0.,-0.));
#461 = DEFINITIONAL_REPRESENTATION('',(#462),#466);
#462 = LINE('',#463,#464);
#463 = CARTESIAN_POINT('',(0.,0.));
#464 = VECTOR('',#465,1.);
#465 = DIRECTION('',(1.,0.));
#466 = ( GEOMETRIC_REPRESENTATION_CONTEXT(2) 
PARAMETRIC_REPRESENTATION_CONTEXT() REPRESENTATION_CONTEXT('2D SPACE',''
  ) );
#467 = ADVANCED_FACE('',(#468),#456,.F.);
#468 = FACE_BOUND('',#469,.F.);
#469 = EDGE_LOOP('',(#470,#471,#494,#522,#550,#579,#607,#633));
#470 = ORIENTED_EDGE('',*,*,#435,.F.);
#471 = ORIENTED_EDGE('',*,*,#472,.T.);
#472 = EDGE_CURVE('',#436,#473,#475,.T.);
#473 = VERTEX_POINT('',#474);
#474 = CARTESIAN_POINT('',(68.25,66.,-6.));
#475 = SEAM_CURVE('',#476,(#480,#487),.PCURVE_S1.);
#476 = LINE('',#477,#478);
#477 = CARTESIAN_POINT('',(68.25,66.,0.));
#478 = VECTOR('',#479,1.);
#479 = DIRECTION('',(-0.,-0.,-1.));
#480 = PCURVE('',#456,#481);
#481 = DEFINITIONAL_REPRESENTATION('',(#482),#486);
#482 = LINE('',#483,#484);
#483 = CARTESIAN_POINT('',(6.28318530718,0.));
#484 = VECTOR('',#485,1.);
#485 = DIRECTION('',(0.,-1.));
#486 = ( GEOMETRIC_REPRESENTATION_CONTEXT(2) 
PARAMETRIC_REPRESENTATION_CONTEXT() REPRESENTATION_CONTEXT('2D SPACE',''
  ) );
#487 = PCURVE('',#456,#488);
#488 = DEFINITIONAL_REPRESENTATION('',(#489),#493);
#489 = LINE('',#490,#491);
#490 = CARTESIAN_POINT('',(0.,0.));
#491 = VECTOR('',#492,1.);
#492 = DIRECTION('',(0.,-1.));
#493 = ( GEOMETRIC_REPRESENTATION_CONTEXT(2) 
PARAMETRIC_REPRESENTATION_CONTEXT() REPRESENTATION_CONTEXT('2D SPACE',''
  ) );
#494 = ORIENTED_EDGE('',*,*,#495,.T.);
#495 = EDGE_CURVE('',#473,#496,#498,.T.);
#496 = VERTEX_POINT('',#497);
#497 = CARTESIAN_POINT('',(64.096713368933,64.8,-6.));
#498 = SURFACE_CURVE('',#499,(#504,#511),.PCURVE_S1.);
#499 = CIRCLE('',#500,2.25);
#500 = AXIS2_PLACEMENT_3D('',#501,#502,#503);
#501 = CARTESIAN_POINT('',(66.,66.,-6.));
#502 = DIRECTION('',(0.,0.,1.));
#503 = DIRECTION('',(1.,-0.,-0.));
#504 = PCURVE('',#456,#505);
#505 = DEFINITIONAL_REPRESENTATION('',(#506),#510);
#506 = LINE('',#507,#508);
#507 = CARTESIAN_POINT('',(0.,-6.));
#508 = VECTOR('',#509,1.);
#509 = DIRECTION('',(1.,0.));
#510 = ( GEOMETRIC_REPRESENTATION_CONTEXT(2) 
PARAMETRIC_REPRESENTATION_CONTEXT() REPRESENTATION_CONTEXT('2D SPACE',''
  ) );
#511 = PCURVE('',#126,#512);
#512 = DEFINITIONAL_REPRESENTATION('',(#513),#521);
#513 = ( BOUNDED_CURVE() B_SPLINE_CURVE(2,(#514,#515,#516,#517,#518,#519
,#520),.UNSPECIFIED.,.T.,.F.) B_SPLINE_CURVE_WITH_KNOTS((1,2,2,2,2,1),(
    -2.094395102393,0.,2.094395102393,4.188790204786,6.28318530718,
8.377580409573),.UNSPECIFIED.) CURVE() GEOMETRIC_REPRESENTATION_ITEM() 
RATIONAL_B_SPLINE_CURVE((1.,0.5,1.,0.5,1.,0.5,1.)) REPRESENTATION_ITEM(
  '') );
#514 = CARTESIAN_POINT('',(-141.25,139.));
#515 = CARTESIAN_POINT('',(-141.25,142.89711431703));
#516 = CARTESIAN_POINT('',(-137.875,140.94855715851));
#517 = CARTESIAN_POINT('',(-134.5,139.));
#518 = CARTESIAN_POINT('',(-137.875,137.05144284148));
#519 = CARTESIAN_POINT('',(-141.25,135.10288568297));
#520 = CARTESIAN_POINT('',(-141.25,139.));
#521 = ( GEOMETRIC_REPRESENTATION_CONTEXT(2) 
PARAMETRIC_REPRESENTATION_CONTEXT() REPRESENTATION_CONTEXT('2D SPACE',''
  ) );
#522 = ORIENTED_EDGE('',*,*,#523,.T.);
#523 = EDGE_CURVE('',#496,#524,#526,.T.);
#524 = VERTEX_POINT('',#525);
#525 = CARTESIAN_POINT('',(64.096713368932,64.8,-5.8));
#526 = SURFACE_CURVE('',#527,(#531,#538),.PCURVE_S1.);
#527 = LINE('',#528,#529);
#528 = CARTESIAN_POINT('',(64.096713368933,64.8,0.));
#529 = VECTOR('',#530,1.);
#530 = DIRECTION('',(-0.,-0.,1.));
#531 = PCURVE('',#456,#532);
#532 = DEFINITIONAL_REPRESENTATION('',(#533),#537);
#533 = LINE('',#534,#535);
#534 = CARTESIAN_POINT('',(3.704128898134,0.));
#535 = VECTOR('',#536,1.);
#536 = DIRECTION('',(0.,1.));
#537 = ( GEOMETRIC_REPRESENTATION_CONTEXT(2) 
PARAMETRIC_REPRESENTATION_CONTEXT() REPRESENTATION_CONTEXT('2D SPACE',''
  ) );
#538 = PCURVE('',#539,#544);
#539 = PLANE('',#540);
#540 = AXIS2_PLACEMENT_3D('',#541,#542,#543);
#541 = CARTESIAN_POINT('',(-64.8,64.8,-5.8));
#542 = DIRECTION('',(-0.,1.,-0.));
#543 = DIRECTION('',(0.,0.,1.));
#544 = DEFINITIONAL_REPRESENTATION('',(#545),#549);
#545 = LINE('',#546,#547);
#546 = CARTESIAN_POINT('',(5.8,128.89671336893));
#547 = VECTOR('',#548,1.);
#548 = DIRECTION('',(1.,-0.));
#549 = ( GEOMETRIC_REPRESENTATION_CONTEXT(2) 
PARAMETRIC_REPRESENTATION_CONTEXT() REPRESENTATION_CONTEXT('2D SPACE',''
  ) );
#550 = ORIENTED_EDGE('',*,*,#551,.F.);
#551 = EDGE_CURVE('',#552,#524,#554,.T.);
#552 = VERTEX_POINT('',#553);
#553 = CARTESIAN_POINT('',(64.8,64.096713368932,-5.8));
#554 = SURFACE_CURVE('',#555,(#560,#567),.PCURVE_S1.);
#555 = CIRCLE('',#556,2.25);
#556 = AXIS2_PLACEMENT_3D('',#557,#558,#559);
#557 = CARTESIAN_POINT('',(66.,66.,-5.8));
#558 = DIRECTION('',(0.,0.,-1.));
#559 = DIRECTION('',(1.,-0.,-0.));
#560 = PCURVE('',#456,#561);
#561 = DEFINITIONAL_REPRESENTATION('',(#562),#566);
#562 = LINE('',#563,#564);
#563 = CARTESIAN_POINT('',(6.28318530718,-5.8));
#564 = VECTOR('',#565,1.);
#565 = DIRECTION('',(-1.,0.));
#566 = ( GEOMETRIC_REPRESENTATION_CONTEXT(2) 
PARAMETRIC_REPRESENTATION_CONTEXT() REPRESENTATION_CONTEXT('2D SPACE',''
  ) );
#567 = PCURVE('',#568,#573);
#568 = PLANE('',#569);
#569 = AXIS2_PLACEMENT_3D('',#570,#571,#572);
#570 = CARTESIAN_POINT('',(-64.8,-64.8,-5.8));
#571 = DIRECTION('',(0.,-0.,-1.));
#572 = DIRECTION('',(-1.,0.,0.));
#573 = DEFINITIONAL_REPRESENTATION('',(#574),#578);
#574 = CIRCLE('',#575,2.25);
#575 = AXIS2_PLACEMENT_2D('',#576,#577);
#576 = CARTESIAN_POINT('',(-130.8,130.8));
#577 = DIRECTION('',(-1.,0.));
#578 = ( GEOMETRIC_REPRESENTATION_CONTEXT(2) 
PARAMETRIC_REPRESENTATION_CONTEXT() REPRESENTATION_CONTEXT('2D SPACE',''
  ) );
#579 = ORIENTED_EDGE('',*,*,#580,.F.);
#580 = EDGE_CURVE('',#581,#552,#583,.T.);
#581 = VERTEX_POINT('',#582);
#582 = CARTESIAN_POINT('',(64.8,64.096713368933,-6.));
#583 = SURFACE_CURVE('',#584,(#588,#595),.PCURVE_S1.);
#584 = LINE('',#585,#586);
#585 = CARTESIAN_POINT('',(64.8,64.096713368933,0.));
#586 = VECTOR('',#587,1.);
#587 = DIRECTION('',(-0.,-0.,1.));
#588 = PCURVE('',#456,#589);
#589 = DEFINITIONAL_REPRESENTATION('',(#590),#594);
#590 = LINE('',#591,#592);
#591 = CARTESIAN_POINT('',(4.149852735841,0.));
#592 = VECTOR('',#593,1.);
#593 = DIRECTION('',(0.,1.));
#594 = ( GEOMETRIC_REPRESENTATION_CONTEXT(2) 
PARAMETRIC_REPRESENTATION_CONTEXT() REPRESENTATION_CONTEXT('2D SPACE',''
  ) );
#595 = PCURVE('',#596,#601);
#596 = PLANE('',#597);
#597 = AXIS2_PLACEMENT_3D('',#598,#599,#600);
#598 = CARTESIAN_POINT('',(64.8,-64.8,-5.8));
#599 = DIRECTION('',(1.,-0.,-0.));
#600 = DIRECTION('',(0.,0.,1.));
#601 = DEFINITIONAL_REPRESENTATION('',(#602),#606);
#602 = LINE('',#603,#604);
#603 = CARTESIAN_POINT('',(5.8,-128.8967133689));
#604 = VECTOR('',#605,1.);
#605 = DIRECTION('',(1.,-0.));
#606 = ( GEOMETRIC_REPRESENTATION_CONTEXT(2) 
PARAMETRIC_REPRESENTATION_CONTEXT() REPRESENTATION_CONTEXT('2D SPACE',''
  ) );
#607 = ORIENTED_EDGE('',*,*,#608,.T.);
#608 = EDGE_CURVE('',#581,#473,#609,.T.);
#609 = SURFACE_CURVE('',#610,(#615,#622),.PCURVE_S1.);
#610 = CIRCLE('',#611,2.25);
#611 = AXIS2_PLACEMENT_3D('',#612,#613,#614);
#612 = CARTESIAN_POINT('',(66.,66.,-6.));
#613 = DIRECTION('',(0.,0.,1.));
#614 = DIRECTION('',(1.,-0.,-0.));
#615 = PCURVE('',#456,#616);
#616 = DEFINITIONAL_REPRESENTATION('',(#617),#621);
#617 = LINE('',#618,#619);
#618 = CARTESIAN_POINT('',(0.,-6.));
#619 = VECTOR('',#620,1.);
#620 = DIRECTION('',(1.,0.));
#621 = ( GEOMETRIC_REPRESENTATION_CONTEXT(2) 
PARAMETRIC_REPRESENTATION_CONTEXT() REPRESENTATION_CONTEXT('2D SPACE',''
  ) );
#622 = PCURVE('',#126,#623);
#623 = DEFINITIONAL_REPRESENTATION('',(#624),#632);
#624 = ( BOUNDED_CURVE() B_SPLINE_CURVE(2,(#625,#626,#627,#628,#629,#630
,#631),.UNSPECIFIED.,.T.,.F.) B_SPLINE_CURVE_WITH_KNOTS((1,2,2,2,2,1),(
    -2.094395102393,0.,2.094395102393,4.188790204786,6.28318530718,
8.377580409573),.UNSPECIFIED.) CURVE() GEOMETRIC_REPRESENTATION_ITEM() 
RATIONAL_B_SPLINE_CURVE((1.,0.5,1.,0.5,1.,0.5,1.)) REPRESENTATION_ITEM(
  '') );
#625 = CARTESIAN_POINT('',(-141.25,139.));
#626 = CARTESIAN_POINT('',(-141.25,142.89711431703));
#627 = CARTESIAN_POINT('',(-137.875,140.94855715851));
#628 = CARTESIAN_POINT('',(-134.5,139.));
#629 = CARTESIAN_POINT('',(-137.875,137.05144284148));
#630 = CARTESIAN_POINT('',(-141.25,135.10288568297));
#631 = CARTESIAN_POINT('',(-141.25,139.));
#632 = ( GEOMETRIC_REPRESENTATION_CONTEXT(2) 
PARAMETRIC_REPRESENTATION_CONTEXT() REPRESENTATION_CONTEXT('2D SPACE',''
  ) );
#633 = ORIENTED_EDGE('',*,*,#472,.F.);
#634 = ADVANCED_FACE('',(#635),#539,.T.);
#635 = FACE_BOUND('',#636,.F.);
#636 = EDGE_LOOP('',(#637,#667,#695,#723,#746,#767,#768,#791));
#637 = ORIENTED_EDGE('',*,*,#638,.F.);
#638 = EDGE_CURVE('',#639,#641,#643,.T.);
#639 = VERTEX_POINT('',#640);
#640 = CARTESIAN_POINT('',(-64.8,64.8,-5.8));
#641 = VERTEX_POINT('',#642);
#642 = CARTESIAN_POINT('',(-64.09671336893,64.8,-5.8));
#643 = SURFACE_CURVE('',#644,(#648,#655),.PCURVE_S1.);
#644 = LINE('',#645,#646);
#645 = CARTESIAN_POINT('',(-64.8,64.8,-5.8));
#646 = VECTOR('',#647,1.);
#647 = DIRECTION('',(1.,0.,-0.));
#648 = PCURVE('',#539,#649);
#649 = DEFINITIONAL_REPRESENTATION('',(#650),#654);
#650 = LINE('',#651,#652);
#651 = CARTESIAN_POINT('',(0.,-0.));
#652 = VECTOR('',#653,1.);
#653 = DIRECTION('',(0.,1.));
#654 = ( GEOMETRIC_REPRESENTATION_CONTEXT(2) 
PARAMETRIC_REPRESENTATION_CONTEXT() REPRESENTATION_CONTEXT('2D SPACE',''
  ) );
#655 = PCURVE('',#656,#661);
#656 = PLANE('',#657);
#657 = AXIS2_PLACEMENT_3D('',#658,#659,#660);
#658 = CARTESIAN_POINT('',(-64.8,-64.8,-5.8));
#659 = DIRECTION('',(0.,-0.,-1.));
#660 = DIRECTION('',(-1.,0.,0.));
#661 = DEFINITIONAL_REPRESENTATION('',(#662),#666);
#662 = LINE('',#663,#664);
#663 = CARTESIAN_POINT('',(-0.,129.6));
#664 = VECTOR('',#665,1.);
#665 = DIRECTION('',(-1.,0.));
#666 = ( GEOMETRIC_REPRESENTATION_CONTEXT(2) 
PARAMETRIC_REPRESENTATION_CONTEXT() REPRESENTATION_CONTEXT('2D SPACE',''
  ) );
#667 = ORIENTED_EDGE('',*,*,#668,.T.);
#668 = EDGE_CURVE('',#639,#669,#671,.T.);
#669 = VERTEX_POINT('',#670);
#670 = CARTESIAN_POINT('',(-64.8,64.8,-55.));
#671 = SURFACE_CURVE('',#672,(#676,#683),.PCURVE_S1.);
#672 = LINE('',#673,#674);
#673 = CARTESIAN_POINT('',(-64.8,64.8,-5.8));
#674 = VECTOR('',#675,1.);
#675 = DIRECTION('',(-0.,-0.,-1.));
#676 = PCURVE('',#539,#677);
#677 = DEFINITIONAL_REPRESENTATION('',(#678),#682);
#678 = LINE('',#679,#680);
#679 = CARTESIAN_POINT('',(0.,-0.));
#680 = VECTOR('',#681,1.);
#681 = DIRECTION('',(-1.,0.));
#682 = ( GEOMETRIC_REPRESENTATION_CONTEXT(2) 
PARAMETRIC_REPRESENTATION_CONTEXT() REPRESENTATION_CONTEXT('2D SPACE',''
  ) );
#683 = PCURVE('',#684,#689);
#684 = PLANE('',#685);
#685 = AXIS2_PLACEMENT_3D('',#686,#687,#688);
#686 = CARTESIAN_POINT('',(-64.8,-64.8,-5.8));
#687 = DIRECTION('',(1.,-0.,-0.));
#688 = DIRECTION('',(0.,0.,1.));
#689 = DEFINITIONAL_REPRESENTATION('',(#690),#694);
#690 = LINE('',#691,#692);
#691 = CARTESIAN_POINT('',(-0.,-129.6));
#692 = VECTOR('',#693,1.);
#693 = DIRECTION('',(-1.,0.));
#694 = ( GEOMETRIC_REPRESENTATION_CONTEXT(2) 
PARAMETRIC_REPRESENTATION_CONTEXT() REPRESENTATION_CONTEXT('2D SPACE',''
  ) );
#695 = ORIENTED_EDGE('',*,*,#696,.T.);
#696 = EDGE_CURVE('',#669,#697,#699,.T.);
#697 = VERTEX_POINT('',#698);
#698 = CARTESIAN_POINT('',(64.8,64.8,-55.));
#699 = SURFACE_CURVE('',#700,(#704,#711),.PCURVE_S1.);
#700 = LINE('',#701,#702);
#701 = CARTESIAN_POINT('',(-64.8,64.8,-55.));
#702 = VECTOR('',#703,1.);
#703 = DIRECTION('',(1.,0.,-0.));
#704 = PCURVE('',#539,#705);
#705 = DEFINITIONAL_REPRESENTATION('',(#706),#710);
#706 = LINE('',#707,#708);
#707 = CARTESIAN_POINT('',(-49.2,0.));
#708 = VECTOR('',#709,1.);
#709 = DIRECTION('',(0.,1.));
#710 = ( GEOMETRIC_REPRESENTATION_CONTEXT(2) 
PARAMETRIC_REPRESENTATION_CONTEXT() REPRESENTATION_CONTEXT('2D SPACE',''
  ) );
#711 = PCURVE('',#712,#717);
#712 = PLANE('',#713);
#713 = AXIS2_PLACEMENT_3D('',#714,#715,#716);
#714 = CARTESIAN_POINT('',(-64.8,-64.8,-55.));
#715 = DIRECTION('',(0.,-0.,-1.));
#716 = DIRECTION('',(-1.,0.,0.));
#717 = DEFINITIONAL_REPRESENTATION('',(#718),#722);
#718 = LINE('',#719,#720);
#719 = CARTESIAN_POINT('',(-0.,129.6));
#720 = VECTOR('',#721,1.);
#721 = DIRECTION('',(-1.,0.));
#722 = ( GEOMETRIC_REPRESENTATION_CONTEXT(2) 
PARAMETRIC_REPRESENTATION_CONTEXT() REPRESENTATION_CONTEXT('2D SPACE',''
  ) );
#723 = ORIENTED_EDGE('',*,*,#724,.F.);
#724 = EDGE_CURVE('',#725,#697,#727,.T.);
#725 = VERTEX_POINT('',#726);
#726 = CARTESIAN_POINT('',(64.8,64.8,-5.8));
#727 = SURFACE_CURVE('',#728,(#732,#739),.PCURVE_S1.);
#728 = LINE('',#729,#730);
#729 = CARTESIAN_POINT('',(64.8,64.8,-5.8));
#730 = VECTOR('',#731,1.);
#731 = DIRECTION('',(-0.,-0.,-1.));
#732 = PCURVE('',#539,#733);
#733 = DEFINITIONAL_REPRESENTATION('',(#734),#738);
#734 = LINE('',#735,#736);
#735 = CARTESIAN_POINT('',(0.,129.6));
#736 = VECTOR('',#737,1.);
#737 = DIRECTION('',(-1.,0.));
#738 = ( GEOMETRIC_REPRESENTATION_CONTEXT(2) 
PARAMETRIC_REPRESENTATION_CONTEXT() REPRESENTATION_CONTEXT('2D SPACE',''
  ) );
#739 = PCURVE('',#596,#740);
#740 = DEFINITIONAL_REPRESENTATION('',(#741),#745);
#741 = LINE('',#742,#743);
#742 = CARTESIAN_POINT('',(-0.,-129.6));
#743 = VECTOR('',#744,1.);
#744 = DIRECTION('',(-1.,0.));
#745 = ( GEOMETRIC_REPRESENTATION_CONTEXT(2) 
PARAMETRIC_REPRESENTATION_CONTEXT() REPRESENTATION_CONTEXT('2D SPACE',''
  ) );
#746 = ORIENTED_EDGE('',*,*,#747,.F.);
#747 = EDGE_CURVE('',#524,#725,#748,.T.);
#748 = SURFACE_CURVE('',#749,(#753,#760),.PCURVE_S1.);
#749 = LINE('',#750,#751);
#750 = CARTESIAN_POINT('',(-64.8,64.8,-5.8));
#751 = VECTOR('',#752,1.);
#752 = DIRECTION('',(1.,0.,-0.));
#753 = PCURVE('',#539,#754);
#754 = DEFINITIONAL_REPRESENTATION('',(#755),#759);
#755 = LINE('',#756,#757);
#756 = CARTESIAN_POINT('',(0.,-0.));
#757 = VECTOR('',#758,1.);
#758 = DIRECTION('',(0.,1.));
#759 = ( GEOMETRIC_REPRESENTATION_CONTEXT(2) 
PARAMETRIC_REPRESENTATION_CONTEXT() REPRESENTATION_CONTEXT('2D SPACE',''
  ) );
#760 = PCURVE('',#568,#761);
#761 = DEFINITIONAL_REPRESENTATION('',(#762),#766);
#762 = LINE('',#763,#764);
#763 = CARTESIAN_POINT('',(-0.,129.6));
#764 = VECTOR('',#765,1.);
#765 = DIRECTION('',(-1.,0.));
#766 = ( GEOMETRIC_REPRESENTATION_CONTEXT(2) 
PARAMETRIC_REPRESENTATION_CONTEXT() REPRESENTATION_CONTEXT('2D SPACE',''
  ) );
#767 = ORIENTED_EDGE('',*,*,#523,.F.);
#768 = ORIENTED_EDGE('',*,*,#769,.T.);
#769 = EDGE_CURVE('',#496,#770,#772,.T.);
#770 = VERTEX_POINT('',#771);
#771 = CARTESIAN_POINT('',(-64.09671336893,64.8,-6.));
#772 = SURFACE_CURVE('',#773,(#777,#784),.PCURVE_S1.);
#773 = LINE('',#774,#775);
#774 = CARTESIAN_POINT('',(-68.9,64.8,-6.));
#775 = VECTOR('',#776,1.);
#776 = DIRECTION('',(-1.,-0.,-0.));
#777 = PCURVE('',#539,#778);
#778 = DEFINITIONAL_REPRESENTATION('',(#779),#783);
#779 = LINE('',#780,#781);
#780 = CARTESIAN_POINT('',(-0.2,-4.1));
#781 = VECTOR('',#782,1.);
#782 = DIRECTION('',(-0.,-1.));
#783 = ( GEOMETRIC_REPRESENTATION_CONTEXT(2) 
PARAMETRIC_REPRESENTATION_CONTEXT() REPRESENTATION_CONTEXT('2D SPACE',''
  ) );
#784 = PCURVE('',#126,#785);
#785 = DEFINITIONAL_REPRESENTATION('',(#786),#790);
#786 = LINE('',#787,#788);
#787 = CARTESIAN_POINT('',(-4.1,137.8));
#788 = VECTOR('',#789,1.);
#789 = DIRECTION('',(1.,-0.));
#790 = ( GEOMETRIC_REPRESENTATION_CONTEXT(2) 
PARAMETRIC_REPRESENTATION_CONTEXT() REPRESENTATION_CONTEXT('2D SPACE',''
  ) );
#791 = ORIENTED_EDGE('',*,*,#792,.T.);
#792 = EDGE_CURVE('',#770,#641,#793,.T.);
#793 = SURFACE_CURVE('',#794,(#798,#805),.PCURVE_S1.);
#794 = LINE('',#795,#796);
#795 = CARTESIAN_POINT('',(-64.09671336893,64.8,0.));
#796 = VECTOR('',#797,1.);
#797 = DIRECTION('',(-0.,-0.,1.));
#798 = PCURVE('',#539,#799);
#799 = DEFINITIONAL_REPRESENTATION('',(#800),#804);
#800 = LINE('',#801,#802);
#801 = CARTESIAN_POINT('',(5.8,0.703286631067));
#802 = VECTOR('',#803,1.);
#803 = DIRECTION('',(1.,-0.));
#804 = ( GEOMETRIC_REPRESENTATION_CONTEXT(2) 
PARAMETRIC_REPRESENTATION_CONTEXT() REPRESENTATION_CONTEXT('2D SPACE',''
  ) );
#805 = PCURVE('',#307,#806);
#806 = DEFINITIONAL_REPRESENTATION('',(#807),#811);
#807 = LINE('',#808,#809);
#808 = CARTESIAN_POINT('',(5.720649062636,0.));
#809 = VECTOR('',#810,1.);
#810 = DIRECTION('',(0.,1.));
#811 = ( GEOMETRIC_REPRESENTATION_CONTEXT(2) 
PARAMETRIC_REPRESENTATION_CONTEXT() REPRESENTATION_CONTEXT('2D SPACE',''
  ) );
#812 = ADVANCED_FACE('',(#813,#888,#923,#958,#993,#1028),#712,.T.);
#813 = FACE_BOUND('',#814,.F.);
#814 = EDGE_LOOP('',(#815,#838,#866,#887));
#815 = ORIENTED_EDGE('',*,*,#816,.F.);
#816 = EDGE_CURVE('',#817,#669,#819,.T.);
#817 = VERTEX_POINT('',#818);
#818 = CARTESIAN_POINT('',(-64.8,-64.8,-55.));
#819 = SURFACE_CURVE('',#820,(#824,#831),.PCURVE_S1.);
#820 = LINE('',#821,#822);
#821 = CARTESIAN_POINT('',(-64.8,-64.8,-55.));
#822 = VECTOR('',#823,1.);
#823 = DIRECTION('',(-0.,1.,0.));
#824 = PCURVE('',#712,#825);
#825 = DEFINITIONAL_REPRESENTATION('',(#826),#830);
#826 = LINE('',#827,#828);
#827 = CARTESIAN_POINT('',(-0.,0.));
#828 = VECTOR('',#829,1.);
#829 = DIRECTION('',(-0.,1.));
#830 = ( GEOMETRIC_REPRESENTATION_CONTEXT(2) 
PARAMETRIC_REPRESENTATION_CONTEXT() REPRESENTATION_CONTEXT('2D SPACE',''
  ) );
#831 = PCURVE('',#684,#832);
#832 = DEFINITIONAL_REPRESENTATION('',(#833),#837);
#833 = LINE('',#834,#835);
#834 = CARTESIAN_POINT('',(-49.2,0.));
#835 = VECTOR('',#836,1.);
#836 = DIRECTION('',(-0.,-1.));
#837 = ( GEOMETRIC_REPRESENTATION_CONTEXT(2) 
PARAMETRIC_REPRESENTATION_CONTEXT() REPRESENTATION_CONTEXT('2D SPACE',''
  ) );
#838 = ORIENTED_EDGE('',*,*,#839,.T.);
#839 = EDGE_CURVE('',#817,#840,#842,.T.);
#840 = VERTEX_POINT('',#841);
#841 = CARTESIAN_POINT('',(64.8,-64.8,-55.));
#842 = SURFACE_CURVE('',#843,(#847,#854),.PCURVE_S1.);
#843 = LINE('',#844,#845);
#844 = CARTESIAN_POINT('',(-64.8,-64.8,-55.));
#845 = VECTOR('',#846,1.);
#846 = DIRECTION('',(1.,0.,-0.));
#847 = PCURVE('',#712,#848);
#848 = DEFINITIONAL_REPRESENTATION('',(#849),#853);
#849 = LINE('',#850,#851);
#850 = CARTESIAN_POINT('',(-0.,0.));
#851 = VECTOR('',#852,1.);
#852 = DIRECTION('',(-1.,0.));
#853 = ( GEOMETRIC_REPRESENTATION_CONTEXT(2) 
PARAMETRIC_REPRESENTATION_CONTEXT() REPRESENTATION_CONTEXT('2D SPACE',''
  ) );
#854 = PCURVE('',#855,#860);
#855 = PLANE('',#856);
#856 = AXIS2_PLACEMENT_3D('',#857,#858,#859);
#857 = CARTESIAN_POINT('',(-64.8,-64.8,-5.8));
#858 = DIRECTION('',(-0.,1.,-0.));
#859 = DIRECTION('',(0.,0.,1.));
#860 = DEFINITIONAL_REPRESENTATION('',(#861),#865);
#861 = LINE('',#862,#863);
#862 = CARTESIAN_POINT('',(-49.2,0.));
#863 = VECTOR('',#864,1.);
#864 = DIRECTION('',(0.,1.));
#865 = ( GEOMETRIC_REPRESENTATION_CONTEXT(2) 
PARAMETRIC_REPRESENTATION_CONTEXT() REPRESENTATION_CONTEXT('2D SPACE',''
  ) );
#866 = ORIENTED_EDGE('',*,*,#867,.T.);
#867 = EDGE_CURVE('',#840,#697,#868,.T.);
#868 = SURFACE_CURVE('',#869,(#873,#880),.PCURVE_S1.);
#869 = LINE('',#870,#871);
#870 = CARTESIAN_POINT('',(64.8,-64.8,-55.));
#871 = VECTOR('',#872,1.);
#872 = DIRECTION('',(-0.,1.,0.));
#873 = PCURVE('',#712,#874);
#874 = DEFINITIONAL_REPRESENTATION('',(#875),#879);
#875 = LINE('',#876,#877);
#876 = CARTESIAN_POINT('',(-129.6,0.));
#877 = VECTOR('',#878,1.);
#878 = DIRECTION('',(-0.,1.));
#879 = ( GEOMETRIC_REPRESENTATION_CONTEXT(2) 
PARAMETRIC_REPRESENTATION_CONTEXT() REPRESENTATION_CONTEXT('2D SPACE',''
  ) );
#880 = PCURVE('',#596,#881);
#881 = DEFINITIONAL_REPRESENTATION('',(#882),#886);
#882 = LINE('',#883,#884);
#883 = CARTESIAN_POINT('',(-49.2,0.));
#884 = VECTOR('',#885,1.);
#885 = DIRECTION('',(-0.,-1.));
#886 = ( GEOMETRIC_REPRESENTATION_CONTEXT(2) 
PARAMETRIC_REPRESENTATION_CONTEXT() REPRESENTATION_CONTEXT('2D SPACE',''
  ) );
#887 = ORIENTED_EDGE('',*,*,#696,.F.);
#888 = FACE_BOUND('',#889,.F.);
#889 = EDGE_LOOP('',(#890));
#890 = ORIENTED_EDGE('',*,*,#891,.F.);
#891 = EDGE_CURVE('',#892,#892,#894,.T.);
#892 = VERTEX_POINT('',#893);
#893 = CARTESIAN_POINT('',(-50.25,-52.5,-55.));
#894 = SURFACE_CURVE('',#895,(#900,#911),.PCURVE_S1.);
#895 = CIRCLE('',#896,2.25);
#896 = AXIS2_PLACEMENT_3D('',#897,#898,#899);
#897 = CARTESIAN_POINT('',(-52.5,-52.5,-55.));
#898 = DIRECTION('',(0.,0.,1.));
#899 = DIRECTION('',(1.,-0.,-0.));
#900 = PCURVE('',#712,#901);
#901 = DEFINITIONAL_REPRESENTATION('',(#902),#910);
#902 = ( BOUNDED_CURVE() B_SPLINE_CURVE(2,(#903,#904,#905,#906,#907,#908
,#909),.UNSPECIFIED.,.T.,.F.) B_SPLINE_CURVE_WITH_KNOTS((1,2,2,2,2,1),(
    -2.094395102393,0.,2.094395102393,4.188790204786,6.28318530718,
8.377580409573),.UNSPECIFIED.) CURVE() GEOMETRIC_REPRESENTATION_ITEM() 
RATIONAL_B_SPLINE_CURVE((1.,0.5,1.,0.5,1.,0.5,1.)) REPRESENTATION_ITEM(
  '') );
#903 = CARTESIAN_POINT('',(-14.55,12.3));
#904 = CARTESIAN_POINT('',(-14.55,16.19711431703));
#905 = CARTESIAN_POINT('',(-11.175,14.248557158515));
#906 = CARTESIAN_POINT('',(-7.8,12.3));
#907 = CARTESIAN_POINT('',(-11.175,10.351442841485));
#908 = CARTESIAN_POINT('',(-14.55,8.40288568297));
#909 = CARTESIAN_POINT('',(-14.55,12.3));
#910 = ( GEOMETRIC_REPRESENTATION_CONTEXT(2) 
PARAMETRIC_REPRESENTATION_CONTEXT() REPRESENTATION_CONTEXT('2D SPACE',''
  ) );
#911 = PCURVE('',#912,#917);
#912 = CYLINDRICAL_SURFACE('',#913,2.25);
#913 = AXIS2_PLACEMENT_3D('',#914,#915,#916);
#914 = CARTESIAN_POINT('',(-52.5,-52.5,-51.));
#915 = DIRECTION('',(-0.,-0.,1.));
#916 = DIRECTION('',(1.,-0.,-0.));
#917 = DEFINITIONAL_REPRESENTATION('',(#918),#922);
#918 = LINE('',#919,#920);
#919 = CARTESIAN_POINT('',(0.,-4.));
#920 = VECTOR('',#921,1.);
#921 = DIRECTION('',(1.,0.));
#922 = ( GEOMETRIC_REPRESENTATION_CONTEXT(2) 
PARAMETRIC_REPRESENTATION_CONTEXT() REPRESENTATION_CONTEXT('2D SPACE',''
  ) );
#923 = FACE_BOUND('',#924,.F.);
#924 = EDGE_LOOP('',(#925));
#925 = ORIENTED_EDGE('',*,*,#926,.F.);
#926 = EDGE_CURVE('',#927,#927,#929,.T.);
#927 = VERTEX_POINT('',#928);
#928 = CARTESIAN_POINT('',(54.75,-52.5,-55.));
#929 = SURFACE_CURVE('',#930,(#935,#946),.PCURVE_S1.);
#930 = CIRCLE('',#931,2.25);
#931 = AXIS2_PLACEMENT_3D('',#932,#933,#934);
#932 = CARTESIAN_POINT('',(52.5,-52.5,-55.));
#933 = DIRECTION('',(0.,0.,1.));
#934 = DIRECTION('',(1.,-0.,-0.));
#935 = PCURVE('',#712,#936);
#936 = DEFINITIONAL_REPRESENTATION('',(#937),#945);
#937 = ( BOUNDED_CURVE() B_SPLINE_CURVE(2,(#938,#939,#940,#941,#942,#943
,#944),.UNSPECIFIED.,.T.,.F.) B_SPLINE_CURVE_WITH_KNOTS((1,2,2,2,2,1),(
    -2.094395102393,0.,2.094395102393,4.188790204786,6.28318530718,
8.377580409573),.UNSPECIFIED.) CURVE() GEOMETRIC_REPRESENTATION_ITEM() 
RATIONAL_B_SPLINE_CURVE((1.,0.5,1.,0.5,1.,0.5,1.)) REPRESENTATION_ITEM(
  '') );
#938 = CARTESIAN_POINT('',(-119.55,12.3));
#939 = CARTESIAN_POINT('',(-119.55,16.19711431703));
#940 = CARTESIAN_POINT('',(-116.175,14.248557158515));
#941 = CARTESIAN_POINT('',(-112.8,12.3));
#942 = CARTESIAN_POINT('',(-116.175,10.351442841485));
#943 = CARTESIAN_POINT('',(-119.55,8.40288568297));
#944 = CARTESIAN_POINT('',(-119.55,12.3));
#945 = ( GEOMETRIC_REPRESENTATION_CONTEXT(2) 
PARAMETRIC_REPRESENTATION_CONTEXT() REPRESENTATION_CONTEXT('2D SPACE',''
  ) );
#946 = PCURVE('',#947,#952);
#947 = CYLINDRICAL_SURFACE('',#948,2.25);
#948 = AXIS2_PLACEMENT_3D('',#949,#950,#951);
#949 = CARTESIAN_POINT('',(52.5,-52.5,-51.));
#950 = DIRECTION('',(-0.,-0.,1.));
#951 = DIRECTION('',(1.,-0.,-0.));
#952 = DEFINITIONAL_REPRESENTATION('',(#953),#957);
#953 = LINE('',#954,#955);
#954 = CARTESIAN_POINT('',(0.,-4.));
#955 = VECTOR('',#956,1.);
#956 = DIRECTION('',(1.,0.));
#957 = ( GEOMETRIC_REPRESENTATION_CONTEXT(2) 
PARAMETRIC_REPRESENTATION_CONTEXT() REPRESENTATION_CONTEXT('2D SPACE',''
  ) );
#958 = FACE_BOUND('',#959,.F.);
#959 = EDGE_LOOP('',(#960));
#960 = ORIENTED_EDGE('',*,*,#961,.F.);
#961 = EDGE_CURVE('',#962,#962,#964,.T.);
#962 = VERTEX_POINT('',#963);
#963 = CARTESIAN_POINT('',(-50.25,52.5,-55.));
#964 = SURFACE_CURVE('',#965,(#970,#981),.PCURVE_S1.);
#965 = CIRCLE('',#966,2.25);
#966 = AXIS2_PLACEMENT_3D('',#967,#968,#969);
#967 = CARTESIAN_POINT('',(-52.5,52.5,-55.));
#968 = DIRECTION('',(0.,0.,1.));
#969 = DIRECTION('',(1.,-0.,-0.));
#970 = PCURVE('',#712,#971);
#971 = DEFINITIONAL_REPRESENTATION('',(#972),#980);
#972 = ( BOUNDED_CURVE() B_SPLINE_CURVE(2,(#973,#974,#975,#976,#977,#978
,#979),.UNSPECIFIED.,.T.,.F.) B_SPLINE_CURVE_WITH_KNOTS((1,2,2,2,2,1),(
    -2.094395102393,0.,2.094395102393,4.188790204786,6.28318530718,
8.377580409573),.UNSPECIFIED.) CURVE() GEOMETRIC_REPRESENTATION_ITEM() 
RATIONAL_B_SPLINE_CURVE((1.,0.5,1.,0.5,1.,0.5,1.)) REPRESENTATION_ITEM(
  '') );
#973 = CARTESIAN_POINT('',(-14.55,117.3));
#974 = CARTESIAN_POINT('',(-14.55,121.19711431703));
#975 = CARTESIAN_POINT('',(-11.175,119.24855715851));
#976 = CARTESIAN_POINT('',(-7.8,117.3));
#977 = CARTESIAN_POINT('',(-11.175,115.35144284148));
#978 = CARTESIAN_POINT('',(-14.55,113.40288568297));
#979 = CARTESIAN_POINT('',(-14.55,117.3));
#980 = ( GEOMETRIC_REPRESENTATION_CONTEXT(2) 
PARAMETRIC_REPRESENTATION_CONTEXT() REPRESENTATION_CONTEXT('2D SPACE',''
  ) );
#981 = PCURVE('',#982,#987);
#982 = CYLINDRICAL_SURFACE('',#983,2.25);
#983 = AXIS2_PLACEMENT_3D('',#984,#985,#986);
#984 = CARTESIAN_POINT('',(-52.5,52.5,-51.));
#985 = DIRECTION('',(-0.,-0.,1.));
#986 = DIRECTION('',(1.,-0.,-0.));
#987 = DEFINITIONAL_REPRESENTATION('',(#988),#992);
#988 = LINE('',#989,#990);
#989 = CARTESIAN_POINT('',(0.,-4.));
#990 = VECTOR('',#991,1.);
#991 = DIRECTION('',(1.,0.));
#992 = ( GEOMETRIC_REPRESENTATION_CONTEXT(2) 
PARAMETRIC_REPRESENTATION_CONTEXT() REPRESENTATION_CONTEXT('2D SPACE',''
  ) );
#993 = FACE_BOUND('',#994,.F.);
#994 = EDGE_LOOP('',(#995));
#995 = ORIENTED_EDGE('',*,*,#996,.F.);
#996 = EDGE_CURVE('',#997,#997,#999,.T.);
#997 = VERTEX_POINT('',#998);
#998 = CARTESIAN_POINT('',(56.,0.,-55.));
#999 = SURFACE_CURVE('',#1000,(#1005,#1016),.PCURVE_S1.);
#1000 = CIRCLE('',#1001,56.);
#1001 = AXIS2_PLACEMENT_3D('',#1002,#1003,#1004);
#1002 = CARTESIAN_POINT('',(0.,0.,-55.));
#1003 = DIRECTION('',(0.,0.,1.));
#1004 = DIRECTION('',(1.,-0.,-0.));
#1005 = PCURVE('',#712,#1006);
#1006 = DEFINITIONAL_REPRESENTATION('',(#1007),#1015);
#1007 = ( BOUNDED_CURVE() B_SPLINE_CURVE(2,(#1008,#1009,#1010,#1011,
#1012,#1013,#1014),.UNSPECIFIED.,.T.,.F.) B_SPLINE_CURVE_WITH_KNOTS((1,2
    ,2,2,2,1),(-2.094395102393,0.,2.094395102393,4.188790204786,
6.28318530718,8.377580409573),.UNSPECIFIED.) CURVE() 
GEOMETRIC_REPRESENTATION_ITEM() RATIONAL_B_SPLINE_CURVE((1.,0.5,1.,0.5,
1.,0.5,1.)) REPRESENTATION_ITEM('') );
#1008 = CARTESIAN_POINT('',(-120.8,64.8));
#1009 = CARTESIAN_POINT('',(-120.8,161.79484522385));
#1010 = CARTESIAN_POINT('',(-36.8,113.29742261192));
#1011 = CARTESIAN_POINT('',(47.2,64.8));
#1012 = CARTESIAN_POINT('',(-36.8,16.302577388071));
#1013 = CARTESIAN_POINT('',(-120.8,-32.19484522385));
#1014 = CARTESIAN_POINT('',(-120.8,64.8));
#1015 = ( GEOMETRIC_REPRESENTATION_CONTEXT(2) 
PARAMETRIC_REPRESENTATION_CONTEXT() REPRESENTATION_CONTEXT('2D SPACE',''
  ) );
#1016 = PCURVE('',#1017,#1022);
#1017 = CYLINDRICAL_SURFACE('',#1018,56.);
#1018 = AXIS2_PLACEMENT_3D('',#1019,#1020,#1021);
#1019 = CARTESIAN_POINT('',(0.,0.,-51.));
#1020 = DIRECTION('',(-0.,-0.,1.));
#1021 = DIRECTION('',(1.,-0.,-0.));
#1022 = DEFINITIONAL_REPRESENTATION('',(#1023),#1027);
#1023 = LINE('',#1024,#1025);
#1024 = CARTESIAN_POINT('',(0.,-4.));
#1025 = VECTOR('',#1026,1.);
#1026 = DIRECTION('',(1.,0.));
#1027 = ( GEOMETRIC_REPRESENTATION_CONTEXT(2) 
PARAMETRIC_REPRESENTATION_CONTEXT() REPRESENTATION_CONTEXT('2D SPACE',''
  ) );
#1028 = FACE_BOUND('',#1029,.F.);
#1029 = EDGE_LOOP('',(#1030));
#1030 = ORIENTED_EDGE('',*,*,#1031,.F.);
#1031 = EDGE_CURVE('',#1032,#1032,#1034,.T.);
#1032 = VERTEX_POINT('',#1033);
#1033 = CARTESIAN_POINT('',(54.75,52.5,-55.));
#1034 = SURFACE_CURVE('',#1035,(#1040,#1051),.PCURVE_S1.);
#1035 = CIRCLE('',#1036,2.25);
#1036 = AXIS2_PLACEMENT_3D('',#1037,#1038,#1039);
#1037 = CARTESIAN_POINT('',(52.5,52.5,-55.));
#1038 = DIRECTION('',(0.,0.,1.));
#1039 = DIRECTION('',(1.,-0.,-0.));
#1040 = PCURVE('',#712,#1041);
#1041 = DEFINITIONAL_REPRESENTATION('',(#1042),#1050);
#1042 = ( BOUNDED_CURVE() B_SPLINE_CURVE(2,(#1043,#1044,#1045,#1046,
#1047,#1048,#1049),.UNSPECIFIED.,.T.,.F.) B_SPLINE_CURVE_WITH_KNOTS((1,2
    ,2,2,2,1),(-2.094395102393,0.,2.094395102393,4.188790204786,
6.28318530718,8.377580409573),.UNSPECIFIED.) CURVE() 
GEOMETRIC_REPRESENTATION_ITEM() RATIONAL_B_SPLINE_CURVE((1.,0.5,1.,0.5,
1.,0.5,1.)) REPRESENTATION_ITEM('') );
#1043 = CARTESIAN_POINT('',(-119.55,117.3));
#1044 = CARTESIAN_POINT('',(-119.55,121.19711431703));
#1045 = CARTESIAN_POINT('',(-116.175,119.24855715851));
#1046 = CARTESIAN_POINT('',(-112.8,117.3));
#1047 = CARTESIAN_POINT('',(-116.175,115.35144284148));
#1048 = CARTESIAN_POINT('',(-119.55,113.40288568297));
#1049 = CARTESIAN_POINT('',(-119.55,117.3));
#1050 = ( GEOMETRIC_REPRESENTATION_CONTEXT(2) 
PARAMETRIC_REPRESENTATION_CONTEXT() REPRESENTATION_CONTEXT('2D SPACE',''
  ) );
#1051 = PCURVE('',#1052,#1057);
#1052 = CYLINDRICAL_SURFACE('',#1053,2.25);
#1053 = AXIS2_PLACEMENT_3D('',#1054,#1055,#1056);
#1054 = CARTESIAN_POINT('',(52.5,52.5,-51.));
#1055 = DIRECTION('',(-0.,-0.,1.));
#1056 = DIRECTION('',(1.,-0.,-0.));
#1057 = DEFINITIONAL_REPRESENTATION('',(#1058),#1062);
#1058 = LINE('',#1059,#1060);
#1059 = CARTESIAN_POINT('',(0.,-4.));
#1060 = VECTOR('',#1061,1.);
#1061 = DIRECTION('',(1.,0.));
#1062 = ( GEOMETRIC_REPRESENTATION_CONTEXT(2) 
PARAMETRIC_REPRESENTATION_CONTEXT() REPRESENTATION_CONTEXT('2D SPACE',''
  ) );
#1063 = ADVANCED_FACE('',(#1064),#1052,.F.);
#1064 = FACE_BOUND('',#1065,.F.);
#1065 = EDGE_LOOP('',(#1066,#1095,#1116,#1117));
#1066 = ORIENTED_EDGE('',*,*,#1067,.T.);
#1067 = EDGE_CURVE('',#1068,#1068,#1070,.T.);
#1068 = VERTEX_POINT('',#1069);
#1069 = CARTESIAN_POINT('',(54.75,52.5,-51.2));
#1070 = SURFACE_CURVE('',#1071,(#1076,#1083),.PCURVE_S1.);
#1071 = CIRCLE('',#1072,2.25);
#1072 = AXIS2_PLACEMENT_3D('',#1073,#1074,#1075);
#1073 = CARTESIAN_POINT('',(52.5,52.5,-51.2));
#1074 = DIRECTION('',(0.,0.,-1.));
#1075 = DIRECTION('',(1.,-0.,-0.));
#1076 = PCURVE('',#1052,#1077);
#1077 = DEFINITIONAL_REPRESENTATION('',(#1078),#1082);
#1078 = LINE('',#1079,#1080);
#1079 = CARTESIAN_POINT('',(6.28318530718,-0.2));
#1080 = VECTOR('',#1081,1.);
#1081 = DIRECTION('',(-1.,0.));
#1082 = ( GEOMETRIC_REPRESENTATION_CONTEXT(2) 
PARAMETRIC_REPRESENTATION_CONTEXT() REPRESENTATION_CONTEXT('2D SPACE',''
  ) );
#1083 = PCURVE('',#1084,#1089);
#1084 = PLANE('',#1085);
#1085 = AXIS2_PLACEMENT_3D('',#1086,#1087,#1088);
#1086 = CARTESIAN_POINT('',(-64.8,-64.8,-51.2));
#1087 = DIRECTION('',(0.,-0.,-1.));
#1088 = DIRECTION('',(-1.,0.,0.));
#1089 = DEFINITIONAL_REPRESENTATION('',(#1090),#1094);
#1090 = CIRCLE('',#1091,2.25);
#1091 = AXIS2_PLACEMENT_2D('',#1092,#1093);
#1092 = CARTESIAN_POINT('',(-117.3,117.3));
#1093 = DIRECTION('',(-1.,0.));
#1094 = ( GEOMETRIC_REPRESENTATION_CONTEXT(2) 
PARAMETRIC_REPRESENTATION_CONTEXT() REPRESENTATION_CONTEXT('2D SPACE',''
  ) );
#1095 = ORIENTED_EDGE('',*,*,#1096,.T.);
#1096 = EDGE_CURVE('',#1068,#1032,#1097,.T.);
#1097 = SEAM_CURVE('',#1098,(#1102,#1109),.PCURVE_S1.);
#1098 = LINE('',#1099,#1100);
#1099 = CARTESIAN_POINT('',(54.75,52.5,-51.));
#1100 = VECTOR('',#1101,1.);
#1101 = DIRECTION('',(-0.,-0.,-1.));
#1102 = PCURVE('',#1052,#1103);
#1103 = DEFINITIONAL_REPRESENTATION('',(#1104),#1108);
#1104 = LINE('',#1105,#1106);
#1105 = CARTESIAN_POINT('',(6.28318530718,0.));
#1106 = VECTOR('',#1107,1.);
#1107 = DIRECTION('',(0.,-1.));
#1108 = ( GEOMETRIC_REPRESENTATION_CONTEXT(2) 
PARAMETRIC_REPRESENTATION_CONTEXT() REPRESENTATION_CONTEXT('2D SPACE',''
  ) );
#1109 = PCURVE('',#1052,#1110);
#1110 = DEFINITIONAL_REPRESENTATION('',(#1111),#1115);
#1111 = LINE('',#1112,#1113);
#1112 = CARTESIAN_POINT('',(0.,0.));
#1113 = VECTOR('',#1114,1.);
#1114 = DIRECTION('',(0.,-1.));
#1115 = ( GEOMETRIC_REPRESENTATION_CONTEXT(2) 
PARAMETRIC_REPRESENTATION_CONTEXT() REPRESENTATION_CONTEXT('2D SPACE',''
  ) );
#1116 = ORIENTED_EDGE('',*,*,#1031,.T.);
#1117 = ORIENTED_EDGE('',*,*,#1096,.F.);
#1118 = ADVANCED_FACE('',(#1119),#1084,.T.);
#1119 = FACE_BOUND('',#1120,.F.);
#1120 = EDGE_LOOP('',(#1121));
#1121 = ORIENTED_EDGE('',*,*,#1067,.F.);
#1122 = ADVANCED_FACE('',(#1123),#1017,.F.);
#1123 = FACE_BOUND('',#1124,.F.);
#1124 = EDGE_LOOP('',(#1125,#1126,#1149,#1180));
#1125 = ORIENTED_EDGE('',*,*,#996,.T.);
#1126 = ORIENTED_EDGE('',*,*,#1127,.T.);
#1127 = EDGE_CURVE('',#997,#1128,#1130,.T.);
#1128 = VERTEX_POINT('',#1129);
#1129 = CARTESIAN_POINT('',(56.,0.,-51.));
#1130 = SEAM_CURVE('',#1131,(#1135,#1142),.PCURVE_S1.);
#1131 = LINE('',#1132,#1133);
#1132 = CARTESIAN_POINT('',(56.,0.,-55.));
#1133 = VECTOR('',#1134,1.);
#1134 = DIRECTION('',(-0.,-0.,1.));
#1135 = PCURVE('',#1017,#1136);
#1136 = DEFINITIONAL_REPRESENTATION('',(#1137),#1141);
#1137 = LINE('',#1138,#1139);
#1138 = CARTESIAN_POINT('',(6.28318530718,-4.));
#1139 = VECTOR('',#1140,1.);
#1140 = DIRECTION('',(-0.,1.));
#1141 = ( GEOMETRIC_REPRESENTATION_CONTEXT(2) 
PARAMETRIC_REPRESENTATION_CONTEXT() REPRESENTATION_CONTEXT('2D SPACE',''
  ) );
#1142 = PCURVE('',#1017,#1143);
#1143 = DEFINITIONAL_REPRESENTATION('',(#1144),#1148);
#1144 = LINE('',#1145,#1146);
#1145 = CARTESIAN_POINT('',(0.,-4.));
#1146 = VECTOR('',#1147,1.);
#1147 = DIRECTION('',(-0.,1.));
#1148 = ( GEOMETRIC_REPRESENTATION_CONTEXT(2) 
PARAMETRIC_REPRESENTATION_CONTEXT() REPRESENTATION_CONTEXT('2D SPACE',''
  ) );
#1149 = ORIENTED_EDGE('',*,*,#1150,.F.);
#1150 = EDGE_CURVE('',#1128,#1128,#1151,.T.);
#1151 = SURFACE_CURVE('',#1152,(#1157,#1164),.PCURVE_S1.);
#1152 = CIRCLE('',#1153,56.);
#1153 = AXIS2_PLACEMENT_3D('',#1154,#1155,#1156);
#1154 = CARTESIAN_POINT('',(0.,0.,-51.));
#1155 = DIRECTION('',(0.,0.,1.));
#1156 = DIRECTION('',(1.,-0.,-0.));
#1157 = PCURVE('',#1017,#1158);
#1158 = DEFINITIONAL_REPRESENTATION('',(#1159),#1163);
#1159 = LINE('',#1160,#1161);
#1160 = CARTESIAN_POINT('',(0.,0.));
#1161 = VECTOR('',#1162,1.);
#1162 = DIRECTION('',(1.,0.));
#1163 = ( GEOMETRIC_REPRESENTATION_CONTEXT(2) 
PARAMETRIC_REPRESENTATION_CONTEXT() REPRESENTATION_CONTEXT('2D SPACE',''
  ) );
#1164 = PCURVE('',#1165,#1170);
#1165 = PLANE('',#1166);
#1166 = AXIS2_PLACEMENT_3D('',#1167,#1168,#1169);
#1167 = CARTESIAN_POINT('',(-64.8,-64.8,-51.));
#1168 = DIRECTION('',(0.,-0.,-1.));
#1169 = DIRECTION('',(-1.,0.,0.));
#1170 = DEFINITIONAL_REPRESENTATION('',(#1171),#1179);
#1171 = ( BOUNDED_CURVE() B_SPLINE_CURVE(2,(#1172,#1173,#1174,#1175,
#1176,#1177,#1178),.UNSPECIFIED.,.T.,.F.) B_SPLINE_CURVE_WITH_KNOTS((1,2
    ,2,2,2,1),(-2.094395102393,0.,2.094395102393,4.188790204786,
6.28318530718,8.377580409573),.UNSPECIFIED.) CURVE() 
GEOMETRIC_REPRESENTATION_ITEM() RATIONAL_B_SPLINE_CURVE((1.,0.5,1.,0.5,
1.,0.5,1.)) REPRESENTATION_ITEM('') );
#1172 = CARTESIAN_POINT('',(-120.8,64.8));
#1173 = CARTESIAN_POINT('',(-120.8,161.79484522385));
#1174 = CARTESIAN_POINT('',(-36.8,113.29742261192));
#1175 = CARTESIAN_POINT('',(47.2,64.8));
#1176 = CARTESIAN_POINT('',(-36.8,16.302577388071));
#1177 = CARTESIAN_POINT('',(-120.8,-32.19484522385));
#1178 = CARTESIAN_POINT('',(-120.8,64.8));
#1179 = ( GEOMETRIC_REPRESENTATION_CONTEXT(2) 
PARAMETRIC_REPRESENTATION_CONTEXT() REPRESENTATION_CONTEXT('2D SPACE',''
  ) );
#1180 = ORIENTED_EDGE('',*,*,#1127,.F.);
#1181 = ADVANCED_FACE('',(#1182,#1657),#1165,.F.);
#1182 = FACE_BOUND('',#1183,.T.);
#1183 = EDGE_LOOP('',(#1184,#1287,#1372,#1457,#1558));
#1184 = ORIENTED_EDGE('',*,*,#1185,.F.);
#1185 = EDGE_CURVE('',#1186,#1188,#1190,.T.);
#1186 = VERTEX_POINT('',#1187);
#1187 = CARTESIAN_POINT('',(39.691380716727,-39.69138071672,-51.));
#1188 = VERTEX_POINT('',#1189);
#1189 = CARTESIAN_POINT('',(-39.69138071672,-39.69138071672,-51.));
#1190 = SURFACE_CURVE('',#1191,(#1214,#1240),.PCURVE_S1.);
#1191 = B_SPLINE_CURVE_WITH_KNOTS('',6,(#1192,#1193,#1194,#1195,#1196,
    #1197,#1198,#1199,#1200,#1201,#1202,#1203,#1204,#1205,#1206,#1207,
    #1208,#1209,#1210,#1211,#1212,#1213),.UNSPECIFIED.,.F.,.F.,(7,5,5,5,
    7),(0.,0.250961419476,0.499999999751,0.750038608232,1.),
  .UNSPECIFIED.);
#1192 = CARTESIAN_POINT('',(39.691380716727,-39.69138071672,-51.));
#1193 = CARTESIAN_POINT('',(37.077750137192,-42.2825964481,-51.));
#1194 = CARTESIAN_POINT('',(34.259993087255,-44.66918600414,-51.));
#1195 = CARTESIAN_POINT('',(31.258420314877,-46.83098740189,-51.));
#1196 = CARTESIAN_POINT('',(28.095820748959,-48.750741594,-51.));
#1197 = CARTESIAN_POINT('',(24.796970430292,-50.41422474616,-51.));
#1198 = CARTESIAN_POINT('',(18.005773895242,-53.19633325889,-51.));
#1199 = CARTESIAN_POINT('',(14.514969497486,-54.31909065937,-51.));
#1200 = CARTESIAN_POINT('',(10.941722757462,-55.16830236142,-51.));
#1201 = CARTESIAN_POINT('',(7.313007100863,-55.73687112057,-51.));
#1202 = CARTESIAN_POINT('',(3.656467740763,-56.02114537026,-51.));
#1203 = CARTESIAN_POINT('',(-3.671150489384,-56.02114537026,-51.));
#1204 = CARTESIAN_POINT('',(-7.342374050777,-55.73458349695,-51.));
#1205 = CARTESIAN_POINT('',(-10.98543664463,-55.16143900165,-51.));
#1206 = CARTESIAN_POINT('',(-14.57235950625,-54.30542292332,-51.));
#1207 = CARTESIAN_POINT('',(-18.07584908838,-53.17374647359,-51.));
#1208 = CARTESIAN_POINT('',(-24.86267566248,-50.38104043575,-51.));
#1209 = CARTESIAN_POINT('',(-28.14621558715,-48.72011876731,-51.));
#1210 = CARTESIAN_POINT('',(-31.29429455259,-46.80513299276,-51.));
#1211 = CARTESIAN_POINT('',(-34.28244679671,-44.65016203418,-51.));
#1212 = CARTESIAN_POINT('',(-37.08816490014,-42.27227100356,-51.));
#1213 = CARTESIAN_POINT('',(-39.69138071672,-39.69138071672,-51.));
#1214 = PCURVE('',#1165,#1215);
#1215 = DEFINITIONAL_REPRESENTATION('',(#1216),#1239);
#1216 = B_SPLINE_CURVE_WITH_KNOTS('',6,(#1217,#1218,#1219,#1220,#1221,
    #1222,#1223,#1224,#1225,#1226,#1227,#1228,#1229,#1230,#1231,#1232,
    #1233,#1234,#1235,#1236,#1237,#1238),.UNSPECIFIED.,.F.,.F.,(7,5,5,5,
    7),(0.,0.250961419476,0.499999999751,0.750038608232,1.),
  .UNSPECIFIED.);
#1217 = CARTESIAN_POINT('',(-104.4913807167,25.108619283273));
#1218 = CARTESIAN_POINT('',(-101.8777501371,22.517403551896));
#1219 = CARTESIAN_POINT('',(-99.05999308725,20.130813995856));
#1220 = CARTESIAN_POINT('',(-96.05842031487,17.969012598109));
#1221 = CARTESIAN_POINT('',(-92.89582074895,16.049258405999));
#1222 = CARTESIAN_POINT('',(-89.59697043029,14.385775253836));
#1223 = CARTESIAN_POINT('',(-82.80577389524,11.603666741105));
#1224 = CARTESIAN_POINT('',(-79.31496949748,10.480909340625));
#1225 = CARTESIAN_POINT('',(-75.74172275746,9.631697638578));
#1226 = CARTESIAN_POINT('',(-72.11300710086,9.063128879427));
#1227 = CARTESIAN_POINT('',(-68.45646774076,8.77885462974));
#1228 = CARTESIAN_POINT('',(-61.12884951061,8.77885462974));
#1229 = CARTESIAN_POINT('',(-57.45762594922,9.065416503047));
#1230 = CARTESIAN_POINT('',(-53.81456335536,9.638560998341));
#1231 = CARTESIAN_POINT('',(-50.22764049374,10.49457707668));
#1232 = CARTESIAN_POINT('',(-46.72415091161,11.626253526406));
#1233 = CARTESIAN_POINT('',(-39.93732433751,14.418959564243));
#1234 = CARTESIAN_POINT('',(-36.65378441284,16.079881232681));
#1235 = CARTESIAN_POINT('',(-33.5057054474,17.994867007234));
#1236 = CARTESIAN_POINT('',(-30.51755320328,20.149837965817));
#1237 = CARTESIAN_POINT('',(-27.71183509986,22.527728996433));
#1238 = CARTESIAN_POINT('',(-25.10861928327,25.108619283273));
#1239 = ( GEOMETRIC_REPRESENTATION_CONTEXT(2) 
PARAMETRIC_REPRESENTATION_CONTEXT() REPRESENTATION_CONTEXT('2D SPACE',''
  ) );
#1240 = PCURVE('',#1241,#1262);
#1241 = B_SPLINE_SURFACE_WITH_KNOTS('',9,1,(
    (#1242,#1243)
    ,(#1244,#1245)
    ,(#1246,#1247)
    ,(#1248,#1249)
    ,(#1250,#1251)
    ,(#1252,#1253)
    ,(#1254,#1255)
    ,(#1256,#1257)
    ,(#1258,#1259)
    ,(#1260,#1261
    )),.UNSPECIFIED.,.F.,.F.,.F.,(10,10),(2,2),(0.,121.6),(0.,1.),
  .PIECEWISE_BEZIER_KNOTS.);
#1242 = CARTESIAN_POINT('',(-60.8,-60.8,-5.8));
#1243 = CARTESIAN_POINT('',(-39.59797974644,-39.59797974644,-51.2));
#1244 = CARTESIAN_POINT('',(-47.28888888888,-60.8,-5.8));
#1245 = CARTESIAN_POINT('',(-32.68682850931,-46.50913098358,-51.2));
#1246 = CARTESIAN_POINT('',(-33.77777777777,-60.8,-5.8));
#1247 = CARTESIAN_POINT('',(-24.41867591069,-52.0632810573,-51.2));
#1248 = CARTESIAN_POINT('',(-20.26666666666,-60.8,-5.8));
#1249 = CARTESIAN_POINT('',(-15.09803223496,-55.95591778447,-51.2));
#1250 = CARTESIAN_POINT('',(-6.755555555556,-60.8,-5.8));
#1251 = CARTESIAN_POINT('',(-5.109129120162,-57.96225895527,
    -51.19999999999));
#1252 = CARTESIAN_POINT('',(6.755555555556,-60.8,-5.8));
#1253 = CARTESIAN_POINT('',(5.109129120162,-57.96225895527,-51.2));
#1254 = CARTESIAN_POINT('',(20.266666666667,-60.8,-5.8));
#1255 = CARTESIAN_POINT('',(15.098032234966,-55.95591778448,
    -51.19999999999));
#1256 = CARTESIAN_POINT('',(33.777777777778,-60.8,-5.8));
#1257 = CARTESIAN_POINT('',(24.41867591069,-52.0632810573,-51.2));
#1258 = CARTESIAN_POINT('',(47.288888888889,-60.8,-5.8));
#1259 = CARTESIAN_POINT('',(32.686828509311,-46.50913098358,-51.2));
#1260 = CARTESIAN_POINT('',(60.8,-60.8,-5.8));
#1261 = CARTESIAN_POINT('',(39.597979746447,-39.59797974644,-51.2));
#1262 = DEFINITIONAL_REPRESENTATION('',(#1263),#1286);
#1263 = B_SPLINE_CURVE_WITH_KNOTS('',6,(#1264,#1265,#1266,#1267,#1268,
    #1269,#1270,#1271,#1272,#1273,#1274,#1275,#1276,#1277,#1278,#1279,
    #1280,#1281,#1282,#1283,#1284,#1285),.UNSPECIFIED.,.F.,.F.,(7,5,5,5,
    7),(0.,0.250961419476,0.499999999751,0.750038608232,1.),
  .UNSPECIFIED.);
#1264 = CARTESIAN_POINT('',(121.6,0.995594713656));
#1265 = CARTESIAN_POINT('',(116.51182946827,0.995594713656));
#1266 = CARTESIAN_POINT('',(111.42414834159,0.995594713656));
#1267 = CARTESIAN_POINT('',(106.33711961434,0.995594713656));
#1268 = CARTESIAN_POINT('',(101.25055639554,0.995594713656));
#1269 = CARTESIAN_POINT('',(96.164267787764,0.995594713656));
#1270 = CARTESIAN_POINT('',(86.031499580102,0.995594713656));
#1271 = CARTESIAN_POINT('',(80.984814735109,0.995594713656));
#1272 = CARTESIAN_POINT('',(75.938483475429,0.995594713656));
#1273 = CARTESIAN_POINT('',(70.892312522418,0.995594713656));
#1274 = CARTESIAN_POINT('',(65.846107254595,0.995594713656));
#1275 = CARTESIAN_POINT('',(55.733629822391,0.995594713656));
#1276 = CARTESIAN_POINT('',(50.667159650175,0.995594713656));
#1277 = CARTESIAN_POINT('',(45.600725140696,0.995594713656));
#1278 = CARTESIAN_POINT('',(40.534128389948,0.995594713656));
#1279 = CARTESIAN_POINT('',(35.467172858907,0.995594713656));
#1280 = CARTESIAN_POINT('',(25.334391981132,0.995594713656));
#1281 = CARTESIAN_POINT('',(20.268366494717,0.995594713656));
#1282 = CARTESIAN_POINT('',(15.202066316705,0.995594713656));
#1283 = CARTESIAN_POINT('',(10.135303798257,0.995594713656));
#1284 = CARTESIAN_POINT('',(5.067895252445,0.995594713656));
#1285 = CARTESIAN_POINT('',(0.,0.995594713656));
#1286 = ( GEOMETRIC_REPRESENTATION_CONTEXT(2) 
PARAMETRIC_REPRESENTATION_CONTEXT() REPRESENTATION_CONTEXT('2D SPACE',''
  ) );
#1287 = ORIENTED_EDGE('',*,*,#1288,.F.);
#1288 = EDGE_CURVE('',#1289,#1186,#1291,.T.);
#1289 = VERTEX_POINT('',#1290);
#1290 = CARTESIAN_POINT('',(56.021145374449,-1.411695038889E-14,-51.));
#1291 = SURFACE_CURVE('',#1292,(#1311,#1333),.PCURVE_S1.);
#1292 = B_SPLINE_CURVE_WITH_KNOTS('',5,(#1293,#1294,#1295,#1296,#1297,
    #1298,#1299,#1300,#1301,#1302,#1303,#1304,#1305,#1306,#1307,#1308,
    #1309,#1310),.UNSPECIFIED.,.F.,.F.,(6,4,4,4,6),(0.,0.250048530172,
    0.500077195783,0.750066891215,1.),.UNSPECIFIED.);
#1293 = CARTESIAN_POINT('',(56.021145374449,-1.42108547152E-14,-51.));
#1294 = CARTESIAN_POINT('',(56.021145374449,-2.202789054115,-51.));
#1295 = CARTESIAN_POINT('',(55.913674916958,-4.405581488056,-51.));
#1296 = CARTESIAN_POINT('',(55.698734125467,-6.601348428762,-51.));
#1297 = CARTESIAN_POINT('',(55.377008548573,-8.783083596138,-51.));
#1298 = CARTESIAN_POINT('',(54.522747947634,-13.10452550296,-51.));
#1299 = CARTESIAN_POINT('',(53.990228355306,-15.24424221727,-51.));
#1300 = CARTESIAN_POINT('',(53.353665276343,-17.3561455454,-51.));
#1301 = CARTESIAN_POINT('',(52.615089967637,-19.43349456728,-51.));
#1302 = CARTESIAN_POINT('',(50.939396234826,-23.50576090485,-51.));
#1303 = CARTESIAN_POINT('',(50.002306191525,-25.5006972953,-51.));
#1304 = CARTESIAN_POINT('',(48.968581818399,-27.44809577708,-51.));
#1305 = CARTESIAN_POINT('',(47.84152374648,-29.34173637647,-51.));
#1306 = CARTESIAN_POINT('',(45.408790517875,-33.0093627551,-51.));
#1307 = CARTESIAN_POINT('',(44.103152096166,-34.78338118787,-51.));
#1308 = CARTESIAN_POINT('',(42.711989027272,-36.49195443896,-51.));
#1309 = CARTESIAN_POINT('',(41.239747454561,-38.1296201094,-51.));
#1310 = CARTESIAN_POINT('',(39.691380716727,-39.69138071672,-51.));
#1311 = PCURVE('',#1165,#1312);
#1312 = DEFINITIONAL_REPRESENTATION('',(#1313),#1332);
#1313 = B_SPLINE_CURVE_WITH_KNOTS('',5,(#1314,#1315,#1316,#1317,#1318,
    #1319,#1320,#1321,#1322,#1323,#1324,#1325,#1326,#1327,#1328,#1329,
    #1330,#1331),.UNSPECIFIED.,.F.,.F.,(6,4,4,4,6),(0.,0.250048530172,
    0.500077195783,0.750066891215,1.),.UNSPECIFIED.);
#1314 = CARTESIAN_POINT('',(-120.8211453744,64.8));
#1315 = CARTESIAN_POINT('',(-120.8211453744,62.597210945885));
#1316 = CARTESIAN_POINT('',(-120.7136749169,60.394418511944));
#1317 = CARTESIAN_POINT('',(-120.4987341254,58.198651571238));
#1318 = CARTESIAN_POINT('',(-120.1770085485,56.016916403862));
#1319 = CARTESIAN_POINT('',(-119.3227479476,51.695474497038));
#1320 = CARTESIAN_POINT('',(-118.7902283553,49.555757782727));
#1321 = CARTESIAN_POINT('',(-118.1536652763,47.443854454594));
#1322 = CARTESIAN_POINT('',(-117.4150899676,45.366505432713));
#1323 = CARTESIAN_POINT('',(-115.7393962348,41.294239095147));
#1324 = CARTESIAN_POINT('',(-114.8023061915,39.299302704694));
#1325 = CARTESIAN_POINT('',(-113.7685818183,37.351904222917));
#1326 = CARTESIAN_POINT('',(-112.6415237464,35.458263623526));
#1327 = CARTESIAN_POINT('',(-110.2087905178,31.7906372449));
#1328 = CARTESIAN_POINT('',(-108.9031520961,30.016618812124));
#1329 = CARTESIAN_POINT('',(-107.5119890272,28.308045561038));
#1330 = CARTESIAN_POINT('',(-106.0397474545,26.670379890596));
#1331 = CARTESIAN_POINT('',(-104.4913807167,25.108619283273));
#1332 = ( GEOMETRIC_REPRESENTATION_CONTEXT(2) 
PARAMETRIC_REPRESENTATION_CONTEXT() REPRESENTATION_CONTEXT('2D SPACE',''
  ) );
#1333 = PCURVE('',#1334,#1351);
#1334 = B_SPLINE_SURFACE_WITH_KNOTS('',7,1,(
    (#1335,#1336)
    ,(#1337,#1338)
    ,(#1339,#1340)
    ,(#1341,#1342)
    ,(#1343,#1344)
    ,(#1345,#1346)
    ,(#1347,#1348)
    ,(#1349,#1350
    )),.UNSPECIFIED.,.F.,.F.,.F.,(8,8),(2,2),(0.,60.8),(0.,1.),
  .PIECEWISE_BEZIER_KNOTS.);
#1335 = CARTESIAN_POINT('',(60.8,-60.8,-5.8));
#1336 = CARTESIAN_POINT('',(39.597979746447,-39.59797974644,-51.2));
#1337 = CARTESIAN_POINT('',(60.8,-52.11428571428,-5.8));
#1338 = CARTESIAN_POINT('',(44.040862684605,-35.15509680828,-51.2));
#1339 = CARTESIAN_POINT('',(60.8,-43.42857142857,-5.8));
#1340 = CARTESIAN_POINT('',(47.902173272498,-30.13064170206,-51.2));
#1341 = CARTESIAN_POINT('',(60.8,-34.74285714285,-5.8));
#1342 = CARTESIAN_POINT('',(51.090560861995,-24.6159686969,
    -51.19999999999));
#1343 = CARTESIAN_POINT('',(60.8,-26.05714285714,-5.8));
#1344 = CARTESIAN_POINT('',(53.532600431196,-18.72036364908,-51.2));
#1345 = CARTESIAN_POINT('',(60.8,-17.37142857142,-5.8));
#1346 = CARTESIAN_POINT('',(55.177532623587,-12.56637048552,-51.2));
#1347 = CARTESIAN_POINT('',(60.8,-8.685714285714,-5.8));
#1348 = CARTESIAN_POINT('',(56.,-6.28318530718,-51.2));
#1349 = CARTESIAN_POINT('',(60.8,7.105427357601E-15,-5.8));
#1350 = CARTESIAN_POINT('',(56.,-1.42108547152E-14,-51.2));
#1351 = DEFINITIONAL_REPRESENTATION('',(#1352),#1371);
#1352 = B_SPLINE_CURVE_WITH_KNOTS('',5,(#1353,#1354,#1355,#1356,#1357,
    #1358,#1359,#1360,#1361,#1362,#1363,#1364,#1365,#1366,#1367,#1368,
    #1369,#1370),.UNSPECIFIED.,.F.,.F.,(6,4,4,4,6),(0.,0.250048530172,
    0.500077195783,0.750066891215,1.),.UNSPECIFIED.);
#1353 = CARTESIAN_POINT('',(60.8,0.995594713656));
#1354 = CARTESIAN_POINT('',(57.76004159916,0.995594713656));
#1355 = CARTESIAN_POINT('',(54.720078507494,0.995594713656));
#1356 = CARTESIAN_POINT('',(51.680103961693,0.995594713656));
#1357 = CARTESIAN_POINT('',(48.640079929814,0.995594713656));
#1358 = CARTESIAN_POINT('',(42.560161582725,0.995594713656));
#1359 = CARTESIAN_POINT('',(39.520257909291,0.995594713656));
#1360 = CARTESIAN_POINT('',(36.480282600805,0.995594713656));
#1361 = CARTESIAN_POINT('',(33.440198389555,0.995594713656));
#1362 = CARTESIAN_POINT('',(27.36027546441,0.995594713656));
#1363 = CARTESIAN_POINT('',(24.320427404416,0.995594713656));
#1364 = CARTESIAN_POINT('',(21.280450608816,0.995594713656));
#1365 = CARTESIAN_POINT('',(18.240309278874,0.995594713656));
#1366 = CARTESIAN_POINT('',(12.160378913125,0.995594713656));
#1367 = CARTESIAN_POINT('',(9.120580553759,0.995594713656));
#1368 = CARTESIAN_POINT('',(6.080601599698,0.995594713656));
#1369 = CARTESIAN_POINT('',(3.040408373703,0.995594713656));
#1370 = CARTESIAN_POINT('',(0.,0.995594713656));
#1371 = ( GEOMETRIC_REPRESENTATION_CONTEXT(2) 
PARAMETRIC_REPRESENTATION_CONTEXT() REPRESENTATION_CONTEXT('2D SPACE',''
  ) );
#1372 = ORIENTED_EDGE('',*,*,#1373,.F.);
#1373 = EDGE_CURVE('',#1374,#1289,#1376,.T.);
#1374 = VERTEX_POINT('',#1375);
#1375 = CARTESIAN_POINT('',(39.691380716727,39.691380716727,-51.));
#1376 = SURFACE_CURVE('',#1377,(#1396,#1418),.PCURVE_S1.);
#1377 = B_SPLINE_CURVE_WITH_KNOTS('',5,(#1378,#1379,#1380,#1381,#1382,
    #1383,#1384,#1385,#1386,#1387,#1388,#1389,#1390,#1391,#1392,#1393,
    #1394,#1395),.UNSPECIFIED.,.F.,.F.,(6,4,4,4,6),(0.,0.250932964577,
    0.500922852219,0.750951636111,1.),.UNSPECIFIED.);
#1378 = CARTESIAN_POINT('',(39.691380716727,39.691380716727,-51.));
#1379 = CARTESIAN_POINT('',(41.245941685744,38.123372296133,-51.));
#1380 = CARTESIAN_POINT('',(42.723767222591,36.4788502519,-51.));
#1381 = CARTESIAN_POINT('',(44.119844246902,34.762872340392,-51.));
#1382 = CARTESIAN_POINT('',(45.429675109276,32.980968658396,-51.));
#1383 = CARTESIAN_POINT('',(47.864406595667,29.304095519418,-51.));
#1384 = CARTESIAN_POINT('',(48.989987513826,27.409570459641,-51.));
#1385 = CARTESIAN_POINT('',(50.022192627609,25.461360708395,-51.));
#1386 = CARTESIAN_POINT('',(50.957726167295,23.465688810196,-51.));
#1387 = CARTESIAN_POINT('',(52.630242062653,19.392107650004,-51.));
#1388 = CARTESIAN_POINT('',(53.367196081373,17.314179359787,-51.));
#1389 = CARTESIAN_POINT('',(54.002110828012,15.201776736244,-51.));
#1390 = CARTESIAN_POINT('',(54.532960309305,13.061642279661,-51.));
#1391 = CARTESIAN_POINT('',(55.382145766398,8.748175438781,-51.));
#1392 = CARTESIAN_POINT('',(55.70130818985,6.57499957875,-51.));
#1393 = CARTESIAN_POINT('',(55.91453293886,4.387959598891,-51.));
#1394 = CARTESIAN_POINT('',(56.021145374449,2.193978143065,-51.));
#1395 = CARTESIAN_POINT('',(56.021145374449,0.,-51.));
#1396 = PCURVE('',#1165,#1397);
#1397 = DEFINITIONAL_REPRESENTATION('',(#1398),#1417);
#1398 = B_SPLINE_CURVE_WITH_KNOTS('',5,(#1399,#1400,#1401,#1402,#1403,
    #1404,#1405,#1406,#1407,#1408,#1409,#1410,#1411,#1412,#1413,#1414,
    #1415,#1416),.UNSPECIFIED.,.F.,.F.,(6,4,4,4,6),(0.,0.250932964577,
    0.500922852219,0.750951636111,1.),.UNSPECIFIED.);
#1399 = CARTESIAN_POINT('',(-104.4913807167,104.49138071672));
#1400 = CARTESIAN_POINT('',(-106.0459416857,102.92337229613));
#1401 = CARTESIAN_POINT('',(-107.5237672225,101.2788502519));
#1402 = CARTESIAN_POINT('',(-108.9198442469,99.562872340392));
#1403 = CARTESIAN_POINT('',(-110.2296751092,97.780968658396));
#1404 = CARTESIAN_POINT('',(-112.6644065956,94.104095519418));
#1405 = CARTESIAN_POINT('',(-113.7899875138,92.209570459641));
#1406 = CARTESIAN_POINT('',(-114.8221926276,90.261360708395));
#1407 = CARTESIAN_POINT('',(-115.7577261672,88.265688810196));
#1408 = CARTESIAN_POINT('',(-117.4302420626,84.192107650004));
#1409 = CARTESIAN_POINT('',(-118.1671960813,82.114179359787));
#1410 = CARTESIAN_POINT('',(-118.802110828,80.001776736244));
#1411 = CARTESIAN_POINT('',(-119.3329603093,77.861642279661));
#1412 = CARTESIAN_POINT('',(-120.1821457663,73.548175438781));
#1413 = CARTESIAN_POINT('',(-120.5013081898,71.37499957875));
#1414 = CARTESIAN_POINT('',(-120.7145329388,69.187959598891));
#1415 = CARTESIAN_POINT('',(-120.8211453744,66.993978143065));
#1416 = CARTESIAN_POINT('',(-120.8211453744,64.8));
#1417 = ( GEOMETRIC_REPRESENTATION_CONTEXT(2) 
PARAMETRIC_REPRESENTATION_CONTEXT() REPRESENTATION_CONTEXT('2D SPACE',''
  ) );
#1418 = PCURVE('',#1419,#1436);
#1419 = B_SPLINE_SURFACE_WITH_KNOTS('',7,1,(
    (#1420,#1421)
    ,(#1422,#1423)
    ,(#1424,#1425)
    ,(#1426,#1427)
    ,(#1428,#1429)
    ,(#1430,#1431)
    ,(#1432,#1433)
    ,(#1434,#1435
    )),.UNSPECIFIED.,.F.,.F.,.F.,(8,8),(2,2),(60.8,121.6),(0.,1.),
  .PIECEWISE_BEZIER_KNOTS.);
#1420 = CARTESIAN_POINT('',(60.8,7.105427357601E-15,-5.8));
#1421 = CARTESIAN_POINT('',(56.,0.,-51.2));
#1422 = CARTESIAN_POINT('',(60.8,8.685714285714,-5.8));
#1423 = CARTESIAN_POINT('',(56.,6.28318530718,-51.2));
#1424 = CARTESIAN_POINT('',(60.8,17.371428571429,-5.8));
#1425 = CARTESIAN_POINT('',(55.177532623587,12.566370485524,
    -51.19999999999));
#1426 = CARTESIAN_POINT('',(60.8,26.057142857143,-5.8));
#1427 = CARTESIAN_POINT('',(53.532600431196,18.720363649087,-51.2));
#1428 = CARTESIAN_POINT('',(60.8,34.742857142857,-5.8));
#1429 = CARTESIAN_POINT('',(51.090560861995,24.6159686969,
    -51.19999999999));
#1430 = CARTESIAN_POINT('',(60.8,43.428571428571,-5.8));
#1431 = CARTESIAN_POINT('',(47.902173272498,30.130641702064,-51.2));
#1432 = CARTESIAN_POINT('',(60.8,52.114285714286,-5.8));
#1433 = CARTESIAN_POINT('',(44.040862684605,35.155096808288,-51.2));
#1434 = CARTESIAN_POINT('',(60.8,60.8,-5.8));
#1435 = CARTESIAN_POINT('',(39.597979746447,39.597979746447,-51.2));
#1436 = DEFINITIONAL_REPRESENTATION('',(#1437),#1456);
#1437 = B_SPLINE_CURVE_WITH_KNOTS('',5,(#1438,#1439,#1440,#1441,#1442,
    #1443,#1444,#1445,#1446,#1447,#1448,#1449,#1450,#1451,#1452,#1453,
    #1454,#1455),.UNSPECIFIED.,.F.,.F.,(6,4,4,4,6),(0.,0.250932964577,
    0.500922852219,0.750951636111,1.),.UNSPECIFIED.);
#1438 = CARTESIAN_POINT('',(121.6,0.995594713656));
#1439 = CARTESIAN_POINT('',(118.54742849214,0.995594713656));
#1440 = CARTESIAN_POINT('',(115.49507380012,0.995594713656));
#1441 = CARTESIAN_POINT('',(112.44293514713,0.995594713656));
#1442 = CARTESIAN_POINT('',(109.39097830069,0.995594713656));
#1443 = CARTESIAN_POINT('',(103.29889114386,0.995594713656));
#1444 = CARTESIAN_POINT('',(100.25875003337,0.995594713656));
#1445 = CARTESIAN_POINT('',(97.218773245116,0.995594713656));
#1446 = CARTESIAN_POINT('',(94.178924973116,0.995594713656));
#1447 = CARTESIAN_POINT('',(88.099002072133,0.995594713656));
#1448 = CARTESIAN_POINT('',(85.058918096985,0.995594713656));
#1449 = CARTESIAN_POINT('',(82.018942792999,0.995594713656));
#1450 = CARTESIAN_POINT('',(78.979038888027,0.995594713656));
#1451 = CARTESIAN_POINT('',(72.911281014987,0.995594713656));
#1452 = CARTESIAN_POINT('',(69.883417299549,0.995594713656));
#1453 = CARTESIAN_POINT('',(66.855602409146,0.995594713656));
#1454 = CARTESIAN_POINT('',(63.827798905579,0.995594713656));
#1455 = CARTESIAN_POINT('',(60.8,0.995594713656));
#1456 = ( GEOMETRIC_REPRESENTATION_CONTEXT(2) 
PARAMETRIC_REPRESENTATION_CONTEXT() REPRESENTATION_CONTEXT('2D SPACE',''
  ) );
#1457 = ORIENTED_EDGE('',*,*,#1458,.F.);
#1458 = EDGE_CURVE('',#1459,#1374,#1461,.T.);
#1459 = VERTEX_POINT('',#1460);
#1460 = CARTESIAN_POINT('',(-39.69138071672,39.691380716727,-51.));
#1461 = SURFACE_CURVE('',#1462,(#1485,#1511),.PCURVE_S1.);
#1462 = B_SPLINE_CURVE_WITH_KNOTS('',6,(#1463,#1464,#1465,#1466,#1467,
    #1468,#1469,#1470,#1471,#1472,#1473,#1474,#1475,#1476,#1477,#1478,
    #1479,#1480,#1481,#1482,#1483,#1484),.UNSPECIFIED.,.F.,.F.,(7,5,5,5,
    7),(0.,0.250961419476,0.499999999751,0.750038608231,1.),
  .UNSPECIFIED.);
#1463 = CARTESIAN_POINT('',(-39.69138071672,39.691380716727,-51.));
#1464 = CARTESIAN_POINT('',(-37.07775013718,42.282596448107,-51.));
#1465 = CARTESIAN_POINT('',(-34.25999308726,44.669186004138,-51.));
#1466 = CARTESIAN_POINT('',(-31.25842031486,46.830987401898,-51.));
#1467 = CARTESIAN_POINT('',(-28.09582074896,48.750741593998,-51.));
#1468 = CARTESIAN_POINT('',(-24.79697043029,50.414224746165,-51.));
#1469 = CARTESIAN_POINT('',(-18.00577389523,53.196333258896,-51.));
#1470 = CARTESIAN_POINT('',(-14.51496949749,54.319090659372,-51.));
#1471 = CARTESIAN_POINT('',(-10.94172275745,55.168302361425,-51.));
#1472 = CARTESIAN_POINT('',(-7.313007100868,55.736871120572,-51.));
#1473 = CARTESIAN_POINT('',(-3.656467740763,56.02114537026,-51.));
#1474 = CARTESIAN_POINT('',(3.671150489387,56.02114537026,-51.));
#1475 = CARTESIAN_POINT('',(7.342374050765,55.734583496954,-51.));
#1476 = CARTESIAN_POINT('',(10.985436644659,55.161439001656,-51.));
#1477 = CARTESIAN_POINT('',(14.572359506243,54.305422923323,-51.));
#1478 = CARTESIAN_POINT('',(18.075849088393,53.173746473593,-51.));
#1479 = CARTESIAN_POINT('',(24.862675662484,50.381040435757,-51.));
#1480 = CARTESIAN_POINT('',(28.146215587148,48.720118767321,-51.));
#1481 = CARTESIAN_POINT('',(31.294294552606,46.805132992763,-51.));
#1482 = CARTESIAN_POINT('',(34.28244679671,44.650162034186,-51.));
#1483 = CARTESIAN_POINT('',(37.088164900141,42.272271003565,-51.));
#1484 = CARTESIAN_POINT('',(39.691380716727,39.691380716727,-51.));
#1485 = PCURVE('',#1165,#1486);
#1486 = DEFINITIONAL_REPRESENTATION('',(#1487),#1510);
#1487 = B_SPLINE_CURVE_WITH_KNOTS('',6,(#1488,#1489,#1490,#1491,#1492,
    #1493,#1494,#1495,#1496,#1497,#1498,#1499,#1500,#1501,#1502,#1503,
    #1504,#1505,#1506,#1507,#1508,#1509),.UNSPECIFIED.,.F.,.F.,(7,5,5,5,
    7),(0.,0.250961419476,0.499999999751,0.750038608231,1.),
  .UNSPECIFIED.);
#1488 = CARTESIAN_POINT('',(-25.10861928327,104.49138071672));
#1489 = CARTESIAN_POINT('',(-27.72224986281,107.0825964481));
#1490 = CARTESIAN_POINT('',(-30.54000691273,109.46918600413));
#1491 = CARTESIAN_POINT('',(-33.54157968513,111.63098740189));
#1492 = CARTESIAN_POINT('',(-36.70417925103,113.55074159399));
#1493 = CARTESIAN_POINT('',(-40.00302956971,115.21422474616));
#1494 = CARTESIAN_POINT('',(-46.79422610476,117.99633325889));
#1495 = CARTESIAN_POINT('',(-50.2850305025,119.11909065937));
#1496 = CARTESIAN_POINT('',(-53.85827724254,119.96830236142));
#1497 = CARTESIAN_POINT('',(-57.48699289913,120.53687112057));
#1498 = CARTESIAN_POINT('',(-61.14353225923,120.82114537026));
#1499 = CARTESIAN_POINT('',(-68.47115048938,120.82114537026));
#1500 = CARTESIAN_POINT('',(-72.14237405076,120.53458349695));
#1501 = CARTESIAN_POINT('',(-75.78543664465,119.96143900165));
#1502 = CARTESIAN_POINT('',(-79.37235950624,119.10542292332));
#1503 = CARTESIAN_POINT('',(-82.87584908839,117.97374647359));
#1504 = CARTESIAN_POINT('',(-89.66267566248,115.18104043575));
#1505 = CARTESIAN_POINT('',(-92.94621558714,113.52011876732));
#1506 = CARTESIAN_POINT('',(-96.0942945526,111.60513299276));
#1507 = CARTESIAN_POINT('',(-99.08244679671,109.45016203418));
#1508 = CARTESIAN_POINT('',(-101.8881649001,107.07227100356));
#1509 = CARTESIAN_POINT('',(-104.4913807167,104.49138071672));
#1510 = ( GEOMETRIC_REPRESENTATION_CONTEXT(2) 
PARAMETRIC_REPRESENTATION_CONTEXT() REPRESENTATION_CONTEXT('2D SPACE',''
  ) );
#1511 = PCURVE('',#1512,#1533);
#1512 = B_SPLINE_SURFACE_WITH_KNOTS('',9,1,(
    (#1513,#1514)
    ,(#1515,#1516)
    ,(#1517,#1518)
    ,(#1519,#1520)
    ,(#1521,#1522)
    ,(#1523,#1524)
    ,(#1525,#1526)
    ,(#1527,#1528)
    ,(#1529,#1530)
    ,(#1531,#1532
    )),.UNSPECIFIED.,.F.,.F.,.F.,(10,10),(2,2),(0.,121.6),(0.,1.),
  .PIECEWISE_BEZIER_KNOTS.);
#1513 = CARTESIAN_POINT('',(60.8,60.8,-5.8));
#1514 = CARTESIAN_POINT('',(39.597979746447,39.597979746447,-51.2));
#1515 = CARTESIAN_POINT('',(47.288888888889,60.8,-5.8));
#1516 = CARTESIAN_POINT('',(32.686828509311,46.509130983581,
    -51.19999999999));
#1517 = CARTESIAN_POINT('',(33.777777777778,60.8,-5.8));
#1518 = CARTESIAN_POINT('',(24.418675910691,52.063281057311,-51.2));
#1519 = CARTESIAN_POINT('',(20.266666666667,60.8,-5.8));
#1520 = CARTESIAN_POINT('',(15.098032234964,55.955917784476,
    -51.19999999999));
#1521 = CARTESIAN_POINT('',(6.755555555556,60.8,-5.8));
#1522 = CARTESIAN_POINT('',(5.109129120164,57.962258955281,-51.2));
#1523 = CARTESIAN_POINT('',(-6.755555555556,60.8,-5.8));
#1524 = CARTESIAN_POINT('',(-5.109129120164,57.962258955272,
    -51.19999999999));
#1525 = CARTESIAN_POINT('',(-20.26666666666,60.8,-5.8));
#1526 = CARTESIAN_POINT('',(-15.09803223496,55.955917784482,-51.2));
#1527 = CARTESIAN_POINT('',(-33.77777777777,60.8,-5.8));
#1528 = CARTESIAN_POINT('',(-24.41867591069,52.063281057307,
    -51.19999999999));
#1529 = CARTESIAN_POINT('',(-47.28888888888,60.8,-5.8));
#1530 = CARTESIAN_POINT('',(-32.68682850931,46.509130983582,-51.2));
#1531 = CARTESIAN_POINT('',(-60.8,60.8,-5.8));
#1532 = CARTESIAN_POINT('',(-39.59797974644,39.597979746447,-51.2));
#1533 = DEFINITIONAL_REPRESENTATION('',(#1534),#1557);
#1534 = B_SPLINE_CURVE_WITH_KNOTS('',6,(#1535,#1536,#1537,#1538,#1539,
    #1540,#1541,#1542,#1543,#1544,#1545,#1546,#1547,#1548,#1549,#1550,
    #1551,#1552,#1553,#1554,#1555,#1556),.UNSPECIFIED.,.F.,.F.,(7,5,5,5,
    7),(0.,0.250961419476,0.499999999751,0.750038608231,1.),
  .UNSPECIFIED.);
#1535 = CARTESIAN_POINT('',(121.6,0.995594713656));
#1536 = CARTESIAN_POINT('',(116.51182946827,0.995594713656));
#1537 = CARTESIAN_POINT('',(111.42414834161,0.995594713656));
#1538 = CARTESIAN_POINT('',(106.33711961432,0.995594713656));
#1539 = CARTESIAN_POINT('',(101.25055639556,0.995594713656));
#1540 = CARTESIAN_POINT('',(96.164267787761,0.995594713656));
#1541 = CARTESIAN_POINT('',(86.031499580097,0.995594713656));
#1542 = CARTESIAN_POINT('',(80.984814735119,0.995594713656));
#1543 = CARTESIAN_POINT('',(75.938483475421,0.995594713656));
#1544 = CARTESIAN_POINT('',(70.892312522421,0.995594713656));
#1545 = CARTESIAN_POINT('',(65.846107254595,0.995594713656));
#1546 = CARTESIAN_POINT('',(55.733629822386,0.995594713656));
#1547 = CARTESIAN_POINT('',(50.667159650192,0.995594713656));
#1548 = CARTESIAN_POINT('',(45.600725140669,0.995594713656));
#1549 = CARTESIAN_POINT('',(40.534128389968,0.995594713656));
#1550 = CARTESIAN_POINT('',(35.4671728589,0.995594713656));
#1551 = CARTESIAN_POINT('',(25.33439198113,0.995594713656));
#1552 = CARTESIAN_POINT('',(20.268366494723,0.995594713656));
#1553 = CARTESIAN_POINT('',(15.202066316696,0.995594713656));
#1554 = CARTESIAN_POINT('',(10.135303798265,0.995594713656));
#1555 = CARTESIAN_POINT('',(5.067895252443,0.995594713656));
#1556 = CARTESIAN_POINT('',(0.,0.995594713656));
#1557 = ( GEOMETRIC_REPRESENTATION_CONTEXT(2) 
PARAMETRIC_REPRESENTATION_CONTEXT() REPRESENTATION_CONTEXT('2D SPACE',''
  ) );
#1558 = ORIENTED_EDGE('',*,*,#1559,.F.);
#1559 = EDGE_CURVE('',#1188,#1459,#1560,.T.);
#1560 = SURFACE_CURVE('',#1561,(#1584,#1610),.PCURVE_S1.);
#1561 = B_SPLINE_CURVE_WITH_KNOTS('',6,(#1562,#1563,#1564,#1565,#1566,
    #1567,#1568,#1569,#1570,#1571,#1572,#1573,#1574,#1575,#1576,#1577,
    #1578,#1579,#1580,#1581,#1582,#1583),.UNSPECIFIED.,.F.,.F.,(7,5,5,5,
    7),(0.,0.251961448086,0.501000185173,0.750038607857,1.),
  .UNSPECIFIED.);
#1562 = CARTESIAN_POINT('',(-39.69138071672,-39.69138071672,-51.));
#1563 = CARTESIAN_POINT('',(-42.29292190106,-37.06733536574,-51.));
#1564 = CARTESIAN_POINT('',(-44.68820350617,-34.2375328619,-51.));
#1565 = CARTESIAN_POINT('',(-46.85682042875,-31.22252851153,-51.));
#1566 = CARTESIAN_POINT('',(-48.78131832866,-28.04539517116,-51.));
#1567 = CARTESIAN_POINT('',(-50.44732770589,-24.73122186723,-51.));
#1568 = CARTESIAN_POINT('',(-53.22437590644,-17.9220783723,-51.));
#1569 = CARTESIAN_POINT('',(-54.34168330454,-14.42951604537,-51.));
#1570 = CARTESIAN_POINT('',(-55.18531628861,-10.85494031807,-51.));
#1571 = CARTESIAN_POINT('',(-55.74821973823,-7.225335619556,-51.));
#1572 = CARTESIAN_POINT('',(-56.02678523658,-3.568352833638,-51.));
#1573 = CARTESIAN_POINT('',(-56.0153679454,3.744573681241,-51.));
#1574 = CARTESIAN_POINT('',(-55.72538565001,7.400660649821,-51.));
#1575 = CARTESIAN_POINT('',(-55.15115298526,11.028478367561,-51.));
#1576 = CARTESIAN_POINT('',(-54.29636465866,14.600387359333,-51.));
#1577 = CARTESIAN_POINT('',(-53.16816002169,18.089425268518,-51.));
#1578 = CARTESIAN_POINT('',(-50.38104043575,24.862675662484,-51.));
#1579 = CARTESIAN_POINT('',(-48.72011876732,28.146215587151,-51.));
#1580 = CARTESIAN_POINT('',(-46.80513299276,31.294294552602,-51.));
#1581 = CARTESIAN_POINT('',(-44.65016203418,34.282446796712,-51.));
#1582 = CARTESIAN_POINT('',(-42.27227100356,37.08816490014,-51.));
#1583 = CARTESIAN_POINT('',(-39.69138071672,39.691380716727,-51.));
#1584 = PCURVE('',#1165,#1585);
#1585 = DEFINITIONAL_REPRESENTATION('',(#1586),#1609);
#1586 = B_SPLINE_CURVE_WITH_KNOTS('',6,(#1587,#1588,#1589,#1590,#1591,
    #1592,#1593,#1594,#1595,#1596,#1597,#1598,#1599,#1600,#1601,#1602,
    #1603,#1604,#1605,#1606,#1607,#1608),.UNSPECIFIED.,.F.,.F.,(7,5,5,5,
    7),(0.,0.251961448086,0.501000185173,0.750038607857,1.),
  .UNSPECIFIED.);
#1587 = CARTESIAN_POINT('',(-25.10861928327,25.108619283273));
#1588 = CARTESIAN_POINT('',(-22.50707809893,27.732664634256));
#1589 = CARTESIAN_POINT('',(-20.11179649382,30.562467138099));
#1590 = CARTESIAN_POINT('',(-17.94317957124,33.577471488467));
#1591 = CARTESIAN_POINT('',(-16.01868167133,36.754604828835));
#1592 = CARTESIAN_POINT('',(-14.3526722941,40.068778132765));
#1593 = CARTESIAN_POINT('',(-11.57562409355,46.877921627694));
#1594 = CARTESIAN_POINT('',(-10.45831669545,50.37048395463));
#1595 = CARTESIAN_POINT('',(-9.614683711381,53.945059681924));
#1596 = CARTESIAN_POINT('',(-9.051780261765,57.574664380444));
#1597 = CARTESIAN_POINT('',(-8.773214763411,61.231647166362));
#1598 = CARTESIAN_POINT('',(-8.784632054595,68.544573681241));
#1599 = CARTESIAN_POINT('',(-9.074614349988,72.200660649821));
#1600 = CARTESIAN_POINT('',(-9.648847014737,75.828478367561));
#1601 = CARTESIAN_POINT('',(-10.50363534133,79.400387359333));
#1602 = CARTESIAN_POINT('',(-11.6318399783,82.889425268518));
#1603 = CARTESIAN_POINT('',(-14.41895956424,89.662675662484));
#1604 = CARTESIAN_POINT('',(-16.07988123268,92.946215587151));
#1605 = CARTESIAN_POINT('',(-17.99486700723,96.094294552602));
#1606 = CARTESIAN_POINT('',(-20.14983796581,99.082446796712));
#1607 = CARTESIAN_POINT('',(-22.52772899643,101.88816490014));
#1608 = CARTESIAN_POINT('',(-25.10861928327,104.49138071672));
#1609 = ( GEOMETRIC_REPRESENTATION_CONTEXT(2) 
PARAMETRIC_REPRESENTATION_CONTEXT() REPRESENTATION_CONTEXT('2D SPACE',''
  ) );
#1610 = PCURVE('',#1611,#1632);
#1611 = B_SPLINE_SURFACE_WITH_KNOTS('',9,1,(
    (#1612,#1613)
    ,(#1614,#1615)
    ,(#1616,#1617)
    ,(#1618,#1619)
    ,(#1620,#1621)
    ,(#1622,#1623)
    ,(#1624,#1625)
    ,(#1626,#1627)
    ,(#1628,#1629)
    ,(#1630,#1631
    )),.UNSPECIFIED.,.F.,.F.,.F.,(10,10),(2,2),(0.,121.6),(0.,1.),
  .PIECEWISE_BEZIER_KNOTS.);
#1612 = CARTESIAN_POINT('',(-60.8,60.8,-5.8));
#1613 = CARTESIAN_POINT('',(-39.59797974644,39.597979746447,-51.2));
#1614 = CARTESIAN_POINT('',(-60.8,47.288888888889,-5.8));
#1615 = CARTESIAN_POINT('',(-46.50913098358,32.686828509311,
    -51.19999999999));
#1616 = CARTESIAN_POINT('',(-60.8,33.777777777778,-5.8));
#1617 = CARTESIAN_POINT('',(-52.06328105731,24.418675910692,-51.2));
#1618 = CARTESIAN_POINT('',(-60.8,20.266666666667,-5.8));
#1619 = CARTESIAN_POINT('',(-55.95591778446,15.098032234963,
    -51.19999999998));
#1620 = CARTESIAN_POINT('',(-60.8,6.755555555556,-5.8));
#1621 = CARTESIAN_POINT('',(-57.96225895529,5.109129120165,
    -51.20000000001));
#1622 = CARTESIAN_POINT('',(-60.8,-6.755555555556,-5.8));
#1623 = CARTESIAN_POINT('',(-57.96225895525,-5.109129120165,
    -51.19999999998));
#1624 = CARTESIAN_POINT('',(-60.8,-20.26666666666,-5.8));
#1625 = CARTESIAN_POINT('',(-55.95591778449,-15.09803223496,-51.2));
#1626 = CARTESIAN_POINT('',(-60.8,-33.77777777777,-5.8));
#1627 = CARTESIAN_POINT('',(-52.0632810573,-24.41867591069,
    -51.19999999999));
#1628 = CARTESIAN_POINT('',(-60.8,-47.28888888888,-5.8));
#1629 = CARTESIAN_POINT('',(-46.50913098358,-32.68682850931,-51.2));
#1630 = CARTESIAN_POINT('',(-60.8,-60.8,-5.8));
#1631 = CARTESIAN_POINT('',(-39.59797974644,-39.59797974644,-51.2));
#1632 = DEFINITIONAL_REPRESENTATION('',(#1633),#1656);
#1633 = B_SPLINE_CURVE_WITH_KNOTS('',6,(#1634,#1635,#1636,#1637,#1638,
    #1639,#1640,#1641,#1642,#1643,#1644,#1645,#1646,#1647,#1648,#1649,
    #1650,#1651,#1652,#1653,#1654,#1655),.UNSPECIFIED.,.F.,.F.,(7,5,5,5,
    7),(0.,0.251961448086,0.501000185173,0.750038607857,1.),
  .UNSPECIFIED.);
#1634 = CARTESIAN_POINT('',(121.6,0.995594713656));
#1635 = CARTESIAN_POINT('',(116.49155417245,0.995594713656));
#1636 = CARTESIAN_POINT('',(111.38360043514,0.995594713656));
#1637 = CARTESIAN_POINT('',(106.27630552048,0.995594713656));
#1638 = CARTESIAN_POINT('',(101.16947928821,0.995594713656));
#1639 = CARTESIAN_POINT('',(96.062927546634,0.995594713656));
#1640 = CARTESIAN_POINT('',(85.909902685842,0.995594713656));
#1641 = CARTESIAN_POINT('',(80.863219751211,0.995594713656));
#1642 = CARTESIAN_POINT('',(75.816889158873,0.995594713656));
#1643 = CARTESIAN_POINT('',(70.770717601621,0.995594713656));
#1644 = CARTESIAN_POINT('',(65.724510440185,0.995594713656));
#1645 = CARTESIAN_POINT('',(55.63229593034,0.995594713656));
#1646 = CARTESIAN_POINT('',(50.586092555505,0.995594713656));
#1647 = CARTESIAN_POINT('',(45.53992220624,0.995594713656));
#1648 = CARTESIAN_POINT('',(40.493590279207,0.995594713656));
#1649 = CARTESIAN_POINT('',(35.44690352435,0.995594713656));
#1650 = CARTESIAN_POINT('',(25.334391981131,0.995594713656));
#1651 = CARTESIAN_POINT('',(20.26836649472,0.995594713656));
#1652 = CARTESIAN_POINT('',(15.2020663167,0.995594713656));
#1653 = CARTESIAN_POINT('',(10.135303798261,0.995594713656));
#1654 = CARTESIAN_POINT('',(5.067895252444,0.995594713656));
#1655 = CARTESIAN_POINT('',(0.,0.995594713656));
#1656 = ( GEOMETRIC_REPRESENTATION_CONTEXT(2) 
PARAMETRIC_REPRESENTATION_CONTEXT() REPRESENTATION_CONTEXT('2D SPACE',''
  ) );
#1657 = FACE_BOUND('',#1658,.T.);
#1658 = EDGE_LOOP('',(#1659));
#1659 = ORIENTED_EDGE('',*,*,#1150,.F.);
#1660 = ADVANCED_FACE('',(#1661),#1334,.T.);
#1661 = FACE_BOUND('',#1662,.T.);
#1662 = EDGE_LOOP('',(#1663,#1685,#1725,#1745));
#1663 = ORIENTED_EDGE('',*,*,#1664,.F.);
#1664 = EDGE_CURVE('',#1665,#1186,#1667,.T.);
#1665 = VERTEX_POINT('',#1666);
#1666 = CARTESIAN_POINT('',(60.70659902972,-60.70659902972,-6.));
#1667 = SURFACE_CURVE('',#1668,(#1671,#1678),.PCURVE_S1.);
#1668 = B_SPLINE_CURVE_WITH_KNOTS('',1,(#1669,#1670),.UNSPECIFIED.,.F.,
  .F.,(2,2),(0.,1.),.PIECEWISE_BEZIER_KNOTS.);
#1669 = CARTESIAN_POINT('',(60.8,-60.8,-5.8));
#1670 = CARTESIAN_POINT('',(39.597979746447,-39.59797974644,-51.2));
#1671 = PCURVE('',#1334,#1672);
#1672 = DEFINITIONAL_REPRESENTATION('',(#1673),#1677);
#1673 = LINE('',#1674,#1675);
#1674 = CARTESIAN_POINT('',(0.,0.));
#1675 = VECTOR('',#1676,1.);
#1676 = DIRECTION('',(0.,1.));
#1677 = ( GEOMETRIC_REPRESENTATION_CONTEXT(2) 
PARAMETRIC_REPRESENTATION_CONTEXT() REPRESENTATION_CONTEXT('2D SPACE',''
  ) );
#1678 = PCURVE('',#1241,#1679);
#1679 = DEFINITIONAL_REPRESENTATION('',(#1680),#1684);
#1680 = LINE('',#1681,#1682);
#1681 = CARTESIAN_POINT('',(121.6,0.));
#1682 = VECTOR('',#1683,1.);
#1683 = DIRECTION('',(0.,1.));
#1684 = ( GEOMETRIC_REPRESENTATION_CONTEXT(2) 
PARAMETRIC_REPRESENTATION_CONTEXT() REPRESENTATION_CONTEXT('2D SPACE',''
  ) );
#1685 = ORIENTED_EDGE('',*,*,#1686,.F.);
#1686 = EDGE_CURVE('',#1687,#1665,#1689,.T.);
#1687 = VERTEX_POINT('',#1688);
#1688 = CARTESIAN_POINT('',(60.778854625551,7.011523031289E-15,-6.));
#1689 = SURFACE_CURVE('',#1690,(#1698,#1709),.PCURVE_S1.);
#1690 = B_SPLINE_CURVE_WITH_KNOTS('',6,(#1691,#1692,#1693,#1694,#1695,
    #1696,#1697),.UNSPECIFIED.,.F.,.F.,(7,7),(0.,1.),
  .PIECEWISE_BEZIER_KNOTS.);
#1691 = CARTESIAN_POINT('',(60.778854625551,0.,-6.));
#1692 = CARTESIAN_POINT('',(60.778854625551,-10.11938286014,-6.));
#1693 = CARTESIAN_POINT('',(60.773783764442,-20.23876579227,-6.));
#1694 = CARTESIAN_POINT('',(60.763641932854,-30.35764879996,-6.));
#1695 = CARTESIAN_POINT('',(60.748688409246,-40.47553147031,-6.));
#1696 = CARTESIAN_POINT('',(60.729440242208,-50.59196648889,-6.));
#1697 = CARTESIAN_POINT('',(60.70659902972,-60.70659902972,-6.));
#1698 = PCURVE('',#1334,#1699);
#1699 = DEFINITIONAL_REPRESENTATION('',(#1700),#1708);
#1700 = B_SPLINE_CURVE_WITH_KNOTS('',6,(#1701,#1702,#1703,#1704,#1705,
    #1706,#1707),.UNSPECIFIED.,.F.,.F.,(7,7),(0.,1.),
  .PIECEWISE_BEZIER_KNOTS.);
#1701 = CARTESIAN_POINT('',(60.8,4.405286343612E-03));
#1702 = CARTESIAN_POINT('',(50.668271295703,4.405286343612E-03));
#1703 = CARTESIAN_POINT('',(40.536542469072,4.405286343612E-03));
#1704 = CARTESIAN_POINT('',(30.404317753027,4.405286343612E-03));
#1705 = CARTESIAN_POINT('',(20.271100227613,4.405286343612E-03));
#1706 = CARTESIAN_POINT('',(10.13644527227,4.405286343612E-03));
#1707 = CARTESIAN_POINT('',(0.,4.405286343612E-03));
#1708 = ( GEOMETRIC_REPRESENTATION_CONTEXT(2) 
PARAMETRIC_REPRESENTATION_CONTEXT() REPRESENTATION_CONTEXT('2D SPACE',''
  ) );
#1709 = PCURVE('',#1710,#1715);
#1710 = PLANE('',#1711);
#1711 = AXIS2_PLACEMENT_3D('',#1712,#1713,#1714);
#1712 = CARTESIAN_POINT('',(-73.,-73.,-6.));
#1713 = DIRECTION('',(0.,-0.,-1.));
#1714 = DIRECTION('',(-1.,0.,0.));
#1715 = DEFINITIONAL_REPRESENTATION('',(#1716),#1724);
#1716 = B_SPLINE_CURVE_WITH_KNOTS('',6,(#1717,#1718,#1719,#1720,#1721,
    #1722,#1723),.UNSPECIFIED.,.F.,.F.,(7,7),(0.,1.),
  .PIECEWISE_BEZIER_KNOTS.);
#1717 = CARTESIAN_POINT('',(-133.7788546255,73.));
#1718 = CARTESIAN_POINT('',(-133.7788546255,62.880617139859));
#1719 = CARTESIAN_POINT('',(-133.7737837644,52.761234207721));
#1720 = CARTESIAN_POINT('',(-133.7636419328,42.642351200034));
#1721 = CARTESIAN_POINT('',(-133.7486884092,32.524468529687));
#1722 = CARTESIAN_POINT('',(-133.7294402422,22.408033511107));
#1723 = CARTESIAN_POINT('',(-133.7065990297,12.29340097028));
#1724 = ( GEOMETRIC_REPRESENTATION_CONTEXT(2) 
PARAMETRIC_REPRESENTATION_CONTEXT() REPRESENTATION_CONTEXT('2D SPACE',''
  ) );
#1725 = ORIENTED_EDGE('',*,*,#1726,.T.);
#1726 = EDGE_CURVE('',#1687,#1289,#1727,.T.);
#1727 = SURFACE_CURVE('',#1728,(#1731,#1738),.PCURVE_S1.);
#1728 = B_SPLINE_CURVE_WITH_KNOTS('',1,(#1729,#1730),.UNSPECIFIED.,.F.,
  .F.,(2,2),(0.,1.),.PIECEWISE_BEZIER_KNOTS.);
#1729 = CARTESIAN_POINT('',(60.8,7.105427357601E-15,-5.8));
#1730 = CARTESIAN_POINT('',(56.,-1.42108547152E-14,-51.2));
#1731 = PCURVE('',#1334,#1732);
#1732 = DEFINITIONAL_REPRESENTATION('',(#1733),#1737);
#1733 = LINE('',#1734,#1735);
#1734 = CARTESIAN_POINT('',(60.8,0.));
#1735 = VECTOR('',#1736,1.);
#1736 = DIRECTION('',(0.,1.));
#1737 = ( GEOMETRIC_REPRESENTATION_CONTEXT(2) 
PARAMETRIC_REPRESENTATION_CONTEXT() REPRESENTATION_CONTEXT('2D SPACE',''
  ) );
#1738 = PCURVE('',#1419,#1739);
#1739 = DEFINITIONAL_REPRESENTATION('',(#1740),#1744);
#1740 = LINE('',#1741,#1742);
#1741 = CARTESIAN_POINT('',(60.8,0.));
#1742 = VECTOR('',#1743,1.);
#1743 = DIRECTION('',(0.,1.));
#1744 = ( GEOMETRIC_REPRESENTATION_CONTEXT(2) 
PARAMETRIC_REPRESENTATION_CONTEXT() REPRESENTATION_CONTEXT('2D SPACE',''
  ) );
#1745 = ORIENTED_EDGE('',*,*,#1288,.T.);
#1746 = ADVANCED_FACE('',(#1747,#1933),#1710,.T.);
#1747 = FACE_BOUND('',#1748,.F.);
#1748 = EDGE_LOOP('',(#1749,#1799,#1800,#1835,#1885));
#1749 = ORIENTED_EDGE('',*,*,#1750,.F.);
#1750 = EDGE_CURVE('',#1665,#1751,#1753,.T.);
#1751 = VERTEX_POINT('',#1752);
#1752 = CARTESIAN_POINT('',(-60.70659902972,-60.70659902972,-6.));
#1753 = SURFACE_CURVE('',#1754,(#1767,#1783),.PCURVE_S1.);
#1754 = B_SPLINE_CURVE_WITH_KNOTS('',6,(#1755,#1756,#1757,#1758,#1759,
    #1760,#1761,#1762,#1763,#1764,#1765,#1766),.UNSPECIFIED.,.F.,.F.,(7,
    5,7),(0.,0.5,1.),.UNSPECIFIED.);
#1755 = CARTESIAN_POINT('',(60.70659902972,-60.70659902972,-6.));
#1756 = CARTESIAN_POINT('',(50.591966488888,-60.7294402422,-6.));
#1757 = CARTESIAN_POINT('',(40.475531470329,-60.74868840935,-6.));
#1758 = CARTESIAN_POINT('',(30.357648799945,-60.76364193259,-6.));
#1759 = CARTESIAN_POINT('',(20.238765792293,-60.77378376463,-6.));
#1760 = CARTESIAN_POINT('',(10.119382860136,-60.77885462553,-6.));
#1761 = CARTESIAN_POINT('',(-10.11938286014,-60.77885462553,-6.));
#1762 = CARTESIAN_POINT('',(-20.23876579227,-60.77378376463,-6.));
#1763 = CARTESIAN_POINT('',(-30.35764879997,-60.76364193259,-6.));
#1764 = CARTESIAN_POINT('',(-40.4755314703,-60.74868840935,-6.));
#1765 = CARTESIAN_POINT('',(-50.59196648889,-60.7294402422,-6.));
#1766 = CARTESIAN_POINT('',(-60.70659902972,-60.70659902972,-6.));
#1767 = PCURVE('',#1710,#1768);
#1768 = DEFINITIONAL_REPRESENTATION('',(#1769),#1782);
#1769 = B_SPLINE_CURVE_WITH_KNOTS('',6,(#1770,#1771,#1772,#1773,#1774,
    #1775,#1776,#1777,#1778,#1779,#1780,#1781),.UNSPECIFIED.,.F.,.F.,(7,
    5,7),(0.,0.5,1.),.UNSPECIFIED.);
#1770 = CARTESIAN_POINT('',(-133.7065990297,12.29340097028));
#1771 = CARTESIAN_POINT('',(-123.5919664888,12.270559757792));
#1772 = CARTESIAN_POINT('',(-113.4755314703,12.251311590645));
#1773 = CARTESIAN_POINT('',(-103.3576487999,12.236358067402));
#1774 = CARTESIAN_POINT('',(-93.23876579229,12.226216235361));
#1775 = CARTESIAN_POINT('',(-83.11938286013,12.221145374468));
#1776 = CARTESIAN_POINT('',(-62.88061713985,12.221145374468));
#1777 = CARTESIAN_POINT('',(-52.76123420772,12.226216235361));
#1778 = CARTESIAN_POINT('',(-42.64235120002,12.236358067402));
#1779 = CARTESIAN_POINT('',(-32.52446852969,12.251311590645));
#1780 = CARTESIAN_POINT('',(-22.4080335111,12.270559757792));
#1781 = CARTESIAN_POINT('',(-12.29340097028,12.29340097028));
#1782 = ( GEOMETRIC_REPRESENTATION_CONTEXT(2) 
PARAMETRIC_REPRESENTATION_CONTEXT() REPRESENTATION_CONTEXT('2D SPACE',''
  ) );
#1783 = PCURVE('',#1241,#1784);
#1784 = DEFINITIONAL_REPRESENTATION('',(#1785),#1798);
#1785 = B_SPLINE_CURVE_WITH_KNOTS('',6,(#1786,#1787,#1788,#1789,#1790,
    #1791,#1792,#1793,#1794,#1795,#1796,#1797),.UNSPECIFIED.,.F.,.F.,(7,
    5,7),(0.,0.5,1.),.UNSPECIFIED.);
#1786 = CARTESIAN_POINT('',(121.6,4.405286343612E-03));
#1787 = CARTESIAN_POINT('',(111.46355472772,4.405286343612E-03));
#1788 = CARTESIAN_POINT('',(101.3288997724,4.405286343612E-03));
#1789 = CARTESIAN_POINT('',(91.195682246953,4.405286343612E-03));
#1790 = CARTESIAN_POINT('',(81.06345753094,4.405286343612E-03));
#1791 = CARTESIAN_POINT('',(70.931728704294,4.405286343612E-03));
#1792 = CARTESIAN_POINT('',(50.668271295702,4.405286343612E-03));
#1793 = CARTESIAN_POINT('',(40.536542469076,4.405286343612E-03));
#1794 = CARTESIAN_POINT('',(30.404317753022,4.405286343613E-03));
#1795 = CARTESIAN_POINT('',(20.271100227618,4.405286343612E-03));
#1796 = CARTESIAN_POINT('',(10.136445272267,4.405286343612E-03));
#1797 = CARTESIAN_POINT('',(0.,4.405286343612E-03));
#1798 = ( GEOMETRIC_REPRESENTATION_CONTEXT(2) 
PARAMETRIC_REPRESENTATION_CONTEXT() REPRESENTATION_CONTEXT('2D SPACE',''
  ) );
#1799 = ORIENTED_EDGE('',*,*,#1686,.F.);
#1800 = ORIENTED_EDGE('',*,*,#1801,.F.);
#1801 = EDGE_CURVE('',#1802,#1687,#1804,.T.);
#1802 = VERTEX_POINT('',#1803);
#1803 = CARTESIAN_POINT('',(60.70659902972,60.70659902972,-6.));
#1804 = SURFACE_CURVE('',#1805,(#1813,#1824),.PCURVE_S1.);
#1805 = B_SPLINE_CURVE_WITH_KNOTS('',6,(#1806,#1807,#1808,#1809,#1810,
    #1811,#1812),.UNSPECIFIED.,.F.,.F.,(7,7),(0.,1.),
  .PIECEWISE_BEZIER_KNOTS.);
#1806 = CARTESIAN_POINT('',(60.70659902972,60.70659902972,-6.));
#1807 = CARTESIAN_POINT('',(60.729440242208,50.591966488892,-6.));
#1808 = CARTESIAN_POINT('',(60.748688409246,40.475531470317,-6.));
#1809 = CARTESIAN_POINT('',(60.763641932854,30.35764879996,-6.));
#1810 = CARTESIAN_POINT('',(60.773783764442,20.238765792283,-6.));
#1811 = CARTESIAN_POINT('',(60.778854625551,10.11938286014,-6.));
#1812 = CARTESIAN_POINT('',(60.778854625551,0.,-6.));
#1813 = PCURVE('',#1710,#1814);
#1814 = DEFINITIONAL_REPRESENTATION('',(#1815),#1823);
#1815 = B_SPLINE_CURVE_WITH_KNOTS('',6,(#1816,#1817,#1818,#1819,#1820,
    #1821,#1822),.UNSPECIFIED.,.F.,.F.,(7,7),(0.,1.),
  .PIECEWISE_BEZIER_KNOTS.);
#1816 = CARTESIAN_POINT('',(-133.7065990297,133.70659902972));
#1817 = CARTESIAN_POINT('',(-133.7294402422,123.59196648889));
#1818 = CARTESIAN_POINT('',(-133.7486884092,113.47553147031));
#1819 = CARTESIAN_POINT('',(-133.7636419328,103.35764879996));
#1820 = CARTESIAN_POINT('',(-133.7737837644,93.238765792283));
#1821 = CARTESIAN_POINT('',(-133.7788546255,83.11938286014));
#1822 = CARTESIAN_POINT('',(-133.7788546255,73.));
#1823 = ( GEOMETRIC_REPRESENTATION_CONTEXT(2) 
PARAMETRIC_REPRESENTATION_CONTEXT() REPRESENTATION_CONTEXT('2D SPACE',''
  ) );
#1824 = PCURVE('',#1419,#1825);
#1825 = DEFINITIONAL_REPRESENTATION('',(#1826),#1834);
#1826 = B_SPLINE_CURVE_WITH_KNOTS('',6,(#1827,#1828,#1829,#1830,#1831,
    #1832,#1833),.UNSPECIFIED.,.F.,.F.,(7,7),(0.,1.),
  .PIECEWISE_BEZIER_KNOTS.);
#1827 = CARTESIAN_POINT('',(121.6,4.405286343612E-03));
#1828 = CARTESIAN_POINT('',(111.46355472772,4.405286343612E-03));
#1829 = CARTESIAN_POINT('',(101.32889977239,4.405286343613E-03));
#1830 = CARTESIAN_POINT('',(91.195682246967,4.405286343612E-03));
#1831 = CARTESIAN_POINT('',(81.063457530932,4.405286343613E-03));
#1832 = CARTESIAN_POINT('',(70.931728704295,4.405286343612E-03));
#1833 = CARTESIAN_POINT('',(60.8,4.405286343612E-03));
#1834 = ( GEOMETRIC_REPRESENTATION_CONTEXT(2) 
PARAMETRIC_REPRESENTATION_CONTEXT() REPRESENTATION_CONTEXT('2D SPACE',''
  ) );
#1835 = ORIENTED_EDGE('',*,*,#1836,.F.);
#1836 = EDGE_CURVE('',#1837,#1802,#1839,.T.);
#1837 = VERTEX_POINT('',#1838);
#1838 = CARTESIAN_POINT('',(-60.70659902972,60.70659902972,-6.));
#1839 = SURFACE_CURVE('',#1840,(#1853,#1869),.PCURVE_S1.);
#1840 = B_SPLINE_CURVE_WITH_KNOTS('',6,(#1841,#1842,#1843,#1844,#1845,
    #1846,#1847,#1848,#1849,#1850,#1851,#1852),.UNSPECIFIED.,.F.,.F.,(7,
    5,7),(0.,0.5,1.),.UNSPECIFIED.);
#1841 = CARTESIAN_POINT('',(-60.70659902972,60.70659902972,-6.));
#1842 = CARTESIAN_POINT('',(-50.59196648888,60.729440242208,-6.));
#1843 = CARTESIAN_POINT('',(-40.47553147033,60.748688409355,-6.));
#1844 = CARTESIAN_POINT('',(-30.35764879993,60.763641932598,-6.));
#1845 = CARTESIAN_POINT('',(-20.23876579229,60.773783764639,-6.));
#1846 = CARTESIAN_POINT('',(-10.11938286013,60.778854625532,-6.));
#1847 = CARTESIAN_POINT('',(10.119382860138,60.778854625532,-6.));
#1848 = CARTESIAN_POINT('',(20.238765792286,60.773783764639,-6.));
#1849 = CARTESIAN_POINT('',(30.35764879996,60.763641932598,-6.));
#1850 = CARTESIAN_POINT('',(40.475531470316,60.748688409355,-6.));
#1851 = CARTESIAN_POINT('',(50.591966488893,60.729440242208,-6.));
#1852 = CARTESIAN_POINT('',(60.70659902972,60.70659902972,-6.));
#1853 = PCURVE('',#1710,#1854);
#1854 = DEFINITIONAL_REPRESENTATION('',(#1855),#1868);
#1855 = B_SPLINE_CURVE_WITH_KNOTS('',6,(#1856,#1857,#1858,#1859,#1860,
    #1861,#1862,#1863,#1864,#1865,#1866,#1867),.UNSPECIFIED.,.F.,.F.,(7,
    5,7),(0.,0.5,1.),.UNSPECIFIED.);
#1856 = CARTESIAN_POINT('',(-12.29340097028,133.70659902972));
#1857 = CARTESIAN_POINT('',(-22.40803351111,133.7294402422));
#1858 = CARTESIAN_POINT('',(-32.52446852966,133.74868840935));
#1859 = CARTESIAN_POINT('',(-42.64235120006,133.76364193259));
#1860 = CARTESIAN_POINT('',(-52.7612342077,133.77378376463));
#1861 = CARTESIAN_POINT('',(-62.88061713986,133.77885462553));
#1862 = CARTESIAN_POINT('',(-83.11938286013,133.77885462553));
#1863 = CARTESIAN_POINT('',(-93.23876579228,133.77378376463));
#1864 = CARTESIAN_POINT('',(-103.3576487999,133.76364193259));
#1865 = CARTESIAN_POINT('',(-113.4755314703,133.74868840935));
#1866 = CARTESIAN_POINT('',(-123.5919664888,133.7294402422));
#1867 = CARTESIAN_POINT('',(-133.7065990297,133.70659902972));
#1868 = ( GEOMETRIC_REPRESENTATION_CONTEXT(2) 
PARAMETRIC_REPRESENTATION_CONTEXT() REPRESENTATION_CONTEXT('2D SPACE',''
  ) );
#1869 = PCURVE('',#1512,#1870);
#1870 = DEFINITIONAL_REPRESENTATION('',(#1871),#1884);
#1871 = B_SPLINE_CURVE_WITH_KNOTS('',6,(#1872,#1873,#1874,#1875,#1876,
    #1877,#1878,#1879,#1880,#1881,#1882,#1883),.UNSPECIFIED.,.F.,.F.,(7,
    5,7),(0.,0.5,1.),.UNSPECIFIED.);
#1872 = CARTESIAN_POINT('',(121.6,4.405286343612E-03));
#1873 = CARTESIAN_POINT('',(111.46355472772,4.405286343612E-03));
#1874 = CARTESIAN_POINT('',(101.32889977241,4.405286343612E-03));
#1875 = CARTESIAN_POINT('',(91.195682246941,4.405286343612E-03));
#1876 = CARTESIAN_POINT('',(81.063457530947,4.405286343612E-03));
#1877 = CARTESIAN_POINT('',(70.931728704292,4.405286343612E-03));
#1878 = CARTESIAN_POINT('',(50.668271295705,4.405286343612E-03));
#1879 = CARTESIAN_POINT('',(40.536542469068,4.405286343612E-03));
#1880 = CARTESIAN_POINT('',(30.404317753032,4.405286343613E-03));
#1881 = CARTESIAN_POINT('',(20.27110022761,4.405286343612E-03));
#1882 = CARTESIAN_POINT('',(10.13644527227,4.405286343612E-03));
#1883 = CARTESIAN_POINT('',(0.,4.405286343612E-03));
#1884 = ( GEOMETRIC_REPRESENTATION_CONTEXT(2) 
PARAMETRIC_REPRESENTATION_CONTEXT() REPRESENTATION_CONTEXT('2D SPACE',''
  ) );
#1885 = ORIENTED_EDGE('',*,*,#1886,.F.);
#1886 = EDGE_CURVE('',#1751,#1837,#1887,.T.);
#1887 = SURFACE_CURVE('',#1888,(#1901,#1917),.PCURVE_S1.);
#1888 = B_SPLINE_CURVE_WITH_KNOTS('',6,(#1889,#1890,#1891,#1892,#1893,
    #1894,#1895,#1896,#1897,#1898,#1899,#1900),.UNSPECIFIED.,.F.,.F.,(7,
    5,7),(0.,0.5,1.),.UNSPECIFIED.);
#1889 = CARTESIAN_POINT('',(-60.70659902972,-60.70659902972,-6.));
#1890 = CARTESIAN_POINT('',(-60.7294402422,-50.59196648889,-6.));
#1891 = CARTESIAN_POINT('',(-60.74868840935,-40.47553147031,-6.));
#1892 = CARTESIAN_POINT('',(-60.76364193259,-30.35764879996,-6.));
#1893 = CARTESIAN_POINT('',(-60.77378376463,-20.23876579227,-6.));
#1894 = CARTESIAN_POINT('',(-60.77885462553,-10.11938286014,-6.));
#1895 = CARTESIAN_POINT('',(-60.77885462553,10.11938286014,-6.));
#1896 = CARTESIAN_POINT('',(-60.77378376463,20.238765792281,-6.));
#1897 = CARTESIAN_POINT('',(-60.76364193259,30.357648799966,-6.));
#1898 = CARTESIAN_POINT('',(-60.74868840935,40.475531470312,-6.));
#1899 = CARTESIAN_POINT('',(-60.7294402422,50.591966488894,-6.));
#1900 = CARTESIAN_POINT('',(-60.70659902972,60.70659902972,-6.));
#1901 = PCURVE('',#1710,#1902);
#1902 = DEFINITIONAL_REPRESENTATION('',(#1903),#1916);
#1903 = B_SPLINE_CURVE_WITH_KNOTS('',6,(#1904,#1905,#1906,#1907,#1908,
    #1909,#1910,#1911,#1912,#1913,#1914,#1915),.UNSPECIFIED.,.F.,.F.,(7,
    5,7),(0.,0.5,1.),.UNSPECIFIED.);
#1904 = CARTESIAN_POINT('',(-12.29340097028,12.29340097028));
#1905 = CARTESIAN_POINT('',(-12.27055975779,22.408033511108));
#1906 = CARTESIAN_POINT('',(-12.25131159064,32.524468529685));
#1907 = CARTESIAN_POINT('',(-12.2363580674,42.642351200036));
#1908 = CARTESIAN_POINT('',(-12.22621623536,52.761234207721));
#1909 = CARTESIAN_POINT('',(-12.22114537446,62.88061713986));
#1910 = CARTESIAN_POINT('',(-12.22114537446,83.11938286014));
#1911 = CARTESIAN_POINT('',(-12.22621623536,93.238765792281));
#1912 = CARTESIAN_POINT('',(-12.2363580674,103.35764879996));
#1913 = CARTESIAN_POINT('',(-12.25131159064,113.47553147031));
#1914 = CARTESIAN_POINT('',(-12.27055975779,123.59196648889));
#1915 = CARTESIAN_POINT('',(-12.29340097028,133.70659902972));
#1916 = ( GEOMETRIC_REPRESENTATION_CONTEXT(2) 
PARAMETRIC_REPRESENTATION_CONTEXT() REPRESENTATION_CONTEXT('2D SPACE',''
  ) );
#1917 = PCURVE('',#1611,#1918);
#1918 = DEFINITIONAL_REPRESENTATION('',(#1919),#1932);
#1919 = B_SPLINE_CURVE_WITH_KNOTS('',6,(#1920,#1921,#1922,#1923,#1924,
    #1925,#1926,#1927,#1928,#1929,#1930,#1931),.UNSPECIFIED.,.F.,.F.,(7,
    5,7),(0.,0.5,1.),.UNSPECIFIED.);
#1920 = CARTESIAN_POINT('',(121.6,4.405286343612E-03));
#1921 = CARTESIAN_POINT('',(111.46355472772,4.405286343612E-03));
#1922 = CARTESIAN_POINT('',(101.32889977239,4.405286343612E-03));
#1923 = CARTESIAN_POINT('',(91.195682246969,4.405286343612E-03));
#1924 = CARTESIAN_POINT('',(81.063457530927,4.405286343612E-03));
#1925 = CARTESIAN_POINT('',(70.931728704297,4.405286343612E-03));
#1926 = CARTESIAN_POINT('',(50.668271295703,4.405286343612E-03));
#1927 = CARTESIAN_POINT('',(40.536542469071,4.405286343612E-03));
#1928 = CARTESIAN_POINT('',(30.404317753028,4.405286343613E-03));
#1929 = CARTESIAN_POINT('',(20.271100227613,4.405286343612E-03));
#1930 = CARTESIAN_POINT('',(10.136445272269,4.405286343613E-03));
#1931 = CARTESIAN_POINT('',(0.,4.405286343612E-03));
#1932 = ( GEOMETRIC_REPRESENTATION_CONTEXT(2) 
PARAMETRIC_REPRESENTATION_CONTEXT() REPRESENTATION_CONTEXT('2D SPACE',''
  ) );
#1933 = FACE_BOUND('',#1934,.F.);
#1934 = EDGE_LOOP('',(#1935,#1960,#1983,#2006));
#1935 = ORIENTED_EDGE('',*,*,#1936,.T.);
#1936 = EDGE_CURVE('',#1937,#1939,#1941,.T.);
#1937 = VERTEX_POINT('',#1938);
#1938 = CARTESIAN_POINT('',(-56.8,-56.8,-6.));
#1939 = VERTEX_POINT('',#1940);
#1940 = CARTESIAN_POINT('',(-56.8,56.8,-6.));
#1941 = SURFACE_CURVE('',#1942,(#1946,#1953),.PCURVE_S1.);
#1942 = LINE('',#1943,#1944);
#1943 = CARTESIAN_POINT('',(-56.8,-56.8,-6.));
#1944 = VECTOR('',#1945,1.);
#1945 = DIRECTION('',(-0.,1.,0.));
#1946 = PCURVE('',#1710,#1947);
#1947 = DEFINITIONAL_REPRESENTATION('',(#1948),#1952);
#1948 = LINE('',#1949,#1950);
#1949 = CARTESIAN_POINT('',(-16.2,16.2));
#1950 = VECTOR('',#1951,1.);
#1951 = DIRECTION('',(-0.,1.));
#1952 = ( GEOMETRIC_REPRESENTATION_CONTEXT(2) 
PARAMETRIC_REPRESENTATION_CONTEXT() REPRESENTATION_CONTEXT('2D SPACE',''
  ) );
#1953 = PCURVE('',#339,#1954);
#1954 = DEFINITIONAL_REPRESENTATION('',(#1955),#1959);
#1955 = LINE('',#1956,#1957);
#1956 = CARTESIAN_POINT('',(-6.,0.));
#1957 = VECTOR('',#1958,1.);
#1958 = DIRECTION('',(-0.,-1.));
#1959 = ( GEOMETRIC_REPRESENTATION_CONTEXT(2) 
PARAMETRIC_REPRESENTATION_CONTEXT() REPRESENTATION_CONTEXT('2D SPACE',''
  ) );
#1960 = ORIENTED_EDGE('',*,*,#1961,.T.);
#1961 = EDGE_CURVE('',#1939,#1962,#1964,.T.);
#1962 = VERTEX_POINT('',#1963);
#1963 = CARTESIAN_POINT('',(56.8,56.8,-6.));
#1964 = SURFACE_CURVE('',#1965,(#1969,#1976),.PCURVE_S1.);
#1965 = LINE('',#1966,#1967);
#1966 = CARTESIAN_POINT('',(-56.8,56.8,-6.));
#1967 = VECTOR('',#1968,1.);
#1968 = DIRECTION('',(1.,0.,-0.));
#1969 = PCURVE('',#1710,#1970);
#1970 = DEFINITIONAL_REPRESENTATION('',(#1971),#1975);
#1971 = LINE('',#1972,#1973);
#1972 = CARTESIAN_POINT('',(-16.2,129.8));
#1973 = VECTOR('',#1974,1.);
#1974 = DIRECTION('',(-1.,0.));
#1975 = ( GEOMETRIC_REPRESENTATION_CONTEXT(2) 
PARAMETRIC_REPRESENTATION_CONTEXT() REPRESENTATION_CONTEXT('2D SPACE',''
  ) );
#1976 = PCURVE('',#367,#1977);
#1977 = DEFINITIONAL_REPRESENTATION('',(#1978),#1982);
#1978 = LINE('',#1979,#1980);
#1979 = CARTESIAN_POINT('',(-6.,0.));
#1980 = VECTOR('',#1981,1.);
#1981 = DIRECTION('',(-0.,1.));
#1982 = ( GEOMETRIC_REPRESENTATION_CONTEXT(2) 
PARAMETRIC_REPRESENTATION_CONTEXT() REPRESENTATION_CONTEXT('2D SPACE',''
  ) );
#1983 = ORIENTED_EDGE('',*,*,#1984,.F.);
#1984 = EDGE_CURVE('',#1985,#1962,#1987,.T.);
#1985 = VERTEX_POINT('',#1986);
#1986 = CARTESIAN_POINT('',(56.8,-56.8,-6.));
#1987 = SURFACE_CURVE('',#1988,(#1992,#1999),.PCURVE_S1.);
#1988 = LINE('',#1989,#1990);
#1989 = CARTESIAN_POINT('',(56.8,-56.8,-6.));
#1990 = VECTOR('',#1991,1.);
#1991 = DIRECTION('',(-0.,1.,0.));
#1992 = PCURVE('',#1710,#1993);
#1993 = DEFINITIONAL_REPRESENTATION('',(#1994),#1998);
#1994 = LINE('',#1995,#1996);
#1995 = CARTESIAN_POINT('',(-129.8,16.2));
#1996 = VECTOR('',#1997,1.);
#1997 = DIRECTION('',(-0.,1.));
#1998 = ( GEOMETRIC_REPRESENTATION_CONTEXT(2) 
PARAMETRIC_REPRESENTATION_CONTEXT() REPRESENTATION_CONTEXT('2D SPACE',''
  ) );
#1999 = PCURVE('',#395,#2000);
#2000 = DEFINITIONAL_REPRESENTATION('',(#2001),#2005);
#2001 = LINE('',#2002,#2003);
#2002 = CARTESIAN_POINT('',(-6.,0.));
#2003 = VECTOR('',#2004,1.);
#2004 = DIRECTION('',(-0.,-1.));
#2005 = ( GEOMETRIC_REPRESENTATION_CONTEXT(2) 
PARAMETRIC_REPRESENTATION_CONTEXT() REPRESENTATION_CONTEXT('2D SPACE',''
  ) );
#2006 = ORIENTED_EDGE('',*,*,#2007,.F.);
#2007 = EDGE_CURVE('',#1937,#1985,#2008,.T.);
#2008 = SURFACE_CURVE('',#2009,(#2013,#2020),.PCURVE_S1.);
#2009 = LINE('',#2010,#2011);
#2010 = CARTESIAN_POINT('',(-56.8,-56.8,-6.));
#2011 = VECTOR('',#2012,1.);
#2012 = DIRECTION('',(1.,0.,-0.));
#2013 = PCURVE('',#1710,#2014);
#2014 = DEFINITIONAL_REPRESENTATION('',(#2015),#2019);
#2015 = LINE('',#2016,#2017);
#2016 = CARTESIAN_POINT('',(-16.2,16.2));
#2017 = VECTOR('',#2018,1.);
#2018 = DIRECTION('',(-1.,0.));
#2019 = ( GEOMETRIC_REPRESENTATION_CONTEXT(2) 
PARAMETRIC_REPRESENTATION_CONTEXT() REPRESENTATION_CONTEXT('2D SPACE',''
  ) );
#2020 = PCURVE('',#421,#2021);
#2021 = DEFINITIONAL_REPRESENTATION('',(#2022),#2026);
#2022 = LINE('',#2023,#2024);
#2023 = CARTESIAN_POINT('',(-6.,0.));
#2024 = VECTOR('',#2025,1.);
#2025 = DIRECTION('',(-0.,1.));
#2026 = ( GEOMETRIC_REPRESENTATION_CONTEXT(2) 
PARAMETRIC_REPRESENTATION_CONTEXT() REPRESENTATION_CONTEXT('2D SPACE',''
  ) );
#2027 = ADVANCED_FACE('',(#2028),#1419,.T.);
#2028 = FACE_BOUND('',#2029,.T.);
#2029 = EDGE_LOOP('',(#2030,#2031,#2032,#2052));
#2030 = ORIENTED_EDGE('',*,*,#1726,.F.);
#2031 = ORIENTED_EDGE('',*,*,#1801,.F.);
#2032 = ORIENTED_EDGE('',*,*,#2033,.T.);
#2033 = EDGE_CURVE('',#1802,#1374,#2034,.T.);
#2034 = SURFACE_CURVE('',#2035,(#2038,#2045),.PCURVE_S1.);
#2035 = B_SPLINE_CURVE_WITH_KNOTS('',1,(#2036,#2037),.UNSPECIFIED.,.F.,
  .F.,(2,2),(0.,1.),.PIECEWISE_BEZIER_KNOTS.);
#2036 = CARTESIAN_POINT('',(60.8,60.8,-5.8));
#2037 = CARTESIAN_POINT('',(39.597979746447,39.597979746447,-51.2));
#2038 = PCURVE('',#1419,#2039);
#2039 = DEFINITIONAL_REPRESENTATION('',(#2040),#2044);
#2040 = LINE('',#2041,#2042);
#2041 = CARTESIAN_POINT('',(121.6,0.));
#2042 = VECTOR('',#2043,1.);
#2043 = DIRECTION('',(0.,1.));
#2044 = ( GEOMETRIC_REPRESENTATION_CONTEXT(2) 
PARAMETRIC_REPRESENTATION_CONTEXT() REPRESENTATION_CONTEXT('2D SPACE',''
  ) );
#2045 = PCURVE('',#1512,#2046);
#2046 = DEFINITIONAL_REPRESENTATION('',(#2047),#2051);
#2047 = LINE('',#2048,#2049);
#2048 = CARTESIAN_POINT('',(0.,0.));
#2049 = VECTOR('',#2050,1.);
#2050 = DIRECTION('',(0.,1.));
#2051 = ( GEOMETRIC_REPRESENTATION_CONTEXT(2) 
PARAMETRIC_REPRESENTATION_CONTEXT() REPRESENTATION_CONTEXT('2D SPACE',''
  ) );
#2052 = ORIENTED_EDGE('',*,*,#1373,.T.);
#2053 = ADVANCED_FACE('',(#2054),#1512,.T.);
#2054 = FACE_BOUND('',#2055,.T.);
#2055 = EDGE_LOOP('',(#2056,#2057,#2058,#2078));
#2056 = ORIENTED_EDGE('',*,*,#2033,.F.);
#2057 = ORIENTED_EDGE('',*,*,#1836,.F.);
#2058 = ORIENTED_EDGE('',*,*,#2059,.T.);
#2059 = EDGE_CURVE('',#1837,#1459,#2060,.T.);
#2060 = SURFACE_CURVE('',#2061,(#2064,#2071),.PCURVE_S1.);
#2061 = B_SPLINE_CURVE_WITH_KNOTS('',1,(#2062,#2063),.UNSPECIFIED.,.F.,
  .F.,(2,2),(0.,1.),.PIECEWISE_BEZIER_KNOTS.);
#2062 = CARTESIAN_POINT('',(-60.8,60.8,-5.8));
#2063 = CARTESIAN_POINT('',(-39.59797974644,39.597979746447,-51.2));
#2064 = PCURVE('',#1512,#2065);
#2065 = DEFINITIONAL_REPRESENTATION('',(#2066),#2070);
#2066 = LINE('',#2067,#2068);
#2067 = CARTESIAN_POINT('',(121.6,0.));
#2068 = VECTOR('',#2069,1.);
#2069 = DIRECTION('',(0.,1.));
#2070 = ( GEOMETRIC_REPRESENTATION_CONTEXT(2) 
PARAMETRIC_REPRESENTATION_CONTEXT() REPRESENTATION_CONTEXT('2D SPACE',''
  ) );
#2071 = PCURVE('',#1611,#2072);
#2072 = DEFINITIONAL_REPRESENTATION('',(#2073),#2077);
#2073 = LINE('',#2074,#2075);
#2074 = CARTESIAN_POINT('',(0.,0.));
#2075 = VECTOR('',#2076,1.);
#2076 = DIRECTION('',(0.,1.));
#2077 = ( GEOMETRIC_REPRESENTATION_CONTEXT(2) 
PARAMETRIC_REPRESENTATION_CONTEXT() REPRESENTATION_CONTEXT('2D SPACE',''
  ) );
#2078 = ORIENTED_EDGE('',*,*,#1458,.T.);
#2079 = ADVANCED_FACE('',(#2080),#1611,.T.);
#2080 = FACE_BOUND('',#2081,.T.);
#2081 = EDGE_LOOP('',(#2082,#2083,#2084,#2104));
#2082 = ORIENTED_EDGE('',*,*,#2059,.F.);
#2083 = ORIENTED_EDGE('',*,*,#1886,.F.);
#2084 = ORIENTED_EDGE('',*,*,#2085,.T.);
#2085 = EDGE_CURVE('',#1751,#1188,#2086,.T.);
#2086 = SURFACE_CURVE('',#2087,(#2090,#2097),.PCURVE_S1.);
#2087 = B_SPLINE_CURVE_WITH_KNOTS('',1,(#2088,#2089),.UNSPECIFIED.,.F.,
  .F.,(2,2),(0.,1.),.PIECEWISE_BEZIER_KNOTS.);
#2088 = CARTESIAN_POINT('',(-60.8,-60.8,-5.8));
#2089 = CARTESIAN_POINT('',(-39.59797974644,-39.59797974644,-51.2));
#2090 = PCURVE('',#1611,#2091);
#2091 = DEFINITIONAL_REPRESENTATION('',(#2092),#2096);
#2092 = LINE('',#2093,#2094);
#2093 = CARTESIAN_POINT('',(121.6,0.));
#2094 = VECTOR('',#2095,1.);
#2095 = DIRECTION('',(0.,1.));
#2096 = ( GEOMETRIC_REPRESENTATION_CONTEXT(2) 
PARAMETRIC_REPRESENTATION_CONTEXT() REPRESENTATION_CONTEXT('2D SPACE',''
  ) );
#2097 = PCURVE('',#1241,#2098);
#2098 = DEFINITIONAL_REPRESENTATION('',(#2099),#2103);
#2099 = LINE('',#2100,#2101);
#2100 = CARTESIAN_POINT('',(0.,0.));
#2101 = VECTOR('',#2102,1.);
#2102 = DIRECTION('',(0.,1.));
#2103 = ( GEOMETRIC_REPRESENTATION_CONTEXT(2) 
PARAMETRIC_REPRESENTATION_CONTEXT() REPRESENTATION_CONTEXT('2D SPACE',''
  ) );
#2104 = ORIENTED_EDGE('',*,*,#1559,.T.);
#2105 = ADVANCED_FACE('',(#2106),#1241,.T.);
#2106 = FACE_BOUND('',#2107,.T.);
#2107 = EDGE_LOOP('',(#2108,#2109,#2110,#2111));
#2108 = ORIENTED_EDGE('',*,*,#2085,.F.);
#2109 = ORIENTED_EDGE('',*,*,#1750,.F.);
#2110 = ORIENTED_EDGE('',*,*,#1664,.T.);
#2111 = ORIENTED_EDGE('',*,*,#1185,.T.);
#2112 = ADVANCED_FACE('',(#2113),#982,.F.);
#2113 = FACE_BOUND('',#2114,.F.);
#2114 = EDGE_LOOP('',(#2115,#2144,#2165,#2166));
#2115 = ORIENTED_EDGE('',*,*,#2116,.T.);
#2116 = EDGE_CURVE('',#2117,#2117,#2119,.T.);
#2117 = VERTEX_POINT('',#2118);
#2118 = CARTESIAN_POINT('',(-50.25,52.5,-51.2));
#2119 = SURFACE_CURVE('',#2120,(#2125,#2132),.PCURVE_S1.);
#2120 = CIRCLE('',#2121,2.25);
#2121 = AXIS2_PLACEMENT_3D('',#2122,#2123,#2124);
#2122 = CARTESIAN_POINT('',(-52.5,52.5,-51.2));
#2123 = DIRECTION('',(0.,0.,-1.));
#2124 = DIRECTION('',(1.,-0.,-0.));
#2125 = PCURVE('',#982,#2126);
#2126 = DEFINITIONAL_REPRESENTATION('',(#2127),#2131);
#2127 = LINE('',#2128,#2129);
#2128 = CARTESIAN_POINT('',(6.28318530718,-0.2));
#2129 = VECTOR('',#2130,1.);
#2130 = DIRECTION('',(-1.,0.));
#2131 = ( GEOMETRIC_REPRESENTATION_CONTEXT(2) 
PARAMETRIC_REPRESENTATION_CONTEXT() REPRESENTATION_CONTEXT('2D SPACE',''
  ) );
#2132 = PCURVE('',#2133,#2138);
#2133 = PLANE('',#2134);
#2134 = AXIS2_PLACEMENT_3D('',#2135,#2136,#2137);
#2135 = CARTESIAN_POINT('',(-64.8,-64.8,-51.2));
#2136 = DIRECTION('',(0.,-0.,-1.));
#2137 = DIRECTION('',(-1.,0.,0.));
#2138 = DEFINITIONAL_REPRESENTATION('',(#2139),#2143);
#2139 = CIRCLE('',#2140,2.25);
#2140 = AXIS2_PLACEMENT_2D('',#2141,#2142);
#2141 = CARTESIAN_POINT('',(-12.3,117.3));
#2142 = DIRECTION('',(-1.,0.));
#2143 = ( GEOMETRIC_REPRESENTATION_CONTEXT(2) 
PARAMETRIC_REPRESENTATION_CONTEXT() REPRESENTATION_CONTEXT('2D SPACE',''
  ) );
#2144 = ORIENTED_EDGE('',*,*,#2145,.T.);
#2145 = EDGE_CURVE('',#2117,#962,#2146,.T.);
#2146 = SEAM_CURVE('',#2147,(#2151,#2158),.PCURVE_S1.);
#2147 = LINE('',#2148,#2149);
#2148 = CARTESIAN_POINT('',(-50.25,52.5,-51.));
#2149 = VECTOR('',#2150,1.);
#2150 = DIRECTION('',(-0.,-0.,-1.));
#2151 = PCURVE('',#982,#2152);
#2152 = DEFINITIONAL_REPRESENTATION('',(#2153),#2157);
#2153 = LINE('',#2154,#2155);
#2154 = CARTESIAN_POINT('',(6.28318530718,0.));
#2155 = VECTOR('',#2156,1.);
#2156 = DIRECTION('',(0.,-1.));
#2157 = ( GEOMETRIC_REPRESENTATION_CONTEXT(2) 
PARAMETRIC_REPRESENTATION_CONTEXT() REPRESENTATION_CONTEXT('2D SPACE',''
  ) );
#2158 = PCURVE('',#982,#2159);
#2159 = DEFINITIONAL_REPRESENTATION('',(#2160),#2164);
#2160 = LINE('',#2161,#2162);
#2161 = CARTESIAN_POINT('',(0.,0.));
#2162 = VECTOR('',#2163,1.);
#2163 = DIRECTION('',(0.,-1.));
#2164 = ( GEOMETRIC_REPRESENTATION_CONTEXT(2) 
PARAMETRIC_REPRESENTATION_CONTEXT() REPRESENTATION_CONTEXT('2D SPACE',''
  ) );
#2165 = ORIENTED_EDGE('',*,*,#961,.T.);
#2166 = ORIENTED_EDGE('',*,*,#2145,.F.);
#2167 = ADVANCED_FACE('',(#2168),#2133,.T.);
#2168 = FACE_BOUND('',#2169,.F.);
#2169 = EDGE_LOOP('',(#2170));
#2170 = ORIENTED_EDGE('',*,*,#2116,.F.);
#2171 = ADVANCED_FACE('',(#2172),#947,.F.);
#2172 = FACE_BOUND('',#2173,.F.);
#2173 = EDGE_LOOP('',(#2174,#2203,#2224,#2225));
#2174 = ORIENTED_EDGE('',*,*,#2175,.T.);
#2175 = EDGE_CURVE('',#2176,#2176,#2178,.T.);
#2176 = VERTEX_POINT('',#2177);
#2177 = CARTESIAN_POINT('',(54.75,-52.5,-51.2));
#2178 = SURFACE_CURVE('',#2179,(#2184,#2191),.PCURVE_S1.);
#2179 = CIRCLE('',#2180,2.25);
#2180 = AXIS2_PLACEMENT_3D('',#2181,#2182,#2183);
#2181 = CARTESIAN_POINT('',(52.5,-52.5,-51.2));
#2182 = DIRECTION('',(0.,0.,-1.));
#2183 = DIRECTION('',(1.,-0.,-0.));
#2184 = PCURVE('',#947,#2185);
#2185 = DEFINITIONAL_REPRESENTATION('',(#2186),#2190);
#2186 = LINE('',#2187,#2188);
#2187 = CARTESIAN_POINT('',(6.28318530718,-0.2));
#2188 = VECTOR('',#2189,1.);
#2189 = DIRECTION('',(-1.,0.));
#2190 = ( GEOMETRIC_REPRESENTATION_CONTEXT(2) 
PARAMETRIC_REPRESENTATION_CONTEXT() REPRESENTATION_CONTEXT('2D SPACE',''
  ) );
#2191 = PCURVE('',#2192,#2197);
#2192 = PLANE('',#2193);
#2193 = AXIS2_PLACEMENT_3D('',#2194,#2195,#2196);
#2194 = CARTESIAN_POINT('',(-64.8,-64.8,-51.2));
#2195 = DIRECTION('',(0.,-0.,-1.));
#2196 = DIRECTION('',(-1.,0.,0.));
#2197 = DEFINITIONAL_REPRESENTATION('',(#2198),#2202);
#2198 = CIRCLE('',#2199,2.25);
#2199 = AXIS2_PLACEMENT_2D('',#2200,#2201);
#2200 = CARTESIAN_POINT('',(-117.3,12.3));
#2201 = DIRECTION('',(-1.,0.));
#2202 = ( GEOMETRIC_REPRESENTATION_CONTEXT(2) 
PARAMETRIC_REPRESENTATION_CONTEXT() REPRESENTATION_CONTEXT('2D SPACE',''
  ) );
#2203 = ORIENTED_EDGE('',*,*,#2204,.T.);
#2204 = EDGE_CURVE('',#2176,#927,#2205,.T.);
#2205 = SEAM_CURVE('',#2206,(#2210,#2217),.PCURVE_S1.);
#2206 = LINE('',#2207,#2208);
#2207 = CARTESIAN_POINT('',(54.75,-52.5,-51.));
#2208 = VECTOR('',#2209,1.);
#2209 = DIRECTION('',(-0.,-0.,-1.));
#2210 = PCURVE('',#947,#2211);
#2211 = DEFINITIONAL_REPRESENTATION('',(#2212),#2216);
#2212 = LINE('',#2213,#2214);
#2213 = CARTESIAN_POINT('',(6.28318530718,0.));
#2214 = VECTOR('',#2215,1.);
#2215 = DIRECTION('',(0.,-1.));
#2216 = ( GEOMETRIC_REPRESENTATION_CONTEXT(2) 
PARAMETRIC_REPRESENTATION_CONTEXT() REPRESENTATION_CONTEXT('2D SPACE',''
  ) );
#2217 = PCURVE('',#947,#2218);
#2218 = DEFINITIONAL_REPRESENTATION('',(#2219),#2223);
#2219 = LINE('',#2220,#2221);
#2220 = CARTESIAN_POINT('',(0.,0.));
#2221 = VECTOR('',#2222,1.);
#2222 = DIRECTION('',(0.,-1.));
#2223 = ( GEOMETRIC_REPRESENTATION_CONTEXT(2) 
PARAMETRIC_REPRESENTATION_CONTEXT() REPRESENTATION_CONTEXT('2D SPACE',''
  ) );
#2224 = ORIENTED_EDGE('',*,*,#926,.T.);
#2225 = ORIENTED_EDGE('',*,*,#2204,.F.);
#2226 = ADVANCED_FACE('',(#2227),#2192,.T.);
#2227 = FACE_BOUND('',#2228,.F.);
#2228 = EDGE_LOOP('',(#2229));
#2229 = ORIENTED_EDGE('',*,*,#2175,.F.);
#2230 = ADVANCED_FACE('',(#2231),#912,.F.);
#2231 = FACE_BOUND('',#2232,.F.);
#2232 = EDGE_LOOP('',(#2233,#2262,#2283,#2284));
#2233 = ORIENTED_EDGE('',*,*,#2234,.T.);
#2234 = EDGE_CURVE('',#2235,#2235,#2237,.T.);
#2235 = VERTEX_POINT('',#2236);
#2236 = CARTESIAN_POINT('',(-50.25,-52.5,-51.2));
#2237 = SURFACE_CURVE('',#2238,(#2243,#2250),.PCURVE_S1.);
#2238 = CIRCLE('',#2239,2.25);
#2239 = AXIS2_PLACEMENT_3D('',#2240,#2241,#2242);
#2240 = CARTESIAN_POINT('',(-52.5,-52.5,-51.2));
#2241 = DIRECTION('',(0.,0.,-1.));
#2242 = DIRECTION('',(1.,-0.,-0.));
#2243 = PCURVE('',#912,#2244);
#2244 = DEFINITIONAL_REPRESENTATION('',(#2245),#2249);
#2245 = LINE('',#2246,#2247);
#2246 = CARTESIAN_POINT('',(6.28318530718,-0.2));
#2247 = VECTOR('',#2248,1.);
#2248 = DIRECTION('',(-1.,0.));
#2249 = ( GEOMETRIC_REPRESENTATION_CONTEXT(2) 
PARAMETRIC_REPRESENTATION_CONTEXT() REPRESENTATION_CONTEXT('2D SPACE',''
  ) );
#2250 = PCURVE('',#2251,#2256);
#2251 = PLANE('',#2252);
#2252 = AXIS2_PLACEMENT_3D('',#2253,#2254,#2255);
#2253 = CARTESIAN_POINT('',(-64.8,-64.8,-51.2));
#2254 = DIRECTION('',(0.,-0.,-1.));
#2255 = DIRECTION('',(-1.,0.,0.));
#2256 = DEFINITIONAL_REPRESENTATION('',(#2257),#2261);
#2257 = CIRCLE('',#2258,2.25);
#2258 = AXIS2_PLACEMENT_2D('',#2259,#2260);
#2259 = CARTESIAN_POINT('',(-12.3,12.3));
#2260 = DIRECTION('',(-1.,0.));
#2261 = ( GEOMETRIC_REPRESENTATION_CONTEXT(2) 
PARAMETRIC_REPRESENTATION_CONTEXT() REPRESENTATION_CONTEXT('2D SPACE',''
  ) );
#2262 = ORIENTED_EDGE('',*,*,#2263,.T.);
#2263 = EDGE_CURVE('',#2235,#892,#2264,.T.);
#2264 = SEAM_CURVE('',#2265,(#2269,#2276),.PCURVE_S1.);
#2265 = LINE('',#2266,#2267);
#2266 = CARTESIAN_POINT('',(-50.25,-52.5,-51.));
#2267 = VECTOR('',#2268,1.);
#2268 = DIRECTION('',(-0.,-0.,-1.));
#2269 = PCURVE('',#912,#2270);
#2270 = DEFINITIONAL_REPRESENTATION('',(#2271),#2275);
#2271 = LINE('',#2272,#2273);
#2272 = CARTESIAN_POINT('',(6.28318530718,0.));
#2273 = VECTOR('',#2274,1.);
#2274 = DIRECTION('',(0.,-1.));
#2275 = ( GEOMETRIC_REPRESENTATION_CONTEXT(2) 
PARAMETRIC_REPRESENTATION_CONTEXT() REPRESENTATION_CONTEXT('2D SPACE',''
  ) );
#2276 = PCURVE('',#912,#2277);
#2277 = DEFINITIONAL_REPRESENTATION('',(#2278),#2282);
#2278 = LINE('',#2279,#2280);
#2279 = CARTESIAN_POINT('',(0.,0.));
#2280 = VECTOR('',#2281,1.);
#2281 = DIRECTION('',(0.,-1.));
#2282 = ( GEOMETRIC_REPRESENTATION_CONTEXT(2) 
PARAMETRIC_REPRESENTATION_CONTEXT() REPRESENTATION_CONTEXT('2D SPACE',''
  ) );
#2283 = ORIENTED_EDGE('',*,*,#891,.T.);
#2284 = ORIENTED_EDGE('',*,*,#2263,.F.);
#2285 = ADVANCED_FACE('',(#2286),#2251,.T.);
#2286 = FACE_BOUND('',#2287,.F.);
#2287 = EDGE_LOOP('',(#2288));
#2288 = ORIENTED_EDGE('',*,*,#2234,.F.);
#2289 = ADVANCED_FACE('',(#2290),#855,.F.);
#2290 = FACE_BOUND('',#2291,.T.);
#2291 = EDGE_LOOP('',(#2292,#2322,#2343,#2344,#2367,#2395,#2418,#2441));
#2292 = ORIENTED_EDGE('',*,*,#2293,.F.);
#2293 = EDGE_CURVE('',#2294,#2296,#2298,.T.);
#2294 = VERTEX_POINT('',#2295);
#2295 = CARTESIAN_POINT('',(-64.8,-64.8,-5.8));
#2296 = VERTEX_POINT('',#2297);
#2297 = CARTESIAN_POINT('',(-64.09671336893,-64.8,-5.8));
#2298 = SURFACE_CURVE('',#2299,(#2303,#2310),.PCURVE_S1.);
#2299 = LINE('',#2300,#2301);
#2300 = CARTESIAN_POINT('',(-64.8,-64.8,-5.8));
#2301 = VECTOR('',#2302,1.);
#2302 = DIRECTION('',(1.,0.,-0.));
#2303 = PCURVE('',#855,#2304);
#2304 = DEFINITIONAL_REPRESENTATION('',(#2305),#2309);
#2305 = LINE('',#2306,#2307);
#2306 = CARTESIAN_POINT('',(0.,-0.));
#2307 = VECTOR('',#2308,1.);
#2308 = DIRECTION('',(0.,1.));
#2309 = ( GEOMETRIC_REPRESENTATION_CONTEXT(2) 
PARAMETRIC_REPRESENTATION_CONTEXT() REPRESENTATION_CONTEXT('2D SPACE',''
  ) );
#2310 = PCURVE('',#2311,#2316);
#2311 = PLANE('',#2312);
#2312 = AXIS2_PLACEMENT_3D('',#2313,#2314,#2315);
#2313 = CARTESIAN_POINT('',(-64.8,-64.8,-5.8));
#2314 = DIRECTION('',(0.,-0.,-1.));
#2315 = DIRECTION('',(-1.,0.,0.));
#2316 = DEFINITIONAL_REPRESENTATION('',(#2317),#2321);
#2317 = LINE('',#2318,#2319);
#2318 = CARTESIAN_POINT('',(-0.,0.));
#2319 = VECTOR('',#2320,1.);
#2320 = DIRECTION('',(-1.,0.));
#2321 = ( GEOMETRIC_REPRESENTATION_CONTEXT(2) 
PARAMETRIC_REPRESENTATION_CONTEXT() REPRESENTATION_CONTEXT('2D SPACE',''
  ) );
#2322 = ORIENTED_EDGE('',*,*,#2323,.F.);
#2323 = EDGE_CURVE('',#817,#2294,#2324,.T.);
#2324 = SURFACE_CURVE('',#2325,(#2329,#2336),.PCURVE_S1.);
#2325 = LINE('',#2326,#2327);
#2326 = CARTESIAN_POINT('',(-64.8,-64.8,-55.));
#2327 = VECTOR('',#2328,1.);
#2328 = DIRECTION('',(-0.,-0.,1.));
#2329 = PCURVE('',#855,#2330);
#2330 = DEFINITIONAL_REPRESENTATION('',(#2331),#2335);
#2331 = LINE('',#2332,#2333);
#2332 = CARTESIAN_POINT('',(-49.2,0.));
#2333 = VECTOR('',#2334,1.);
#2334 = DIRECTION('',(1.,-0.));
#2335 = ( GEOMETRIC_REPRESENTATION_CONTEXT(2) 
PARAMETRIC_REPRESENTATION_CONTEXT() REPRESENTATION_CONTEXT('2D SPACE',''
  ) );
#2336 = PCURVE('',#684,#2337);
#2337 = DEFINITIONAL_REPRESENTATION('',(#2338),#2342);
#2338 = LINE('',#2339,#2340);
#2339 = CARTESIAN_POINT('',(-49.2,0.));
#2340 = VECTOR('',#2341,1.);
#2341 = DIRECTION('',(1.,-0.));
#2342 = ( GEOMETRIC_REPRESENTATION_CONTEXT(2) 
PARAMETRIC_REPRESENTATION_CONTEXT() REPRESENTATION_CONTEXT('2D SPACE',''
  ) );
#2343 = ORIENTED_EDGE('',*,*,#839,.T.);
#2344 = ORIENTED_EDGE('',*,*,#2345,.F.);
#2345 = EDGE_CURVE('',#2346,#840,#2348,.T.);
#2346 = VERTEX_POINT('',#2347);
#2347 = CARTESIAN_POINT('',(64.8,-64.8,-5.8));
#2348 = SURFACE_CURVE('',#2349,(#2353,#2360),.PCURVE_S1.);
#2349 = LINE('',#2350,#2351);
#2350 = CARTESIAN_POINT('',(64.8,-64.8,-5.8));
#2351 = VECTOR('',#2352,1.);
#2352 = DIRECTION('',(-0.,-0.,-1.));
#2353 = PCURVE('',#855,#2354);
#2354 = DEFINITIONAL_REPRESENTATION('',(#2355),#2359);
#2355 = LINE('',#2356,#2357);
#2356 = CARTESIAN_POINT('',(0.,129.6));
#2357 = VECTOR('',#2358,1.);
#2358 = DIRECTION('',(-1.,0.));
#2359 = ( GEOMETRIC_REPRESENTATION_CONTEXT(2) 
PARAMETRIC_REPRESENTATION_CONTEXT() REPRESENTATION_CONTEXT('2D SPACE',''
  ) );
#2360 = PCURVE('',#596,#2361);
#2361 = DEFINITIONAL_REPRESENTATION('',(#2362),#2366);
#2362 = LINE('',#2363,#2364);
#2363 = CARTESIAN_POINT('',(-0.,-0.));
#2364 = VECTOR('',#2365,1.);
#2365 = DIRECTION('',(-1.,0.));
#2366 = ( GEOMETRIC_REPRESENTATION_CONTEXT(2) 
PARAMETRIC_REPRESENTATION_CONTEXT() REPRESENTATION_CONTEXT('2D SPACE',''
  ) );
#2367 = ORIENTED_EDGE('',*,*,#2368,.F.);
#2368 = EDGE_CURVE('',#2369,#2346,#2371,.T.);
#2369 = VERTEX_POINT('',#2370);
#2370 = CARTESIAN_POINT('',(64.096713368932,-64.8,-5.8));
#2371 = SURFACE_CURVE('',#2372,(#2376,#2383),.PCURVE_S1.);
#2372 = LINE('',#2373,#2374);
#2373 = CARTESIAN_POINT('',(-64.8,-64.8,-5.8));
#2374 = VECTOR('',#2375,1.);
#2375 = DIRECTION('',(1.,0.,-0.));
#2376 = PCURVE('',#855,#2377);
#2377 = DEFINITIONAL_REPRESENTATION('',(#2378),#2382);
#2378 = LINE('',#2379,#2380);
#2379 = CARTESIAN_POINT('',(0.,-0.));
#2380 = VECTOR('',#2381,1.);
#2381 = DIRECTION('',(0.,1.));
#2382 = ( GEOMETRIC_REPRESENTATION_CONTEXT(2) 
PARAMETRIC_REPRESENTATION_CONTEXT() REPRESENTATION_CONTEXT('2D SPACE',''
  ) );
#2383 = PCURVE('',#2384,#2389);
#2384 = PLANE('',#2385);
#2385 = AXIS2_PLACEMENT_3D('',#2386,#2387,#2388);
#2386 = CARTESIAN_POINT('',(-64.8,-64.8,-5.8));
#2387 = DIRECTION('',(0.,-0.,-1.));
#2388 = DIRECTION('',(-1.,0.,0.));
#2389 = DEFINITIONAL_REPRESENTATION('',(#2390),#2394);
#2390 = LINE('',#2391,#2392);
#2391 = CARTESIAN_POINT('',(-0.,0.));
#2392 = VECTOR('',#2393,1.);
#2393 = DIRECTION('',(-1.,0.));
#2394 = ( GEOMETRIC_REPRESENTATION_CONTEXT(2) 
PARAMETRIC_REPRESENTATION_CONTEXT() REPRESENTATION_CONTEXT('2D SPACE',''
  ) );
#2395 = ORIENTED_EDGE('',*,*,#2396,.F.);
#2396 = EDGE_CURVE('',#2397,#2369,#2399,.T.);
#2397 = VERTEX_POINT('',#2398);
#2398 = CARTESIAN_POINT('',(64.096713368933,-64.8,-6.));
#2399 = SURFACE_CURVE('',#2400,(#2404,#2411),.PCURVE_S1.);
#2400 = LINE('',#2401,#2402);
#2401 = CARTESIAN_POINT('',(64.096713368933,-64.8,0.));
#2402 = VECTOR('',#2403,1.);
#2403 = DIRECTION('',(-0.,-0.,1.));
#2404 = PCURVE('',#855,#2405);
#2405 = DEFINITIONAL_REPRESENTATION('',(#2406),#2410);
#2406 = LINE('',#2407,#2408);
#2407 = CARTESIAN_POINT('',(5.8,128.89671336893));
#2408 = VECTOR('',#2409,1.);
#2409 = DIRECTION('',(1.,-0.));
#2410 = ( GEOMETRIC_REPRESENTATION_CONTEXT(2) 
PARAMETRIC_REPRESENTATION_CONTEXT() REPRESENTATION_CONTEXT('2D SPACE',''
  ) );
#2411 = PCURVE('',#272,#2412);
#2412 = DEFINITIONAL_REPRESENTATION('',(#2413),#2417);
#2413 = LINE('',#2414,#2415);
#2414 = CARTESIAN_POINT('',(2.579056409046,0.));
#2415 = VECTOR('',#2416,1.);
#2416 = DIRECTION('',(0.,1.));
#2417 = ( GEOMETRIC_REPRESENTATION_CONTEXT(2) 
PARAMETRIC_REPRESENTATION_CONTEXT() REPRESENTATION_CONTEXT('2D SPACE',''
  ) );
#2418 = ORIENTED_EDGE('',*,*,#2419,.T.);
#2419 = EDGE_CURVE('',#2397,#2420,#2422,.T.);
#2420 = VERTEX_POINT('',#2421);
#2421 = CARTESIAN_POINT('',(-64.09671336893,-64.8,-6.));
#2422 = SURFACE_CURVE('',#2423,(#2427,#2434),.PCURVE_S1.);
#2423 = LINE('',#2424,#2425);
#2424 = CARTESIAN_POINT('',(-68.9,-64.8,-6.));
#2425 = VECTOR('',#2426,1.);
#2426 = DIRECTION('',(-1.,-0.,-0.));
#2427 = PCURVE('',#855,#2428);
#2428 = DEFINITIONAL_REPRESENTATION('',(#2429),#2433);
#2429 = LINE('',#2430,#2431);
#2430 = CARTESIAN_POINT('',(-0.2,-4.1));
#2431 = VECTOR('',#2432,1.);
#2432 = DIRECTION('',(-0.,-1.));
#2433 = ( GEOMETRIC_REPRESENTATION_CONTEXT(2) 
PARAMETRIC_REPRESENTATION_CONTEXT() REPRESENTATION_CONTEXT('2D SPACE',''
  ) );
#2434 = PCURVE('',#126,#2435);
#2435 = DEFINITIONAL_REPRESENTATION('',(#2436),#2440);
#2436 = LINE('',#2437,#2438);
#2437 = CARTESIAN_POINT('',(-4.1,8.2));
#2438 = VECTOR('',#2439,1.);
#2439 = DIRECTION('',(1.,-0.));
#2440 = ( GEOMETRIC_REPRESENTATION_CONTEXT(2) 
PARAMETRIC_REPRESENTATION_CONTEXT() REPRESENTATION_CONTEXT('2D SPACE',''
  ) );
#2441 = ORIENTED_EDGE('',*,*,#2442,.T.);
#2442 = EDGE_CURVE('',#2420,#2296,#2443,.T.);
#2443 = SURFACE_CURVE('',#2444,(#2448,#2455),.PCURVE_S1.);
#2444 = LINE('',#2445,#2446);
#2445 = CARTESIAN_POINT('',(-64.09671336893,-64.8,0.));
#2446 = VECTOR('',#2447,1.);
#2447 = DIRECTION('',(-0.,-0.,1.));
#2448 = PCURVE('',#855,#2449);
#2449 = DEFINITIONAL_REPRESENTATION('',(#2450),#2454);
#2450 = LINE('',#2451,#2452);
#2451 = CARTESIAN_POINT('',(5.8,0.703286631067));
#2452 = VECTOR('',#2453,1.);
#2453 = DIRECTION('',(1.,-0.));
#2454 = ( GEOMETRIC_REPRESENTATION_CONTEXT(2) 
PARAMETRIC_REPRESENTATION_CONTEXT() REPRESENTATION_CONTEXT('2D SPACE',''
  ) );
#2455 = PCURVE('',#237,#2456);
#2456 = DEFINITIONAL_REPRESENTATION('',(#2457),#2461);
#2457 = LINE('',#2458,#2459);
#2458 = CARTESIAN_POINT('',(0.562536244544,0.));
#2459 = VECTOR('',#2460,1.);
#2460 = DIRECTION('',(0.,1.));
#2461 = ( GEOMETRIC_REPRESENTATION_CONTEXT(2) 
PARAMETRIC_REPRESENTATION_CONTEXT() REPRESENTATION_CONTEXT('2D SPACE',''
  ) );
#2462 = ADVANCED_FACE('',(#2463),#2384,.F.);
#2463 = FACE_BOUND('',#2464,.T.);
#2464 = EDGE_LOOP('',(#2465,#2489,#2490));
#2465 = ORIENTED_EDGE('',*,*,#2466,.F.);
#2466 = EDGE_CURVE('',#2369,#2467,#2469,.T.);
#2467 = VERTEX_POINT('',#2468);
#2468 = CARTESIAN_POINT('',(64.8,-64.09671336893,-5.8));
#2469 = SURFACE_CURVE('',#2470,(#2475,#2482),.PCURVE_S1.);
#2470 = CIRCLE('',#2471,2.25);
#2471 = AXIS2_PLACEMENT_3D('',#2472,#2473,#2474);
#2472 = CARTESIAN_POINT('',(66.,-66.,-5.8));
#2473 = DIRECTION('',(0.,0.,-1.));
#2474 = DIRECTION('',(1.,-0.,-0.));
#2475 = PCURVE('',#2384,#2476);
#2476 = DEFINITIONAL_REPRESENTATION('',(#2477),#2481);
#2477 = CIRCLE('',#2478,2.25);
#2478 = AXIS2_PLACEMENT_2D('',#2479,#2480);
#2479 = CARTESIAN_POINT('',(-130.8,-1.2));
#2480 = DIRECTION('',(-1.,0.));
#2481 = ( GEOMETRIC_REPRESENTATION_CONTEXT(2) 
PARAMETRIC_REPRESENTATION_CONTEXT() REPRESENTATION_CONTEXT('2D SPACE',''
  ) );
#2482 = PCURVE('',#272,#2483);
#2483 = DEFINITIONAL_REPRESENTATION('',(#2484),#2488);
#2484 = LINE('',#2485,#2486);
#2485 = CARTESIAN_POINT('',(6.28318530718,-5.8));
#2486 = VECTOR('',#2487,1.);
#2487 = DIRECTION('',(-1.,0.));
#2488 = ( GEOMETRIC_REPRESENTATION_CONTEXT(2) 
PARAMETRIC_REPRESENTATION_CONTEXT() REPRESENTATION_CONTEXT('2D SPACE',''
  ) );
#2489 = ORIENTED_EDGE('',*,*,#2368,.T.);
#2490 = ORIENTED_EDGE('',*,*,#2491,.T.);
#2491 = EDGE_CURVE('',#2346,#2467,#2492,.T.);
#2492 = SURFACE_CURVE('',#2493,(#2497,#2504),.PCURVE_S1.);
#2493 = LINE('',#2494,#2495);
#2494 = CARTESIAN_POINT('',(64.8,-64.8,-5.8));
#2495 = VECTOR('',#2496,1.);
#2496 = DIRECTION('',(-0.,1.,0.));
#2497 = PCURVE('',#2384,#2498);
#2498 = DEFINITIONAL_REPRESENTATION('',(#2499),#2503);
#2499 = LINE('',#2500,#2501);
#2500 = CARTESIAN_POINT('',(-129.6,0.));
#2501 = VECTOR('',#2502,1.);
#2502 = DIRECTION('',(-0.,1.));
#2503 = ( GEOMETRIC_REPRESENTATION_CONTEXT(2) 
PARAMETRIC_REPRESENTATION_CONTEXT() REPRESENTATION_CONTEXT('2D SPACE',''
  ) );
#2504 = PCURVE('',#596,#2505);
#2505 = DEFINITIONAL_REPRESENTATION('',(#2506),#2510);
#2506 = LINE('',#2507,#2508);
#2507 = CARTESIAN_POINT('',(-0.,-0.));
#2508 = VECTOR('',#2509,1.);
#2509 = DIRECTION('',(-0.,-1.));
#2510 = ( GEOMETRIC_REPRESENTATION_CONTEXT(2) 
PARAMETRIC_REPRESENTATION_CONTEXT() REPRESENTATION_CONTEXT('2D SPACE',''
  ) );
#2511 = ADVANCED_FACE('',(#2512),#2311,.F.);
#2512 = FACE_BOUND('',#2513,.T.);
#2513 = EDGE_LOOP('',(#2514,#2537,#2538));
#2514 = ORIENTED_EDGE('',*,*,#2515,.F.);
#2515 = EDGE_CURVE('',#2294,#2516,#2518,.T.);
#2516 = VERTEX_POINT('',#2517);
#2517 = CARTESIAN_POINT('',(-64.8,-64.09671336893,-5.8));
#2518 = SURFACE_CURVE('',#2519,(#2523,#2530),.PCURVE_S1.);
#2519 = LINE('',#2520,#2521);
#2520 = CARTESIAN_POINT('',(-64.8,-64.8,-5.8));
#2521 = VECTOR('',#2522,1.);
#2522 = DIRECTION('',(-0.,1.,0.));
#2523 = PCURVE('',#2311,#2524);
#2524 = DEFINITIONAL_REPRESENTATION('',(#2525),#2529);
#2525 = LINE('',#2526,#2527);
#2526 = CARTESIAN_POINT('',(-0.,0.));
#2527 = VECTOR('',#2528,1.);
#2528 = DIRECTION('',(-0.,1.));
#2529 = ( GEOMETRIC_REPRESENTATION_CONTEXT(2) 
PARAMETRIC_REPRESENTATION_CONTEXT() REPRESENTATION_CONTEXT('2D SPACE',''
  ) );
#2530 = PCURVE('',#684,#2531);
#2531 = DEFINITIONAL_REPRESENTATION('',(#2532),#2536);
#2532 = LINE('',#2533,#2534);
#2533 = CARTESIAN_POINT('',(-0.,-0.));
#2534 = VECTOR('',#2535,1.);
#2535 = DIRECTION('',(-0.,-1.));
#2536 = ( GEOMETRIC_REPRESENTATION_CONTEXT(2) 
PARAMETRIC_REPRESENTATION_CONTEXT() REPRESENTATION_CONTEXT('2D SPACE',''
  ) );
#2537 = ORIENTED_EDGE('',*,*,#2293,.T.);
#2538 = ORIENTED_EDGE('',*,*,#2539,.F.);
#2539 = EDGE_CURVE('',#2516,#2296,#2540,.T.);
#2540 = SURFACE_CURVE('',#2541,(#2546,#2553),.PCURVE_S1.);
#2541 = CIRCLE('',#2542,2.25);
#2542 = AXIS2_PLACEMENT_3D('',#2543,#2544,#2545);
#2543 = CARTESIAN_POINT('',(-66.,-66.,-5.8));
#2544 = DIRECTION('',(0.,0.,-1.));
#2545 = DIRECTION('',(1.,-0.,-0.));
#2546 = PCURVE('',#2311,#2547);
#2547 = DEFINITIONAL_REPRESENTATION('',(#2548),#2552);
#2548 = CIRCLE('',#2549,2.25);
#2549 = AXIS2_PLACEMENT_2D('',#2550,#2551);
#2550 = CARTESIAN_POINT('',(1.2,-1.2));
#2551 = DIRECTION('',(-1.,0.));
#2552 = ( GEOMETRIC_REPRESENTATION_CONTEXT(2) 
PARAMETRIC_REPRESENTATION_CONTEXT() REPRESENTATION_CONTEXT('2D SPACE',''
  ) );
#2553 = PCURVE('',#237,#2554);
#2554 = DEFINITIONAL_REPRESENTATION('',(#2555),#2559);
#2555 = LINE('',#2556,#2557);
#2556 = CARTESIAN_POINT('',(6.28318530718,-5.8));
#2557 = VECTOR('',#2558,1.);
#2558 = DIRECTION('',(-1.,0.));
#2559 = ( GEOMETRIC_REPRESENTATION_CONTEXT(2) 
PARAMETRIC_REPRESENTATION_CONTEXT() REPRESENTATION_CONTEXT('2D SPACE',''
  ) );
#2560 = ADVANCED_FACE('',(#2561),#684,.F.);
#2561 = FACE_BOUND('',#2562,.T.);
#2562 = EDGE_LOOP('',(#2563,#2564,#2565,#2566,#2567,#2590,#2613,#2636));
#2563 = ORIENTED_EDGE('',*,*,#668,.T.);
#2564 = ORIENTED_EDGE('',*,*,#816,.F.);
#2565 = ORIENTED_EDGE('',*,*,#2323,.T.);
#2566 = ORIENTED_EDGE('',*,*,#2515,.T.);
#2567 = ORIENTED_EDGE('',*,*,#2568,.F.);
#2568 = EDGE_CURVE('',#2569,#2516,#2571,.T.);
#2569 = VERTEX_POINT('',#2570);
#2570 = CARTESIAN_POINT('',(-64.8,-64.09671336893,-6.));
#2571 = SURFACE_CURVE('',#2572,(#2576,#2583),.PCURVE_S1.);
#2572 = LINE('',#2573,#2574);
#2573 = CARTESIAN_POINT('',(-64.8,-64.09671336893,0.));
#2574 = VECTOR('',#2575,1.);
#2575 = DIRECTION('',(-0.,-0.,1.));
#2576 = PCURVE('',#684,#2577);
#2577 = DEFINITIONAL_REPRESENTATION('',(#2578),#2582);
#2578 = LINE('',#2579,#2580);
#2579 = CARTESIAN_POINT('',(5.8,-0.703286631067));
#2580 = VECTOR('',#2581,1.);
#2581 = DIRECTION('',(1.,-0.));
#2582 = ( GEOMETRIC_REPRESENTATION_CONTEXT(2) 
PARAMETRIC_REPRESENTATION_CONTEXT() REPRESENTATION_CONTEXT('2D SPACE',''
  ) );
#2583 = PCURVE('',#237,#2584);
#2584 = DEFINITIONAL_REPRESENTATION('',(#2585),#2589);
#2585 = LINE('',#2586,#2587);
#2586 = CARTESIAN_POINT('',(1.008260082251,0.));
#2587 = VECTOR('',#2588,1.);
#2588 = DIRECTION('',(0.,1.));
#2589 = ( GEOMETRIC_REPRESENTATION_CONTEXT(2) 
PARAMETRIC_REPRESENTATION_CONTEXT() REPRESENTATION_CONTEXT('2D SPACE',''
  ) );
#2590 = ORIENTED_EDGE('',*,*,#2591,.T.);
#2591 = EDGE_CURVE('',#2569,#2592,#2594,.T.);
#2592 = VERTEX_POINT('',#2593);
#2593 = CARTESIAN_POINT('',(-64.8,64.096713368933,-6.));
#2594 = SURFACE_CURVE('',#2595,(#2599,#2606),.PCURVE_S1.);
#2595 = LINE('',#2596,#2597);
#2596 = CARTESIAN_POINT('',(-64.8,-68.9,-6.));
#2597 = VECTOR('',#2598,1.);
#2598 = DIRECTION('',(-0.,1.,-0.));
#2599 = PCURVE('',#684,#2600);
#2600 = DEFINITIONAL_REPRESENTATION('',(#2601),#2605);
#2601 = LINE('',#2602,#2603);
#2602 = CARTESIAN_POINT('',(-0.2,4.1));
#2603 = VECTOR('',#2604,1.);
#2604 = DIRECTION('',(-0.,-1.));
#2605 = ( GEOMETRIC_REPRESENTATION_CONTEXT(2) 
PARAMETRIC_REPRESENTATION_CONTEXT() REPRESENTATION_CONTEXT('2D SPACE',''
  ) );
#2606 = PCURVE('',#126,#2607);
#2607 = DEFINITIONAL_REPRESENTATION('',(#2608),#2612);
#2608 = LINE('',#2609,#2610);
#2609 = CARTESIAN_POINT('',(-8.2,4.1));
#2610 = VECTOR('',#2611,1.);
#2611 = DIRECTION('',(-0.,1.));
#2612 = ( GEOMETRIC_REPRESENTATION_CONTEXT(2) 
PARAMETRIC_REPRESENTATION_CONTEXT() REPRESENTATION_CONTEXT('2D SPACE',''
  ) );
#2613 = ORIENTED_EDGE('',*,*,#2614,.T.);
#2614 = EDGE_CURVE('',#2592,#2615,#2617,.T.);
#2615 = VERTEX_POINT('',#2616);
#2616 = CARTESIAN_POINT('',(-64.8,64.096713368932,-5.8));
#2617 = SURFACE_CURVE('',#2618,(#2622,#2629),.PCURVE_S1.);
#2618 = LINE('',#2619,#2620);
#2619 = CARTESIAN_POINT('',(-64.8,64.096713368933,0.));
#2620 = VECTOR('',#2621,1.);
#2621 = DIRECTION('',(-0.,-0.,1.));
#2622 = PCURVE('',#684,#2623);
#2623 = DEFINITIONAL_REPRESENTATION('',(#2624),#2628);
#2624 = LINE('',#2625,#2626);
#2625 = CARTESIAN_POINT('',(5.8,-128.8967133689));
#2626 = VECTOR('',#2627,1.);
#2627 = DIRECTION('',(1.,-0.));
#2628 = ( GEOMETRIC_REPRESENTATION_CONTEXT(2) 
PARAMETRIC_REPRESENTATION_CONTEXT() REPRESENTATION_CONTEXT('2D SPACE',''
  ) );
#2629 = PCURVE('',#307,#2630);
#2630 = DEFINITIONAL_REPRESENTATION('',(#2631),#2635);
#2631 = LINE('',#2632,#2633);
#2632 = CARTESIAN_POINT('',(5.274925224929,0.));
#2633 = VECTOR('',#2634,1.);
#2634 = DIRECTION('',(0.,1.));
#2635 = ( GEOMETRIC_REPRESENTATION_CONTEXT(2) 
PARAMETRIC_REPRESENTATION_CONTEXT() REPRESENTATION_CONTEXT('2D SPACE',''
  ) );
#2636 = ORIENTED_EDGE('',*,*,#2637,.T.);
#2637 = EDGE_CURVE('',#2615,#639,#2638,.T.);
#2638 = SURFACE_CURVE('',#2639,(#2643,#2650),.PCURVE_S1.);
#2639 = LINE('',#2640,#2641);
#2640 = CARTESIAN_POINT('',(-64.8,-64.8,-5.8));
#2641 = VECTOR('',#2642,1.);
#2642 = DIRECTION('',(-0.,1.,0.));
#2643 = PCURVE('',#684,#2644);
#2644 = DEFINITIONAL_REPRESENTATION('',(#2645),#2649);
#2645 = LINE('',#2646,#2647);
#2646 = CARTESIAN_POINT('',(-0.,-0.));
#2647 = VECTOR('',#2648,1.);
#2648 = DIRECTION('',(-0.,-1.));
#2649 = ( GEOMETRIC_REPRESENTATION_CONTEXT(2) 
PARAMETRIC_REPRESENTATION_CONTEXT() REPRESENTATION_CONTEXT('2D SPACE',''
  ) );
#2650 = PCURVE('',#656,#2651);
#2651 = DEFINITIONAL_REPRESENTATION('',(#2652),#2656);
#2652 = LINE('',#2653,#2654);
#2653 = CARTESIAN_POINT('',(-0.,0.));
#2654 = VECTOR('',#2655,1.);
#2655 = DIRECTION('',(-0.,1.));
#2656 = ( GEOMETRIC_REPRESENTATION_CONTEXT(2) 
PARAMETRIC_REPRESENTATION_CONTEXT() REPRESENTATION_CONTEXT('2D SPACE',''
  ) );
#2657 = ADVANCED_FACE('',(#2658),#656,.F.);
#2658 = FACE_BOUND('',#2659,.T.);
#2659 = EDGE_LOOP('',(#2660,#2661,#2683));
#2660 = ORIENTED_EDGE('',*,*,#2637,.F.);
#2661 = ORIENTED_EDGE('',*,*,#2662,.F.);
#2662 = EDGE_CURVE('',#641,#2615,#2663,.T.);
#2663 = SURFACE_CURVE('',#2664,(#2669,#2676),.PCURVE_S1.);
#2664 = CIRCLE('',#2665,2.25);
#2665 = AXIS2_PLACEMENT_3D('',#2666,#2667,#2668);
#2666 = CARTESIAN_POINT('',(-66.,66.,-5.8));
#2667 = DIRECTION('',(0.,0.,-1.));
#2668 = DIRECTION('',(1.,-0.,-0.));
#2669 = PCURVE('',#656,#2670);
#2670 = DEFINITIONAL_REPRESENTATION('',(#2671),#2675);
#2671 = CIRCLE('',#2672,2.25);
#2672 = AXIS2_PLACEMENT_2D('',#2673,#2674);
#2673 = CARTESIAN_POINT('',(1.2,130.8));
#2674 = DIRECTION('',(-1.,0.));
#2675 = ( GEOMETRIC_REPRESENTATION_CONTEXT(2) 
PARAMETRIC_REPRESENTATION_CONTEXT() REPRESENTATION_CONTEXT('2D SPACE',''
  ) );
#2676 = PCURVE('',#307,#2677);
#2677 = DEFINITIONAL_REPRESENTATION('',(#2678),#2682);
#2678 = LINE('',#2679,#2680);
#2679 = CARTESIAN_POINT('',(6.28318530718,-5.8));
#2680 = VECTOR('',#2681,1.);
#2681 = DIRECTION('',(-1.,0.));
#2682 = ( GEOMETRIC_REPRESENTATION_CONTEXT(2) 
PARAMETRIC_REPRESENTATION_CONTEXT() REPRESENTATION_CONTEXT('2D SPACE',''
  ) );
#2683 = ORIENTED_EDGE('',*,*,#638,.F.);
#2684 = ADVANCED_FACE('',(#2685),#568,.F.);
#2685 = FACE_BOUND('',#2686,.T.);
#2686 = EDGE_LOOP('',(#2687,#2688,#2689));
#2687 = ORIENTED_EDGE('',*,*,#747,.F.);
#2688 = ORIENTED_EDGE('',*,*,#551,.F.);
#2689 = ORIENTED_EDGE('',*,*,#2690,.T.);
#2690 = EDGE_CURVE('',#552,#725,#2691,.T.);
#2691 = SURFACE_CURVE('',#2692,(#2696,#2703),.PCURVE_S1.);
#2692 = LINE('',#2693,#2694);
#2693 = CARTESIAN_POINT('',(64.8,-64.8,-5.8));
#2694 = VECTOR('',#2695,1.);
#2695 = DIRECTION('',(-0.,1.,0.));
#2696 = PCURVE('',#568,#2697);
#2697 = DEFINITIONAL_REPRESENTATION('',(#2698),#2702);
#2698 = LINE('',#2699,#2700);
#2699 = CARTESIAN_POINT('',(-129.6,0.));
#2700 = VECTOR('',#2701,1.);
#2701 = DIRECTION('',(-0.,1.));
#2702 = ( GEOMETRIC_REPRESENTATION_CONTEXT(2) 
PARAMETRIC_REPRESENTATION_CONTEXT() REPRESENTATION_CONTEXT('2D SPACE',''
  ) );
#2703 = PCURVE('',#596,#2704);
#2704 = DEFINITIONAL_REPRESENTATION('',(#2705),#2709);
#2705 = LINE('',#2706,#2707);
#2706 = CARTESIAN_POINT('',(-0.,-0.));
#2707 = VECTOR('',#2708,1.);
#2708 = DIRECTION('',(-0.,-1.));
#2709 = ( GEOMETRIC_REPRESENTATION_CONTEXT(2) 
PARAMETRIC_REPRESENTATION_CONTEXT() REPRESENTATION_CONTEXT('2D SPACE',''
  ) );
#2710 = ADVANCED_FACE('',(#2711),#596,.T.);
#2711 = FACE_BOUND('',#2712,.F.);
#2712 = EDGE_LOOP('',(#2713,#2714,#2715,#2716,#2717,#2740,#2761,#2762));
#2713 = ORIENTED_EDGE('',*,*,#724,.T.);
#2714 = ORIENTED_EDGE('',*,*,#867,.F.);
#2715 = ORIENTED_EDGE('',*,*,#2345,.F.);
#2716 = ORIENTED_EDGE('',*,*,#2491,.T.);
#2717 = ORIENTED_EDGE('',*,*,#2718,.F.);
#2718 = EDGE_CURVE('',#2719,#2467,#2721,.T.);
#2719 = VERTEX_POINT('',#2720);
#2720 = CARTESIAN_POINT('',(64.8,-64.09671336893,-6.));
#2721 = SURFACE_CURVE('',#2722,(#2726,#2733),.PCURVE_S1.);
#2722 = LINE('',#2723,#2724);
#2723 = CARTESIAN_POINT('',(64.8,-64.09671336893,0.));
#2724 = VECTOR('',#2725,1.);
#2725 = DIRECTION('',(-0.,-0.,1.));
#2726 = PCURVE('',#596,#2727);
#2727 = DEFINITIONAL_REPRESENTATION('',(#2728),#2732);
#2728 = LINE('',#2729,#2730);
#2729 = CARTESIAN_POINT('',(5.8,-0.703286631067));
#2730 = VECTOR('',#2731,1.);
#2731 = DIRECTION('',(1.,-0.));
#2732 = ( GEOMETRIC_REPRESENTATION_CONTEXT(2) 
PARAMETRIC_REPRESENTATION_CONTEXT() REPRESENTATION_CONTEXT('2D SPACE',''
  ) );
#2733 = PCURVE('',#272,#2734);
#2734 = DEFINITIONAL_REPRESENTATION('',(#2735),#2739);
#2735 = LINE('',#2736,#2737);
#2736 = CARTESIAN_POINT('',(2.133332571339,0.));
#2737 = VECTOR('',#2738,1.);
#2738 = DIRECTION('',(0.,1.));
#2739 = ( GEOMETRIC_REPRESENTATION_CONTEXT(2) 
PARAMETRIC_REPRESENTATION_CONTEXT() REPRESENTATION_CONTEXT('2D SPACE',''
  ) );
#2740 = ORIENTED_EDGE('',*,*,#2741,.T.);
#2741 = EDGE_CURVE('',#2719,#581,#2742,.T.);
#2742 = SURFACE_CURVE('',#2743,(#2747,#2754),.PCURVE_S1.);
#2743 = LINE('',#2744,#2745);
#2744 = CARTESIAN_POINT('',(64.8,-68.9,-6.));
#2745 = VECTOR('',#2746,1.);
#2746 = DIRECTION('',(-0.,1.,-0.));
#2747 = PCURVE('',#596,#2748);
#2748 = DEFINITIONAL_REPRESENTATION('',(#2749),#2753);
#2749 = LINE('',#2750,#2751);
#2750 = CARTESIAN_POINT('',(-0.2,4.1));
#2751 = VECTOR('',#2752,1.);
#2752 = DIRECTION('',(-0.,-1.));
#2753 = ( GEOMETRIC_REPRESENTATION_CONTEXT(2) 
PARAMETRIC_REPRESENTATION_CONTEXT() REPRESENTATION_CONTEXT('2D SPACE',''
  ) );
#2754 = PCURVE('',#126,#2755);
#2755 = DEFINITIONAL_REPRESENTATION('',(#2756),#2760);
#2756 = LINE('',#2757,#2758);
#2757 = CARTESIAN_POINT('',(-137.8,4.1));
#2758 = VECTOR('',#2759,1.);
#2759 = DIRECTION('',(-0.,1.));
#2760 = ( GEOMETRIC_REPRESENTATION_CONTEXT(2) 
PARAMETRIC_REPRESENTATION_CONTEXT() REPRESENTATION_CONTEXT('2D SPACE',''
  ) );
#2761 = ORIENTED_EDGE('',*,*,#580,.T.);
#2762 = ORIENTED_EDGE('',*,*,#2690,.T.);
#2763 = ADVANCED_FACE('',(#2764),#395,.F.);
#2764 = FACE_BOUND('',#2765,.T.);
#2765 = EDGE_LOOP('',(#2766,#2787,#2788,#2809));
#2766 = ORIENTED_EDGE('',*,*,#2767,.F.);
#2767 = EDGE_CURVE('',#380,#1985,#2768,.T.);
#2768 = SURFACE_CURVE('',#2769,(#2773,#2780),.PCURVE_S1.);
#2769 = LINE('',#2770,#2771);
#2770 = CARTESIAN_POINT('',(56.8,-56.8,0.));
#2771 = VECTOR('',#2772,1.);
#2772 = DIRECTION('',(0.,-0.,-1.));
#2773 = PCURVE('',#395,#2774);
#2774 = DEFINITIONAL_REPRESENTATION('',(#2775),#2779);
#2775 = LINE('',#2776,#2777);
#2776 = CARTESIAN_POINT('',(-0.,-0.));
#2777 = VECTOR('',#2778,1.);
#2778 = DIRECTION('',(-1.,0.));
#2779 = ( GEOMETRIC_REPRESENTATION_CONTEXT(2) 
PARAMETRIC_REPRESENTATION_CONTEXT() REPRESENTATION_CONTEXT('2D SPACE',''
  ) );
#2780 = PCURVE('',#421,#2781);
#2781 = DEFINITIONAL_REPRESENTATION('',(#2782),#2786);
#2782 = LINE('',#2783,#2784);
#2783 = CARTESIAN_POINT('',(0.,113.6));
#2784 = VECTOR('',#2785,1.);
#2785 = DIRECTION('',(-1.,0.));
#2786 = ( GEOMETRIC_REPRESENTATION_CONTEXT(2) 
PARAMETRIC_REPRESENTATION_CONTEXT() REPRESENTATION_CONTEXT('2D SPACE',''
  ) );
#2787 = ORIENTED_EDGE('',*,*,#379,.T.);
#2788 = ORIENTED_EDGE('',*,*,#2789,.T.);
#2789 = EDGE_CURVE('',#352,#1962,#2790,.T.);
#2790 = SURFACE_CURVE('',#2791,(#2795,#2802),.PCURVE_S1.);
#2791 = LINE('',#2792,#2793);
#2792 = CARTESIAN_POINT('',(56.8,56.8,0.));
#2793 = VECTOR('',#2794,1.);
#2794 = DIRECTION('',(0.,-0.,-1.));
#2795 = PCURVE('',#395,#2796);
#2796 = DEFINITIONAL_REPRESENTATION('',(#2797),#2801);
#2797 = LINE('',#2798,#2799);
#2798 = CARTESIAN_POINT('',(-0.,-113.6));
#2799 = VECTOR('',#2800,1.);
#2800 = DIRECTION('',(-1.,0.));
#2801 = ( GEOMETRIC_REPRESENTATION_CONTEXT(2) 
PARAMETRIC_REPRESENTATION_CONTEXT() REPRESENTATION_CONTEXT('2D SPACE',''
  ) );
#2802 = PCURVE('',#367,#2803);
#2803 = DEFINITIONAL_REPRESENTATION('',(#2804),#2808);
#2804 = LINE('',#2805,#2806);
#2805 = CARTESIAN_POINT('',(0.,113.6));
#2806 = VECTOR('',#2807,1.);
#2807 = DIRECTION('',(-1.,0.));
#2808 = ( GEOMETRIC_REPRESENTATION_CONTEXT(2) 
PARAMETRIC_REPRESENTATION_CONTEXT() REPRESENTATION_CONTEXT('2D SPACE',''
  ) );
#2809 = ORIENTED_EDGE('',*,*,#1984,.F.);
#2810 = ADVANCED_FACE('',(#2811),#421,.T.);
#2811 = FACE_BOUND('',#2812,.F.);
#2812 = EDGE_LOOP('',(#2813,#2814,#2835,#2836));
#2813 = ORIENTED_EDGE('',*,*,#407,.F.);
#2814 = ORIENTED_EDGE('',*,*,#2815,.T.);
#2815 = EDGE_CURVE('',#322,#1937,#2816,.T.);
#2816 = SURFACE_CURVE('',#2817,(#2821,#2828),.PCURVE_S1.);
#2817 = LINE('',#2818,#2819);
#2818 = CARTESIAN_POINT('',(-56.8,-56.8,0.));
#2819 = VECTOR('',#2820,1.);
#2820 = DIRECTION('',(0.,-0.,-1.));
#2821 = PCURVE('',#421,#2822);
#2822 = DEFINITIONAL_REPRESENTATION('',(#2823),#2827);
#2823 = LINE('',#2824,#2825);
#2824 = CARTESIAN_POINT('',(0.,-0.));
#2825 = VECTOR('',#2826,1.);
#2826 = DIRECTION('',(-1.,0.));
#2827 = ( GEOMETRIC_REPRESENTATION_CONTEXT(2) 
PARAMETRIC_REPRESENTATION_CONTEXT() REPRESENTATION_CONTEXT('2D SPACE',''
  ) );
#2828 = PCURVE('',#339,#2829);
#2829 = DEFINITIONAL_REPRESENTATION('',(#2830),#2834);
#2830 = LINE('',#2831,#2832);
#2831 = CARTESIAN_POINT('',(-0.,-0.));
#2832 = VECTOR('',#2833,1.);
#2833 = DIRECTION('',(-1.,0.));
#2834 = ( GEOMETRIC_REPRESENTATION_CONTEXT(2) 
PARAMETRIC_REPRESENTATION_CONTEXT() REPRESENTATION_CONTEXT('2D SPACE',''
  ) );
#2835 = ORIENTED_EDGE('',*,*,#2007,.T.);
#2836 = ORIENTED_EDGE('',*,*,#2767,.F.);
#2837 = ADVANCED_FACE('',(#2838),#367,.F.);
#2838 = FACE_BOUND('',#2839,.T.);
#2839 = EDGE_LOOP('',(#2840,#2841,#2862,#2863));
#2840 = ORIENTED_EDGE('',*,*,#351,.F.);
#2841 = ORIENTED_EDGE('',*,*,#2842,.T.);
#2842 = EDGE_CURVE('',#324,#1939,#2843,.T.);
#2843 = SURFACE_CURVE('',#2844,(#2848,#2855),.PCURVE_S1.);
#2844 = LINE('',#2845,#2846);
#2845 = CARTESIAN_POINT('',(-56.8,56.8,0.));
#2846 = VECTOR('',#2847,1.);
#2847 = DIRECTION('',(0.,-0.,-1.));
#2848 = PCURVE('',#367,#2849);
#2849 = DEFINITIONAL_REPRESENTATION('',(#2850),#2854);
#2850 = LINE('',#2851,#2852);
#2851 = CARTESIAN_POINT('',(0.,-0.));
#2852 = VECTOR('',#2853,1.);
#2853 = DIRECTION('',(-1.,0.));
#2854 = ( GEOMETRIC_REPRESENTATION_CONTEXT(2) 
PARAMETRIC_REPRESENTATION_CONTEXT() REPRESENTATION_CONTEXT('2D SPACE',''
  ) );
#2855 = PCURVE('',#339,#2856);
#2856 = DEFINITIONAL_REPRESENTATION('',(#2857),#2861);
#2857 = LINE('',#2858,#2859);
#2858 = CARTESIAN_POINT('',(-0.,-113.6));
#2859 = VECTOR('',#2860,1.);
#2860 = DIRECTION('',(-1.,0.));
#2861 = ( GEOMETRIC_REPRESENTATION_CONTEXT(2) 
PARAMETRIC_REPRESENTATION_CONTEXT() REPRESENTATION_CONTEXT('2D SPACE',''
  ) );
#2862 = ORIENTED_EDGE('',*,*,#1961,.T.);
#2863 = ORIENTED_EDGE('',*,*,#2789,.F.);
#2864 = ADVANCED_FACE('',(#2865),#339,.T.);
#2865 = FACE_BOUND('',#2866,.F.);
#2866 = EDGE_LOOP('',(#2867,#2868,#2869,#2870));
#2867 = ORIENTED_EDGE('',*,*,#2815,.F.);
#2868 = ORIENTED_EDGE('',*,*,#321,.T.);
#2869 = ORIENTED_EDGE('',*,*,#2842,.T.);
#2870 = ORIENTED_EDGE('',*,*,#1936,.F.);
#2871 = ADVANCED_FACE('',(#2872),#307,.F.);
#2872 = FACE_BOUND('',#2873,.F.);
#2873 = EDGE_LOOP('',(#2874,#2875,#2898,#2924,#2925,#2926,#2927,#2953));
#2874 = ORIENTED_EDGE('',*,*,#286,.F.);
#2875 = ORIENTED_EDGE('',*,*,#2876,.T.);
#2876 = EDGE_CURVE('',#287,#2877,#2879,.T.);
#2877 = VERTEX_POINT('',#2878);
#2878 = CARTESIAN_POINT('',(-63.75,66.,-6.));
#2879 = SEAM_CURVE('',#2880,(#2884,#2891),.PCURVE_S1.);
#2880 = LINE('',#2881,#2882);
#2881 = CARTESIAN_POINT('',(-63.75,66.,0.));
#2882 = VECTOR('',#2883,1.);
#2883 = DIRECTION('',(-0.,-0.,-1.));
#2884 = PCURVE('',#307,#2885);
#2885 = DEFINITIONAL_REPRESENTATION('',(#2886),#2890);
#2886 = LINE('',#2887,#2888);
#2887 = CARTESIAN_POINT('',(6.28318530718,0.));
#2888 = VECTOR('',#2889,1.);
#2889 = DIRECTION('',(0.,-1.));
#2890 = ( GEOMETRIC_REPRESENTATION_CONTEXT(2) 
PARAMETRIC_REPRESENTATION_CONTEXT() REPRESENTATION_CONTEXT('2D SPACE',''
  ) );
#2891 = PCURVE('',#307,#2892);
#2892 = DEFINITIONAL_REPRESENTATION('',(#2893),#2897);
#2893 = LINE('',#2894,#2895);
#2894 = CARTESIAN_POINT('',(0.,0.));
#2895 = VECTOR('',#2896,1.);
#2896 = DIRECTION('',(0.,-1.));
#2897 = ( GEOMETRIC_REPRESENTATION_CONTEXT(2) 
PARAMETRIC_REPRESENTATION_CONTEXT() REPRESENTATION_CONTEXT('2D SPACE',''
  ) );
#2898 = ORIENTED_EDGE('',*,*,#2899,.T.);
#2899 = EDGE_CURVE('',#2877,#2592,#2900,.T.);
#2900 = SURFACE_CURVE('',#2901,(#2906,#2913),.PCURVE_S1.);
#2901 = CIRCLE('',#2902,2.25);
#2902 = AXIS2_PLACEMENT_3D('',#2903,#2904,#2905);
#2903 = CARTESIAN_POINT('',(-66.,66.,-6.));
#2904 = DIRECTION('',(0.,0.,1.));
#2905 = DIRECTION('',(1.,-0.,-0.));
#2906 = PCURVE('',#307,#2907);
#2907 = DEFINITIONAL_REPRESENTATION('',(#2908),#2912);
#2908 = LINE('',#2909,#2910);
#2909 = CARTESIAN_POINT('',(0.,-6.));
#2910 = VECTOR('',#2911,1.);
#2911 = DIRECTION('',(1.,0.));
#2912 = ( GEOMETRIC_REPRESENTATION_CONTEXT(2) 
PARAMETRIC_REPRESENTATION_CONTEXT() REPRESENTATION_CONTEXT('2D SPACE',''
  ) );
#2913 = PCURVE('',#126,#2914);
#2914 = DEFINITIONAL_REPRESENTATION('',(#2915),#2923);
#2915 = ( BOUNDED_CURVE() B_SPLINE_CURVE(2,(#2916,#2917,#2918,#2919,
#2920,#2921,#2922),.UNSPECIFIED.,.T.,.F.) B_SPLINE_CURVE_WITH_KNOTS((1,2
    ,2,2,2,1),(-2.094395102393,0.,2.094395102393,4.188790204786,
6.28318530718,8.377580409573),.UNSPECIFIED.) CURVE() 
GEOMETRIC_REPRESENTATION_ITEM() RATIONAL_B_SPLINE_CURVE((1.,0.5,1.,0.5,
1.,0.5,1.)) REPRESENTATION_ITEM('') );
#2916 = CARTESIAN_POINT('',(-9.25,139.));
#2917 = CARTESIAN_POINT('',(-9.25,142.89711431703));
#2918 = CARTESIAN_POINT('',(-5.875,140.94855715851));
#2919 = CARTESIAN_POINT('',(-2.5,139.));
#2920 = CARTESIAN_POINT('',(-5.875,137.05144284148));
#2921 = CARTESIAN_POINT('',(-9.25,135.10288568297));
#2922 = CARTESIAN_POINT('',(-9.25,139.));
#2923 = ( GEOMETRIC_REPRESENTATION_CONTEXT(2) 
PARAMETRIC_REPRESENTATION_CONTEXT() REPRESENTATION_CONTEXT('2D SPACE',''
  ) );
#2924 = ORIENTED_EDGE('',*,*,#2614,.T.);
#2925 = ORIENTED_EDGE('',*,*,#2662,.F.);
#2926 = ORIENTED_EDGE('',*,*,#792,.F.);
#2927 = ORIENTED_EDGE('',*,*,#2928,.T.);
#2928 = EDGE_CURVE('',#770,#2877,#2929,.T.);
#2929 = SURFACE_CURVE('',#2930,(#2935,#2942),.PCURVE_S1.);
#2930 = CIRCLE('',#2931,2.25);
#2931 = AXIS2_PLACEMENT_3D('',#2932,#2933,#2934);
#2932 = CARTESIAN_POINT('',(-66.,66.,-6.));
#2933 = DIRECTION('',(0.,0.,1.));
#2934 = DIRECTION('',(1.,-0.,-0.));
#2935 = PCURVE('',#307,#2936);
#2936 = DEFINITIONAL_REPRESENTATION('',(#2937),#2941);
#2937 = LINE('',#2938,#2939);
#2938 = CARTESIAN_POINT('',(0.,-6.));
#2939 = VECTOR('',#2940,1.);
#2940 = DIRECTION('',(1.,0.));
#2941 = ( GEOMETRIC_REPRESENTATION_CONTEXT(2) 
PARAMETRIC_REPRESENTATION_CONTEXT() REPRESENTATION_CONTEXT('2D SPACE',''
  ) );
#2942 = PCURVE('',#126,#2943);
#2943 = DEFINITIONAL_REPRESENTATION('',(#2944),#2952);
#2944 = ( BOUNDED_CURVE() B_SPLINE_CURVE(2,(#2945,#2946,#2947,#2948,
#2949,#2950,#2951),.UNSPECIFIED.,.T.,.F.) B_SPLINE_CURVE_WITH_KNOTS((1,2
    ,2,2,2,1),(-2.094395102393,0.,2.094395102393,4.188790204786,
6.28318530718,8.377580409573),.UNSPECIFIED.) CURVE() 
GEOMETRIC_REPRESENTATION_ITEM() RATIONAL_B_SPLINE_CURVE((1.,0.5,1.,0.5,
1.,0.5,1.)) REPRESENTATION_ITEM('') );
#2945 = CARTESIAN_POINT('',(-9.25,139.));
#2946 = CARTESIAN_POINT('',(-9.25,142.89711431703));
#2947 = CARTESIAN_POINT('',(-5.875,140.94855715851));
#2948 = CARTESIAN_POINT('',(-2.5,139.));
#2949 = CARTESIAN_POINT('',(-5.875,137.05144284148));
#2950 = CARTESIAN_POINT('',(-9.25,135.10288568297));
#2951 = CARTESIAN_POINT('',(-9.25,139.));
#2952 = ( GEOMETRIC_REPRESENTATION_CONTEXT(2) 
PARAMETRIC_REPRESENTATION_CONTEXT() REPRESENTATION_CONTEXT('2D SPACE',''
  ) );
#2953 = ORIENTED_EDGE('',*,*,#2876,.F.);
#2954 = ADVANCED_FACE('',(#2955),#272,.F.);
#2955 = FACE_BOUND('',#2956,.F.);
#2956 = EDGE_LOOP('',(#2957,#2958,#2981,#3007,#3008,#3009,#3010,#3036));
#2957 = ORIENTED_EDGE('',*,*,#251,.F.);
#2958 = ORIENTED_EDGE('',*,*,#2959,.T.);
#2959 = EDGE_CURVE('',#252,#2960,#2962,.T.);
#2960 = VERTEX_POINT('',#2961);
#2961 = CARTESIAN_POINT('',(68.25,-66.,-6.));
#2962 = SEAM_CURVE('',#2963,(#2967,#2974),.PCURVE_S1.);
#2963 = LINE('',#2964,#2965);
#2964 = CARTESIAN_POINT('',(68.25,-66.,0.));
#2965 = VECTOR('',#2966,1.);
#2966 = DIRECTION('',(-0.,-0.,-1.));
#2967 = PCURVE('',#272,#2968);
#2968 = DEFINITIONAL_REPRESENTATION('',(#2969),#2973);
#2969 = LINE('',#2970,#2971);
#2970 = CARTESIAN_POINT('',(6.28318530718,0.));
#2971 = VECTOR('',#2972,1.);
#2972 = DIRECTION('',(0.,-1.));
#2973 = ( GEOMETRIC_REPRESENTATION_CONTEXT(2) 
PARAMETRIC_REPRESENTATION_CONTEXT() REPRESENTATION_CONTEXT('2D SPACE',''
  ) );
#2974 = PCURVE('',#272,#2975);
#2975 = DEFINITIONAL_REPRESENTATION('',(#2976),#2980);
#2976 = LINE('',#2977,#2978);
#2977 = CARTESIAN_POINT('',(0.,0.));
#2978 = VECTOR('',#2979,1.);
#2979 = DIRECTION('',(0.,-1.));
#2980 = ( GEOMETRIC_REPRESENTATION_CONTEXT(2) 
PARAMETRIC_REPRESENTATION_CONTEXT() REPRESENTATION_CONTEXT('2D SPACE',''
  ) );
#2981 = ORIENTED_EDGE('',*,*,#2982,.T.);
#2982 = EDGE_CURVE('',#2960,#2719,#2983,.T.);
#2983 = SURFACE_CURVE('',#2984,(#2989,#2996),.PCURVE_S1.);
#2984 = CIRCLE('',#2985,2.25);
#2985 = AXIS2_PLACEMENT_3D('',#2986,#2987,#2988);
#2986 = CARTESIAN_POINT('',(66.,-66.,-6.));
#2987 = DIRECTION('',(0.,0.,1.));
#2988 = DIRECTION('',(1.,-0.,-0.));
#2989 = PCURVE('',#272,#2990);
#2990 = DEFINITIONAL_REPRESENTATION('',(#2991),#2995);
#2991 = LINE('',#2992,#2993);
#2992 = CARTESIAN_POINT('',(0.,-6.));
#2993 = VECTOR('',#2994,1.);
#2994 = DIRECTION('',(1.,0.));
#2995 = ( GEOMETRIC_REPRESENTATION_CONTEXT(2) 
PARAMETRIC_REPRESENTATION_CONTEXT() REPRESENTATION_CONTEXT('2D SPACE',''
  ) );
#2996 = PCURVE('',#126,#2997);
#2997 = DEFINITIONAL_REPRESENTATION('',(#2998),#3006);
#2998 = ( BOUNDED_CURVE() B_SPLINE_CURVE(2,(#2999,#3000,#3001,#3002,
#3003,#3004,#3005),.UNSPECIFIED.,.T.,.F.) B_SPLINE_CURVE_WITH_KNOTS((1,2
    ,2,2,2,1),(-2.094395102393,0.,2.094395102393,4.188790204786,
6.28318530718,8.377580409573),.UNSPECIFIED.) CURVE() 
GEOMETRIC_REPRESENTATION_ITEM() RATIONAL_B_SPLINE_CURVE((1.,0.5,1.,0.5,
1.,0.5,1.)) REPRESENTATION_ITEM('') );
#2999 = CARTESIAN_POINT('',(-141.25,7.));
#3000 = CARTESIAN_POINT('',(-141.25,10.89711431703));
#3001 = CARTESIAN_POINT('',(-137.875,8.948557158515));
#3002 = CARTESIAN_POINT('',(-134.5,7.));
#3003 = CARTESIAN_POINT('',(-137.875,5.051442841485));
#3004 = CARTESIAN_POINT('',(-141.25,3.10288568297));
#3005 = CARTESIAN_POINT('',(-141.25,7.));
#3006 = ( GEOMETRIC_REPRESENTATION_CONTEXT(2) 
PARAMETRIC_REPRESENTATION_CONTEXT() REPRESENTATION_CONTEXT('2D SPACE',''
  ) );
#3007 = ORIENTED_EDGE('',*,*,#2718,.T.);
#3008 = ORIENTED_EDGE('',*,*,#2466,.F.);
#3009 = ORIENTED_EDGE('',*,*,#2396,.F.);
#3010 = ORIENTED_EDGE('',*,*,#3011,.T.);
#3011 = EDGE_CURVE('',#2397,#2960,#3012,.T.);
#3012 = SURFACE_CURVE('',#3013,(#3018,#3025),.PCURVE_S1.);
#3013 = CIRCLE('',#3014,2.25);
#3014 = AXIS2_PLACEMENT_3D('',#3015,#3016,#3017);
#3015 = CARTESIAN_POINT('',(66.,-66.,-6.));
#3016 = DIRECTION('',(0.,0.,1.));
#3017 = DIRECTION('',(1.,-0.,-0.));
#3018 = PCURVE('',#272,#3019);
#3019 = DEFINITIONAL_REPRESENTATION('',(#3020),#3024);
#3020 = LINE('',#3021,#3022);
#3021 = CARTESIAN_POINT('',(0.,-6.));
#3022 = VECTOR('',#3023,1.);
#3023 = DIRECTION('',(1.,0.));
#3024 = ( GEOMETRIC_REPRESENTATION_CONTEXT(2) 
PARAMETRIC_REPRESENTATION_CONTEXT() REPRESENTATION_CONTEXT('2D SPACE',''
  ) );
#3025 = PCURVE('',#126,#3026);
#3026 = DEFINITIONAL_REPRESENTATION('',(#3027),#3035);
#3027 = ( BOUNDED_CURVE() B_SPLINE_CURVE(2,(#3028,#3029,#3030,#3031,
#3032,#3033,#3034),.UNSPECIFIED.,.T.,.F.) B_SPLINE_CURVE_WITH_KNOTS((1,2
    ,2,2,2,1),(-2.094395102393,0.,2.094395102393,4.188790204786,
6.28318530718,8.377580409573),.UNSPECIFIED.) CURVE() 
GEOMETRIC_REPRESENTATION_ITEM() RATIONAL_B_SPLINE_CURVE((1.,0.5,1.,0.5,
1.,0.5,1.)) REPRESENTATION_ITEM('') );
#3028 = CARTESIAN_POINT('',(-141.25,7.));
#3029 = CARTESIAN_POINT('',(-141.25,10.89711431703));
#3030 = CARTESIAN_POINT('',(-137.875,8.948557158515));
#3031 = CARTESIAN_POINT('',(-134.5,7.));
#3032 = CARTESIAN_POINT('',(-137.875,5.051442841485));
#3033 = CARTESIAN_POINT('',(-141.25,3.10288568297));
#3034 = CARTESIAN_POINT('',(-141.25,7.));
#3035 = ( GEOMETRIC_REPRESENTATION_CONTEXT(2) 
PARAMETRIC_REPRESENTATION_CONTEXT() REPRESENTATION_CONTEXT('2D SPACE',''
  ) );
#3036 = ORIENTED_EDGE('',*,*,#2959,.F.);
#3037 = ADVANCED_FACE('',(#3038),#237,.F.);
#3038 = FACE_BOUND('',#3039,.F.);
#3039 = EDGE_LOOP('',(#3040,#3041,#3064,#3090,#3091,#3092,#3093,#3119));
#3040 = ORIENTED_EDGE('',*,*,#216,.F.);
#3041 = ORIENTED_EDGE('',*,*,#3042,.T.);
#3042 = EDGE_CURVE('',#217,#3043,#3045,.T.);
#3043 = VERTEX_POINT('',#3044);
#3044 = CARTESIAN_POINT('',(-63.75,-66.,-6.));
#3045 = SEAM_CURVE('',#3046,(#3050,#3057),.PCURVE_S1.);
#3046 = LINE('',#3047,#3048);
#3047 = CARTESIAN_POINT('',(-63.75,-66.,0.));
#3048 = VECTOR('',#3049,1.);
#3049 = DIRECTION('',(-0.,-0.,-1.));
#3050 = PCURVE('',#237,#3051);
#3051 = DEFINITIONAL_REPRESENTATION('',(#3052),#3056);
#3052 = LINE('',#3053,#3054);
#3053 = CARTESIAN_POINT('',(6.28318530718,0.));
#3054 = VECTOR('',#3055,1.);
#3055 = DIRECTION('',(0.,-1.));
#3056 = ( GEOMETRIC_REPRESENTATION_CONTEXT(2) 
PARAMETRIC_REPRESENTATION_CONTEXT() REPRESENTATION_CONTEXT('2D SPACE',''
  ) );
#3057 = PCURVE('',#237,#3058);
#3058 = DEFINITIONAL_REPRESENTATION('',(#3059),#3063);
#3059 = LINE('',#3060,#3061);
#3060 = CARTESIAN_POINT('',(0.,0.));
#3061 = VECTOR('',#3062,1.);
#3062 = DIRECTION('',(0.,-1.));
#3063 = ( GEOMETRIC_REPRESENTATION_CONTEXT(2) 
PARAMETRIC_REPRESENTATION_CONTEXT() REPRESENTATION_CONTEXT('2D SPACE',''
  ) );
#3064 = ORIENTED_EDGE('',*,*,#3065,.T.);
#3065 = EDGE_CURVE('',#3043,#2420,#3066,.T.);
#3066 = SURFACE_CURVE('',#3067,(#3072,#3079),.PCURVE_S1.);
#3067 = CIRCLE('',#3068,2.25);
#3068 = AXIS2_PLACEMENT_3D('',#3069,#3070,#3071);
#3069 = CARTESIAN_POINT('',(-66.,-66.,-6.));
#3070 = DIRECTION('',(0.,0.,1.));
#3071 = DIRECTION('',(1.,-0.,-0.));
#3072 = PCURVE('',#237,#3073);
#3073 = DEFINITIONAL_REPRESENTATION('',(#3074),#3078);
#3074 = LINE('',#3075,#3076);
#3075 = CARTESIAN_POINT('',(0.,-6.));
#3076 = VECTOR('',#3077,1.);
#3077 = DIRECTION('',(1.,0.));
#3078 = ( GEOMETRIC_REPRESENTATION_CONTEXT(2) 
PARAMETRIC_REPRESENTATION_CONTEXT() REPRESENTATION_CONTEXT('2D SPACE',''
  ) );
#3079 = PCURVE('',#126,#3080);
#3080 = DEFINITIONAL_REPRESENTATION('',(#3081),#3089);
#3081 = ( BOUNDED_CURVE() B_SPLINE_CURVE(2,(#3082,#3083,#3084,#3085,
#3086,#3087,#3088),.UNSPECIFIED.,.T.,.F.) B_SPLINE_CURVE_WITH_KNOTS((1,2
    ,2,2,2,1),(-2.094395102393,0.,2.094395102393,4.188790204786,
6.28318530718,8.377580409573),.UNSPECIFIED.) CURVE() 
GEOMETRIC_REPRESENTATION_ITEM() RATIONAL_B_SPLINE_CURVE((1.,0.5,1.,0.5,
1.,0.5,1.)) REPRESENTATION_ITEM('') );
#3082 = CARTESIAN_POINT('',(-9.25,7.));
#3083 = CARTESIAN_POINT('',(-9.25,10.89711431703));
#3084 = CARTESIAN_POINT('',(-5.875,8.948557158515));
#3085 = CARTESIAN_POINT('',(-2.5,7.));
#3086 = CARTESIAN_POINT('',(-5.875,5.051442841485));
#3087 = CARTESIAN_POINT('',(-9.25,3.10288568297));
#3088 = CARTESIAN_POINT('',(-9.25,7.));
#3089 = ( GEOMETRIC_REPRESENTATION_CONTEXT(2) 
PARAMETRIC_REPRESENTATION_CONTEXT() REPRESENTATION_CONTEXT('2D SPACE',''
  ) );
#3090 = ORIENTED_EDGE('',*,*,#2442,.T.);
#3091 = ORIENTED_EDGE('',*,*,#2539,.F.);
#3092 = ORIENTED_EDGE('',*,*,#2568,.F.);
#3093 = ORIENTED_EDGE('',*,*,#3094,.T.);
#3094 = EDGE_CURVE('',#2569,#3043,#3095,.T.);
#3095 = SURFACE_CURVE('',#3096,(#3101,#3108),.PCURVE_S1.);
#3096 = CIRCLE('',#3097,2.25);
#3097 = AXIS2_PLACEMENT_3D('',#3098,#3099,#3100);
#3098 = CARTESIAN_POINT('',(-66.,-66.,-6.));
#3099 = DIRECTION('',(0.,0.,1.));
#3100 = DIRECTION('',(1.,-0.,-0.));
#3101 = PCURVE('',#237,#3102);
#3102 = DEFINITIONAL_REPRESENTATION('',(#3103),#3107);
#3103 = LINE('',#3104,#3105);
#3104 = CARTESIAN_POINT('',(0.,-6.));
#3105 = VECTOR('',#3106,1.);
#3106 = DIRECTION('',(1.,0.));
#3107 = ( GEOMETRIC_REPRESENTATION_CONTEXT(2) 
PARAMETRIC_REPRESENTATION_CONTEXT() REPRESENTATION_CONTEXT('2D SPACE',''
  ) );
#3108 = PCURVE('',#126,#3109);
#3109 = DEFINITIONAL_REPRESENTATION('',(#3110),#3118);
#3110 = ( BOUNDED_CURVE() B_SPLINE_CURVE(2,(#3111,#3112,#3113,#3114,
#3115,#3116,#3117),.UNSPECIFIED.,.T.,.F.) B_SPLINE_CURVE_WITH_KNOTS((1,2
    ,2,2,2,1),(-2.094395102393,0.,2.094395102393,4.188790204786,
6.28318530718,8.377580409573),.UNSPECIFIED.) CURVE() 
GEOMETRIC_REPRESENTATION_ITEM() RATIONAL_B_SPLINE_CURVE((1.,0.5,1.,0.5,
1.,0.5,1.)) REPRESENTATION_ITEM('') );
#3111 = CARTESIAN_POINT('',(-9.25,7.));
#3112 = CARTESIAN_POINT('',(-9.25,10.89711431703));
#3113 = CARTESIAN_POINT('',(-5.875,8.948557158515));
#3114 = CARTESIAN_POINT('',(-2.5,7.));
#3115 = CARTESIAN_POINT('',(-5.875,5.051442841485));
#3116 = CARTESIAN_POINT('',(-9.25,3.10288568297));
#3117 = CARTESIAN_POINT('',(-9.25,7.));
#3118 = ( GEOMETRIC_REPRESENTATION_CONTEXT(2) 
PARAMETRIC_REPRESENTATION_CONTEXT() REPRESENTATION_CONTEXT('2D SPACE',''
  ) );
#3119 = ORIENTED_EDGE('',*,*,#3042,.F.);
#3120 = ADVANCED_FACE('',(#3121),#181,.T.);
#3121 = FACE_BOUND('',#3122,.F.);
#3122 = EDGE_LOOP('',(#3123,#3146,#3147,#3170));
#3123 = ORIENTED_EDGE('',*,*,#3124,.F.);
#3124 = EDGE_CURVE('',#143,#3125,#3127,.T.);
#3125 = VERTEX_POINT('',#3126);
#3126 = CARTESIAN_POINT('',(73.,-73.,-6.));
#3127 = SURFACE_CURVE('',#3128,(#3132,#3139),.PCURVE_S1.);
#3128 = LINE('',#3129,#3130);
#3129 = CARTESIAN_POINT('',(73.,-73.,0.));
#3130 = VECTOR('',#3131,1.);
#3131 = DIRECTION('',(0.,-0.,-1.));
#3132 = PCURVE('',#181,#3133);
#3133 = DEFINITIONAL_REPRESENTATION('',(#3134),#3138);
#3134 = LINE('',#3135,#3136);
#3135 = CARTESIAN_POINT('',(-0.,-0.));
#3136 = VECTOR('',#3137,1.);
#3137 = DIRECTION('',(-1.,0.));
#3138 = ( GEOMETRIC_REPRESENTATION_CONTEXT(2) 
PARAMETRIC_REPRESENTATION_CONTEXT() REPRESENTATION_CONTEXT('2D SPACE',''
  ) );
#3139 = PCURVE('',#44,#3140);
#3140 = DEFINITIONAL_REPRESENTATION('',(#3141),#3145);
#3141 = LINE('',#3142,#3143);
#3142 = CARTESIAN_POINT('',(0.,146.));
#3143 = VECTOR('',#3144,1.);
#3144 = DIRECTION('',(-1.,0.));
#3145 = ( GEOMETRIC_REPRESENTATION_CONTEXT(2) 
PARAMETRIC_REPRESENTATION_CONTEXT() REPRESENTATION_CONTEXT('2D SPACE',''
  ) );
#3146 = ORIENTED_EDGE('',*,*,#165,.T.);
#3147 = ORIENTED_EDGE('',*,*,#3148,.T.);
#3148 = EDGE_CURVE('',#166,#3149,#3151,.T.);
#3149 = VERTEX_POINT('',#3150);
#3150 = CARTESIAN_POINT('',(73.,73.,-6.));
#3151 = SURFACE_CURVE('',#3152,(#3156,#3163),.PCURVE_S1.);
#3152 = LINE('',#3153,#3154);
#3153 = CARTESIAN_POINT('',(73.,73.,0.));
#3154 = VECTOR('',#3155,1.);
#3155 = DIRECTION('',(0.,-0.,-1.));
#3156 = PCURVE('',#181,#3157);
#3157 = DEFINITIONAL_REPRESENTATION('',(#3158),#3162);
#3158 = LINE('',#3159,#3160);
#3159 = CARTESIAN_POINT('',(-0.,-146.));
#3160 = VECTOR('',#3161,1.);
#3161 = DIRECTION('',(-1.,0.));
#3162 = ( GEOMETRIC_REPRESENTATION_CONTEXT(2) 
PARAMETRIC_REPRESENTATION_CONTEXT() REPRESENTATION_CONTEXT('2D SPACE',''
  ) );
#3163 = PCURVE('',#100,#3164);
#3164 = DEFINITIONAL_REPRESENTATION('',(#3165),#3169);
#3165 = LINE('',#3166,#3167);
#3166 = CARTESIAN_POINT('',(0.,146.));
#3167 = VECTOR('',#3168,1.);
#3168 = DIRECTION('',(-1.,0.));
#3169 = ( GEOMETRIC_REPRESENTATION_CONTEXT(2) 
PARAMETRIC_REPRESENTATION_CONTEXT() REPRESENTATION_CONTEXT('2D SPACE',''
  ) );
#3170 = ORIENTED_EDGE('',*,*,#3171,.F.);
#3171 = EDGE_CURVE('',#3125,#3149,#3172,.T.);
#3172 = SURFACE_CURVE('',#3173,(#3177,#3184),.PCURVE_S1.);
#3173 = LINE('',#3174,#3175);
#3174 = CARTESIAN_POINT('',(73.,-73.,-6.));
#3175 = VECTOR('',#3176,1.);
#3176 = DIRECTION('',(-0.,1.,0.));
#3177 = PCURVE('',#181,#3178);
#3178 = DEFINITIONAL_REPRESENTATION('',(#3179),#3183);
#3179 = LINE('',#3180,#3181);
#3180 = CARTESIAN_POINT('',(-6.,0.));
#3181 = VECTOR('',#3182,1.);
#3182 = DIRECTION('',(-0.,-1.));
#3183 = ( GEOMETRIC_REPRESENTATION_CONTEXT(2) 
PARAMETRIC_REPRESENTATION_CONTEXT() REPRESENTATION_CONTEXT('2D SPACE',''
  ) );
#3184 = PCURVE('',#126,#3185);
#3185 = DEFINITIONAL_REPRESENTATION('',(#3186),#3190);
#3186 = LINE('',#3187,#3188);
#3187 = CARTESIAN_POINT('',(-146.,0.));
#3188 = VECTOR('',#3189,1.);
#3189 = DIRECTION('',(-0.,1.));
#3190 = ( GEOMETRIC_REPRESENTATION_CONTEXT(2) 
PARAMETRIC_REPRESENTATION_CONTEXT() REPRESENTATION_CONTEXT('2D SPACE',''
  ) );
#3191 = ADVANCED_FACE('',(#3192),#100,.T.);
#3192 = FACE_BOUND('',#3193,.F.);
#3193 = EDGE_LOOP('',(#3194,#3195,#3196,#3217));
#3194 = ORIENTED_EDGE('',*,*,#193,.F.);
#3195 = ORIENTED_EDGE('',*,*,#84,.T.);
#3196 = ORIENTED_EDGE('',*,*,#3197,.T.);
#3197 = EDGE_CURVE('',#85,#3149,#3198,.T.);
#3198 = SURFACE_CURVE('',#3199,(#3203,#3210),.PCURVE_S1.);
#3199 = LINE('',#3200,#3201);
#3200 = CARTESIAN_POINT('',(-73.,73.,-6.));
#3201 = VECTOR('',#3202,1.);
#3202 = DIRECTION('',(1.,0.,-0.));
#3203 = PCURVE('',#100,#3204);
#3204 = DEFINITIONAL_REPRESENTATION('',(#3205),#3209);
#3205 = LINE('',#3206,#3207);
#3206 = CARTESIAN_POINT('',(-6.,0.));
#3207 = VECTOR('',#3208,1.);
#3208 = DIRECTION('',(-0.,1.));
#3209 = ( GEOMETRIC_REPRESENTATION_CONTEXT(2) 
PARAMETRIC_REPRESENTATION_CONTEXT() REPRESENTATION_CONTEXT('2D SPACE',''
  ) );
#3210 = PCURVE('',#126,#3211);
#3211 = DEFINITIONAL_REPRESENTATION('',(#3212),#3216);
#3212 = LINE('',#3213,#3214);
#3213 = CARTESIAN_POINT('',(-0.,146.));
#3214 = VECTOR('',#3215,1.);
#3215 = DIRECTION('',(-1.,0.));
#3216 = ( GEOMETRIC_REPRESENTATION_CONTEXT(2) 
PARAMETRIC_REPRESENTATION_CONTEXT() REPRESENTATION_CONTEXT('2D SPACE',''
  ) );
#3217 = ORIENTED_EDGE('',*,*,#3148,.F.);
#3218 = ADVANCED_FACE('',(#3219,#3245),#126,.T.);
#3219 = FACE_BOUND('',#3220,.F.);
#3220 = EDGE_LOOP('',(#3221,#3222,#3243,#3244));
#3221 = ORIENTED_EDGE('',*,*,#112,.F.);
#3222 = ORIENTED_EDGE('',*,*,#3223,.T.);
#3223 = EDGE_CURVE('',#24,#3125,#3224,.T.);
#3224 = SURFACE_CURVE('',#3225,(#3229,#3236),.PCURVE_S1.);
#3225 = LINE('',#3226,#3227);
#3226 = CARTESIAN_POINT('',(-73.,-73.,-6.));
#3227 = VECTOR('',#3228,1.);
#3228 = DIRECTION('',(1.,0.,-0.));
#3229 = PCURVE('',#126,#3230);
#3230 = DEFINITIONAL_REPRESENTATION('',(#3231),#3235);
#3231 = LINE('',#3232,#3233);
#3232 = CARTESIAN_POINT('',(-0.,0.));
#3233 = VECTOR('',#3234,1.);
#3234 = DIRECTION('',(-1.,0.));
#3235 = ( GEOMETRIC_REPRESENTATION_CONTEXT(2) 
PARAMETRIC_REPRESENTATION_CONTEXT() REPRESENTATION_CONTEXT('2D SPACE',''
  ) );
#3236 = PCURVE('',#44,#3237);
#3237 = DEFINITIONAL_REPRESENTATION('',(#3238),#3242);
#3238 = LINE('',#3239,#3240);
#3239 = CARTESIAN_POINT('',(-6.,0.));
#3240 = VECTOR('',#3241,1.);
#3241 = DIRECTION('',(-0.,1.));
#3242 = ( GEOMETRIC_REPRESENTATION_CONTEXT(2) 
PARAMETRIC_REPRESENTATION_CONTEXT() REPRESENTATION_CONTEXT('2D SPACE',''
  ) );
#3243 = ORIENTED_EDGE('',*,*,#3171,.T.);
#3244 = ORIENTED_EDGE('',*,*,#3197,.F.);
#3245 = FACE_BOUND('',#3246,.F.);
#3246 = EDGE_LOOP('',(#3247,#3248,#3249,#3250,#3251,#3252,#3253,#3254,
    #3255,#3256,#3257,#3258));
#3247 = ORIENTED_EDGE('',*,*,#3065,.F.);
#3248 = ORIENTED_EDGE('',*,*,#3094,.F.);
#3249 = ORIENTED_EDGE('',*,*,#2591,.T.);
#3250 = ORIENTED_EDGE('',*,*,#2899,.F.);
#3251 = ORIENTED_EDGE('',*,*,#2928,.F.);
#3252 = ORIENTED_EDGE('',*,*,#769,.F.);
#3253 = ORIENTED_EDGE('',*,*,#495,.F.);
#3254 = ORIENTED_EDGE('',*,*,#608,.F.);
#3255 = ORIENTED_EDGE('',*,*,#2741,.F.);
#3256 = ORIENTED_EDGE('',*,*,#2982,.F.);
#3257 = ORIENTED_EDGE('',*,*,#3011,.F.);
#3258 = ORIENTED_EDGE('',*,*,#2419,.T.);
#3259 = ADVANCED_FACE('',(#3260),#44,.F.);
#3260 = FACE_BOUND('',#3261,.T.);
#3261 = EDGE_LOOP('',(#3262,#3263,#3264,#3265));
#3262 = ORIENTED_EDGE('',*,*,#142,.F.);
#3263 = ORIENTED_EDGE('',*,*,#21,.T.);
#3264 = ORIENTED_EDGE('',*,*,#3223,.T.);
#3265 = ORIENTED_EDGE('',*,*,#3124,.F.);
#3266 = ( GEOMETRIC_REPRESENTATION_CONTEXT(3) 
GLOBAL_UNCERTAINTY_ASSIGNED_CONTEXT((#3270)) 
GLOBAL_UNIT_ASSIGNED_CONTEXT((#3267,#3268,#3269)) REPRESENTATION_CONTEXT
('Context #1','3D Context with UNIT and UNCERTAINTY') );
#3267 = ( LENGTH_UNIT() NAMED_UNIT(*) SI_UNIT(.MILLI.,.METRE.) );
#3268 = ( NAMED_UNIT(*) PLANE_ANGLE_UNIT() SI_UNIT($,.RADIAN.) );
#3269 = ( NAMED_UNIT(*) SI_UNIT($,.STERADIAN.) SOLID_ANGLE_UNIT() );
#3270 = UNCERTAINTY_MEASURE_WITH_UNIT(LENGTH_MEASURE(1.E-06),#3267,
  'distance_accuracy_value','confusion accuracy');
#3271 = PRODUCT_RELATED_PRODUCT_CATEGORY('part',$,(#7));
ENDSEC;
END-ISO-10303-21;
