ISO-10303-21;
HEADER;
FILE_DESCRIPTION(('Open CASCADE Model'),'2;1');
FILE_NAME('Open CASCADE Shape Model','2026-09-27T13:02:46',('Author'),(
    'Open CASCADE'),'Open CASCADE STEP processor 7.9','Open CASCADE 7.9'
  ,'Unknown');
FILE_SCHEMA(('AUTOMOTIVE_DESIGN { 1 0 10303 214 1 1 1 1 }'));
ENDSEC;
DATA;
#1 = APPLICATION_PROTOCOL_DEFINITION('international standard',
  'automotive_design',2000,#2);
#2 = APPLICATION_CONTEXT(
  'core data for automotive mechanical design processes');
#3 = SHAPE_DEFINITION_REPRESENTATION(#4,#10);
#4 = PRODUCT_DEFINITION_SHAPE('','',#5);
#5 = PRODUCT_DEFINITION('design','',#6,#9);
#6 = PRODUCT_DEFINITION_FORMATION('','',#7);
#7 = PRODUCT('Open CASCADE STEP translator 7.9 2',
  'Open CASCADE STEP translator 7.9 2','',(#8));
#8 = PRODUCT_CONTEXT('',#2,'mechanical');
#9 = PRODUCT_DEFINITION_CONTEXT('part definition',#2,'design');
#10 = ADVANCED_BREP_SHAPE_REPRESENTATION('',(#11,#15),#11521);
#11 = AXIS2_PLACEMENT_3D('',#12,#13,#14);
#12 = CARTESIAN_POINT('',(0.,0.,0.));
#13 = DIRECTION('',(0.,0.,1.));
#14 = DIRECTION('',(1.,0.,-0.));
#15 = MANIFOLD_SOLID_BREP('',#16);
#16 = CLOSED_SHELL('',(#17,#137,#213,#4366,#4415,#7826,#7833,#7880,#7907
    ,#7932,#7939,#7984,#8011,#8036,#8043,#8090,#8115,#8140,#8147,#8190,
    #8215,#8240,#8247,#8292,#8319,#8344,#8351,#8394,#8419,#8444,#8451,
    #8498,#8523,#8548,#8555,#8598,#8623,#8648,#8655,#8698,#8723,#8748,
    #8755,#8800,#8827,#8852,#8859,#8902,#8927,#8952,#8959,#9004,#9031,
    #9056,#9063,#9108,#9135,#9162,#9169,#9212,#9237,#9262,#9269,#9316,
    #9341,#9366,#9373,#9416,#9441,#9466,#9473,#9516,#9541,#9566,#9573,
    #9620,#9645,#9670,#9677,#9724,#9749,#9774,#9781,#9824,#9849,#9874,
    #9881,#9924,#9949,#9974,#9981,#10024,#10049,#10074,#10081,#10124,
    #10149,#10174,#10181,#10228,#10253,#10278,#10285,#10332,#10379,
    #10406,#10431,#10476,#10503,#10528,#10573,#10600,#10625,#10670,
    #10697,#10722,#10767,#10794,#10819,#10864,#10891,#10918,#10965,
    #10990,#11015,#11058,#11083,#11108,#11151,#11176,#11201,#11244,
    #11269,#11294,#11337,#11362,#11387,#11430,#11437,#11444,#11451,
    #11458,#11465,#11472,#11479,#11486,#11493,#11500,#11507,#11514));
#17 = ADVANCED_FACE('',(#18),#32,.F.);
#18 = FACE_BOUND('',#19,.F.);
#19 = EDGE_LOOP('',(#20,#55,#83,#111));
#20 = ORIENTED_EDGE('',*,*,#21,.F.);
#21 = EDGE_CURVE('',#22,#24,#26,.T.);
#22 = VERTEX_POINT('',#23);
#23 = CARTESIAN_POINT('',(-21.86666666666,-21.86666666666,0.));
#24 = VERTEX_POINT('',#25);
#25 = CARTESIAN_POINT('',(-21.86666666666,-21.86666666666,30.));
#26 = SURFACE_CURVE('',#27,(#31,#43),.PCURVE_S1.);
#27 = LINE('',#28,#29);
#28 = CARTESIAN_POINT('',(-21.86666666666,-21.86666666666,0.));
#29 = VECTOR('',#30,1.);
#30 = DIRECTION('',(0.,0.,1.));
#31 = PCURVE('',#32,#37);
#32 = PLANE('',#33);
#33 = AXIS2_PLACEMENT_3D('',#34,#35,#36);
#34 = CARTESIAN_POINT('',(-21.86666666666,-21.86666666666,0.));
#35 = DIRECTION('',(1.,0.,0.));
#36 = DIRECTION('',(0.,0.,1.));
#37 = DEFINITIONAL_REPRESENTATION('',(#38),#42);
#38 = LINE('',#39,#40);
#39 = CARTESIAN_POINT('',(0.,0.));
#40 = VECTOR('',#41,1.);
#41 = DIRECTION('',(1.,0.));
#42 = ( GEOMETRIC_REPRESENTATION_CONTEXT(2) 
PARAMETRIC_REPRESENTATION_CONTEXT() REPRESENTATION_CONTEXT('2D SPACE',''
  ) );
#43 = PCURVE('',#44,#49);
#44 = PLANE('',#45);
#45 = AXIS2_PLACEMENT_3D('',#46,#47,#48);
#46 = CARTESIAN_POINT('',(-21.86666666666,-21.86666666666,0.));
#47 = DIRECTION('',(0.,1.,0.));
#48 = DIRECTION('',(0.,0.,1.));
#49 = DEFINITIONAL_REPRESENTATION('',(#50),#54);
#50 = LINE('',#51,#52);
#51 = CARTESIAN_POINT('',(0.,0.));
#52 = VECTOR('',#53,1.);
#53 = DIRECTION('',(1.,0.));
#54 = ( GEOMETRIC_REPRESENTATION_CONTEXT(2) 
PARAMETRIC_REPRESENTATION_CONTEXT() REPRESENTATION_CONTEXT('2D SPACE',''
  ) );
#55 = ORIENTED_EDGE('',*,*,#56,.T.);
#56 = EDGE_CURVE('',#22,#57,#59,.T.);
#57 = VERTEX_POINT('',#58);
#58 = CARTESIAN_POINT('',(-21.86666666666,21.866666666667,0.));
#59 = SURFACE_CURVE('',#60,(#64,#71),.PCURVE_S1.);
#60 = LINE('',#61,#62);
#61 = CARTESIAN_POINT('',(-21.86666666666,-21.86666666666,0.));
#62 = VECTOR('',#63,1.);
#63 = DIRECTION('',(0.,1.,0.));
#64 = PCURVE('',#32,#65);
#65 = DEFINITIONAL_REPRESENTATION('',(#66),#70);
#66 = LINE('',#67,#68);
#67 = CARTESIAN_POINT('',(0.,0.));
#68 = VECTOR('',#69,1.);
#69 = DIRECTION('',(0.,-1.));
#70 = ( GEOMETRIC_REPRESENTATION_CONTEXT(2) 
PARAMETRIC_REPRESENTATION_CONTEXT() REPRESENTATION_CONTEXT('2D SPACE',''
  ) );
#71 = PCURVE('',#72,#77);
#72 = PLANE('',#73);
#73 = AXIS2_PLACEMENT_3D('',#74,#75,#76);
#74 = CARTESIAN_POINT('',(-21.86666666666,-21.86666666666,0.));
#75 = DIRECTION('',(0.,0.,1.));
#76 = DIRECTION('',(1.,0.,0.));
#77 = DEFINITIONAL_REPRESENTATION('',(#78),#82);
#78 = LINE('',#79,#80);
#79 = CARTESIAN_POINT('',(0.,0.));
#80 = VECTOR('',#81,1.);
#81 = DIRECTION('',(0.,1.));
#82 = ( GEOMETRIC_REPRESENTATION_CONTEXT(2) 
PARAMETRIC_REPRESENTATION_CONTEXT() REPRESENTATION_CONTEXT('2D SPACE',''
  ) );
#83 = ORIENTED_EDGE('',*,*,#84,.T.);
#84 = EDGE_CURVE('',#57,#85,#87,.T.);
#85 = VERTEX_POINT('',#86);
#86 = CARTESIAN_POINT('',(-21.86666666666,21.866666666667,30.));
#87 = SURFACE_CURVE('',#88,(#92,#99),.PCURVE_S1.);
#88 = LINE('',#89,#90);
#89 = CARTESIAN_POINT('',(-21.86666666666,21.866666666667,0.));
#90 = VECTOR('',#91,1.);
#91 = DIRECTION('',(0.,0.,1.));
#92 = PCURVE('',#32,#93);
#93 = DEFINITIONAL_REPRESENTATION('',(#94),#98);
#94 = LINE('',#95,#96);
#95 = CARTESIAN_POINT('',(0.,-43.73333333333));
#96 = VECTOR('',#97,1.);
#97 = DIRECTION('',(1.,0.));
#98 = ( GEOMETRIC_REPRESENTATION_CONTEXT(2) 
PARAMETRIC_REPRESENTATION_CONTEXT() REPRESENTATION_CONTEXT('2D SPACE',''
  ) );
#99 = PCURVE('',#100,#105);
#100 = PLANE('',#101);
#101 = AXIS2_PLACEMENT_3D('',#102,#103,#104);
#102 = CARTESIAN_POINT('',(-21.86666666666,21.866666666667,0.));
#103 = DIRECTION('',(0.,1.,0.));
#104 = DIRECTION('',(0.,0.,1.));
#105 = DEFINITIONAL_REPRESENTATION('',(#106),#110);
#106 = LINE('',#107,#108);
#107 = CARTESIAN_POINT('',(0.,0.));
#108 = VECTOR('',#109,1.);
#109 = DIRECTION('',(1.,0.));
#110 = ( GEOMETRIC_REPRESENTATION_CONTEXT(2) 
PARAMETRIC_REPRESENTATION_CONTEXT() REPRESENTATION_CONTEXT('2D SPACE',''
  ) );
#111 = ORIENTED_EDGE('',*,*,#112,.F.);
#112 = EDGE_CURVE('',#24,#85,#113,.T.);
#113 = SURFACE_CURVE('',#114,(#118,#125),.PCURVE_S1.);
#114 = LINE('',#115,#116);
#115 = CARTESIAN_POINT('',(-21.86666666666,-21.86666666666,30.));
#116 = VECTOR('',#117,1.);
#117 = DIRECTION('',(0.,1.,0.));
#118 = PCURVE('',#32,#119);
#119 = DEFINITIONAL_REPRESENTATION('',(#120),#124);
#120 = LINE('',#121,#122);
#121 = CARTESIAN_POINT('',(30.,0.));
#122 = VECTOR('',#123,1.);
#123 = DIRECTION('',(0.,-1.));
#124 = ( GEOMETRIC_REPRESENTATION_CONTEXT(2) 
PARAMETRIC_REPRESENTATION_CONTEXT() REPRESENTATION_CONTEXT('2D SPACE',''
  ) );
#125 = PCURVE('',#126,#131);
#126 = PLANE('',#127);
#127 = AXIS2_PLACEMENT_3D('',#128,#129,#130);
#128 = CARTESIAN_POINT('',(-21.86666666666,-21.86666666666,30.));
#129 = DIRECTION('',(0.,0.,1.));
#130 = DIRECTION('',(1.,0.,0.));
#131 = DEFINITIONAL_REPRESENTATION('',(#132),#136);
#132 = LINE('',#133,#134);
#133 = CARTESIAN_POINT('',(0.,0.));
#134 = VECTOR('',#135,1.);
#135 = DIRECTION('',(0.,1.));
#136 = ( GEOMETRIC_REPRESENTATION_CONTEXT(2) 
PARAMETRIC_REPRESENTATION_CONTEXT() REPRESENTATION_CONTEXT('2D SPACE',''
  ) );
#137 = ADVANCED_FACE('',(#138),#44,.F.);
#138 = FACE_BOUND('',#139,.F.);
#139 = EDGE_LOOP('',(#140,#163,#164,#187));
#140 = ORIENTED_EDGE('',*,*,#141,.F.);
#141 = EDGE_CURVE('',#22,#142,#144,.T.);
#142 = VERTEX_POINT('',#143);
#143 = CARTESIAN_POINT('',(21.866666666667,-21.86666666666,0.));
#144 = SURFACE_CURVE('',#145,(#149,#156),.PCURVE_S1.);
#145 = LINE('',#146,#147);
#146 = CARTESIAN_POINT('',(-21.86666666666,-21.86666666666,0.));
#147 = VECTOR('',#148,1.);
#148 = DIRECTION('',(1.,0.,0.));
#149 = PCURVE('',#44,#150);
#150 = DEFINITIONAL_REPRESENTATION('',(#151),#155);
#151 = LINE('',#152,#153);
#152 = CARTESIAN_POINT('',(0.,0.));
#153 = VECTOR('',#154,1.);
#154 = DIRECTION('',(0.,1.));
#155 = ( GEOMETRIC_REPRESENTATION_CONTEXT(2) 
PARAMETRIC_REPRESENTATION_CONTEXT() REPRESENTATION_CONTEXT('2D SPACE',''
  ) );
#156 = PCURVE('',#72,#157);
#157 = DEFINITIONAL_REPRESENTATION('',(#158),#162);
#158 = LINE('',#159,#160);
#159 = CARTESIAN_POINT('',(0.,0.));
#160 = VECTOR('',#161,1.);
#161 = DIRECTION('',(1.,0.));
#162 = ( GEOMETRIC_REPRESENTATION_CONTEXT(2) 
PARAMETRIC_REPRESENTATION_CONTEXT() REPRESENTATION_CONTEXT('2D SPACE',''
  ) );
#163 = ORIENTED_EDGE('',*,*,#21,.T.);
#164 = ORIENTED_EDGE('',*,*,#165,.T.);
#165 = EDGE_CURVE('',#24,#166,#168,.T.);
#166 = VERTEX_POINT('',#167);
#167 = CARTESIAN_POINT('',(21.866666666667,-21.86666666666,30.));
#168 = SURFACE_CURVE('',#169,(#173,#180),.PCURVE_S1.);
#169 = LINE('',#170,#171);
#170 = CARTESIAN_POINT('',(-21.86666666666,-21.86666666666,30.));
#171 = VECTOR('',#172,1.);
#172 = DIRECTION('',(1.,0.,0.));
#173 = PCURVE('',#44,#174);
#174 = DEFINITIONAL_REPRESENTATION('',(#175),#179);
#175 = LINE('',#176,#177);
#176 = CARTESIAN_POINT('',(30.,0.));
#177 = VECTOR('',#178,1.);
#178 = DIRECTION('',(0.,1.));
#179 = ( GEOMETRIC_REPRESENTATION_CONTEXT(2) 
PARAMETRIC_REPRESENTATION_CONTEXT() REPRESENTATION_CONTEXT('2D SPACE',''
  ) );
#180 = PCURVE('',#126,#181);
#181 = DEFINITIONAL_REPRESENTATION('',(#182),#186);
#182 = LINE('',#183,#184);
#183 = CARTESIAN_POINT('',(0.,0.));
#184 = VECTOR('',#185,1.);
#185 = DIRECTION('',(1.,0.));
#186 = ( GEOMETRIC_REPRESENTATION_CONTEXT(2) 
PARAMETRIC_REPRESENTATION_CONTEXT() REPRESENTATION_CONTEXT('2D SPACE',''
  ) );
#187 = ORIENTED_EDGE('',*,*,#188,.F.);
#188 = EDGE_CURVE('',#142,#166,#189,.T.);
#189 = SURFACE_CURVE('',#190,(#194,#201),.PCURVE_S1.);
#190 = LINE('',#191,#192);
#191 = CARTESIAN_POINT('',(21.866666666667,-21.86666666666,0.));
#192 = VECTOR('',#193,1.);
#193 = DIRECTION('',(0.,0.,1.));
#194 = PCURVE('',#44,#195);
#195 = DEFINITIONAL_REPRESENTATION('',(#196),#200);
#196 = LINE('',#197,#198);
#197 = CARTESIAN_POINT('',(0.,43.733333333333));
#198 = VECTOR('',#199,1.);
#199 = DIRECTION('',(1.,0.));
#200 = ( GEOMETRIC_REPRESENTATION_CONTEXT(2) 
PARAMETRIC_REPRESENTATION_CONTEXT() REPRESENTATION_CONTEXT('2D SPACE',''
  ) );
#201 = PCURVE('',#202,#207);
#202 = PLANE('',#203);
#203 = AXIS2_PLACEMENT_3D('',#204,#205,#206);
#204 = CARTESIAN_POINT('',(21.866666666667,-21.86666666666,0.));
#205 = DIRECTION('',(1.,0.,0.));
#206 = DIRECTION('',(0.,0.,1.));
#207 = DEFINITIONAL_REPRESENTATION('',(#208),#212);
#208 = LINE('',#209,#210);
#209 = CARTESIAN_POINT('',(0.,0.));
#210 = VECTOR('',#211,1.);
#211 = DIRECTION('',(1.,0.));
#212 = ( GEOMETRIC_REPRESENTATION_CONTEXT(2) 
PARAMETRIC_REPRESENTATION_CONTEXT() REPRESENTATION_CONTEXT('2D SPACE',''
  ) );
#213 = ADVANCED_FACE('',(#214,#262,#376,#490,#604,#718,#832,#946,#1060,
    #1174,#1288,#1402,#1516,#1630,#1744,#1858,#1972,#2086,#2200,#2314,
    #2428,#2542,#2656,#2770,#2884,#2998,#3112,#3226,#3340,#3454,#3568,
    #3682,#3796,#3910,#4024,#4138,#4252),#126,.T.);
#214 = FACE_BOUND('',#215,.T.);
#215 = EDGE_LOOP('',(#216,#217,#218,#241));
#216 = ORIENTED_EDGE('',*,*,#112,.F.);
#217 = ORIENTED_EDGE('',*,*,#165,.T.);
#218 = ORIENTED_EDGE('',*,*,#219,.T.);
#219 = EDGE_CURVE('',#166,#220,#222,.T.);
#220 = VERTEX_POINT('',#221);
#221 = CARTESIAN_POINT('',(21.866666666667,21.866666666667,30.));
#222 = SURFACE_CURVE('',#223,(#227,#234),.PCURVE_S1.);
#223 = LINE('',#224,#225);
#224 = CARTESIAN_POINT('',(21.866666666667,-21.86666666666,30.));
#225 = VECTOR('',#226,1.);
#226 = DIRECTION('',(0.,1.,0.));
#227 = PCURVE('',#126,#228);
#228 = DEFINITIONAL_REPRESENTATION('',(#229),#233);
#229 = LINE('',#230,#231);
#230 = CARTESIAN_POINT('',(43.733333333333,0.));
#231 = VECTOR('',#232,1.);
#232 = DIRECTION('',(0.,1.));
#233 = ( GEOMETRIC_REPRESENTATION_CONTEXT(2) 
PARAMETRIC_REPRESENTATION_CONTEXT() REPRESENTATION_CONTEXT('2D SPACE',''
  ) );
#234 = PCURVE('',#202,#235);
#235 = DEFINITIONAL_REPRESENTATION('',(#236),#240);
#236 = LINE('',#237,#238);
#237 = CARTESIAN_POINT('',(30.,0.));
#238 = VECTOR('',#239,1.);
#239 = DIRECTION('',(0.,-1.));
#240 = ( GEOMETRIC_REPRESENTATION_CONTEXT(2) 
PARAMETRIC_REPRESENTATION_CONTEXT() REPRESENTATION_CONTEXT('2D SPACE',''
  ) );
#241 = ORIENTED_EDGE('',*,*,#242,.F.);
#242 = EDGE_CURVE('',#85,#220,#243,.T.);
#243 = SURFACE_CURVE('',#244,(#248,#255),.PCURVE_S1.);
#244 = LINE('',#245,#246);
#245 = CARTESIAN_POINT('',(-21.86666666666,21.866666666667,30.));
#246 = VECTOR('',#247,1.);
#247 = DIRECTION('',(1.,0.,0.));
#248 = PCURVE('',#126,#249);
#249 = DEFINITIONAL_REPRESENTATION('',(#250),#254);
#250 = LINE('',#251,#252);
#251 = CARTESIAN_POINT('',(0.,43.733333333333));
#252 = VECTOR('',#253,1.);
#253 = DIRECTION('',(1.,0.));
#254 = ( GEOMETRIC_REPRESENTATION_CONTEXT(2) 
PARAMETRIC_REPRESENTATION_CONTEXT() REPRESENTATION_CONTEXT('2D SPACE',''
  ) );
#255 = PCURVE('',#100,#256);
#256 = DEFINITIONAL_REPRESENTATION('',(#257),#261);
#257 = LINE('',#258,#259);
#258 = CARTESIAN_POINT('',(30.,0.));
#259 = VECTOR('',#260,1.);
#260 = DIRECTION('',(0.,1.));
#261 = ( GEOMETRIC_REPRESENTATION_CONTEXT(2) 
PARAMETRIC_REPRESENTATION_CONTEXT() REPRESENTATION_CONTEXT('2D SPACE',''
  ) );
#262 = FACE_BOUND('',#263,.T.);
#263 = EDGE_LOOP('',(#264,#294,#322,#350));
#264 = ORIENTED_EDGE('',*,*,#265,.F.);
#265 = EDGE_CURVE('',#266,#268,#270,.T.);
#266 = VERTEX_POINT('',#267);
#267 = CARTESIAN_POINT('',(-18.66666666666,-18.66666666666,30.));
#268 = VERTEX_POINT('',#269);
#269 = CARTESIAN_POINT('',(-13.11111111111,-18.66666666666,30.));
#270 = SURFACE_CURVE('',#271,(#275,#282),.PCURVE_S1.);
#271 = LINE('',#272,#273);
#272 = CARTESIAN_POINT('',(-18.66666666666,-18.66666666666,30.));
#273 = VECTOR('',#274,1.);
#274 = DIRECTION('',(1.,0.,0.));
#275 = PCURVE('',#126,#276);
#276 = DEFINITIONAL_REPRESENTATION('',(#277),#281);
#277 = LINE('',#278,#279);
#278 = CARTESIAN_POINT('',(3.2,3.2));
#279 = VECTOR('',#280,1.);
#280 = DIRECTION('',(1.,0.));
#281 = ( GEOMETRIC_REPRESENTATION_CONTEXT(2) 
PARAMETRIC_REPRESENTATION_CONTEXT() REPRESENTATION_CONTEXT('2D SPACE',''
  ) );
#282 = PCURVE('',#283,#288);
#283 = PLANE('',#284);
#284 = AXIS2_PLACEMENT_3D('',#285,#286,#287);
#285 = CARTESIAN_POINT('',(-18.66666666666,-18.66666666666,0.));
#286 = DIRECTION('',(0.,1.,0.));
#287 = DIRECTION('',(0.,0.,1.));
#288 = DEFINITIONAL_REPRESENTATION('',(#289),#293);
#289 = LINE('',#290,#291);
#290 = CARTESIAN_POINT('',(30.,0.));
#291 = VECTOR('',#292,1.);
#292 = DIRECTION('',(0.,1.));
#293 = ( GEOMETRIC_REPRESENTATION_CONTEXT(2) 
PARAMETRIC_REPRESENTATION_CONTEXT() REPRESENTATION_CONTEXT('2D SPACE',''
  ) );
#294 = ORIENTED_EDGE('',*,*,#295,.T.);
#295 = EDGE_CURVE('',#266,#296,#298,.T.);
#296 = VERTEX_POINT('',#297);
#297 = CARTESIAN_POINT('',(-18.66666666666,-13.11111111111,30.));
#298 = SURFACE_CURVE('',#299,(#303,#310),.PCURVE_S1.);
#299 = LINE('',#300,#301);
#300 = CARTESIAN_POINT('',(-18.66666666666,-18.66666666666,30.));
#301 = VECTOR('',#302,1.);
#302 = DIRECTION('',(0.,1.,0.));
#303 = PCURVE('',#126,#304);
#304 = DEFINITIONAL_REPRESENTATION('',(#305),#309);
#305 = LINE('',#306,#307);
#306 = CARTESIAN_POINT('',(3.2,3.2));
#307 = VECTOR('',#308,1.);
#308 = DIRECTION('',(0.,1.));
#309 = ( GEOMETRIC_REPRESENTATION_CONTEXT(2) 
PARAMETRIC_REPRESENTATION_CONTEXT() REPRESENTATION_CONTEXT('2D SPACE',''
  ) );
#310 = PCURVE('',#311,#316);
#311 = PLANE('',#312);
#312 = AXIS2_PLACEMENT_3D('',#313,#314,#315);
#313 = CARTESIAN_POINT('',(-18.66666666666,-18.66666666666,0.));
#314 = DIRECTION('',(1.,0.,0.));
#315 = DIRECTION('',(0.,0.,1.));
#316 = DEFINITIONAL_REPRESENTATION('',(#317),#321);
#317 = LINE('',#318,#319);
#318 = CARTESIAN_POINT('',(30.,0.));
#319 = VECTOR('',#320,1.);
#320 = DIRECTION('',(0.,-1.));
#321 = ( GEOMETRIC_REPRESENTATION_CONTEXT(2) 
PARAMETRIC_REPRESENTATION_CONTEXT() REPRESENTATION_CONTEXT('2D SPACE',''
  ) );
#322 = ORIENTED_EDGE('',*,*,#323,.T.);
#323 = EDGE_CURVE('',#296,#324,#326,.T.);
#324 = VERTEX_POINT('',#325);
#325 = CARTESIAN_POINT('',(-13.11111111111,-13.11111111111,30.));
#326 = SURFACE_CURVE('',#327,(#331,#338),.PCURVE_S1.);
#327 = LINE('',#328,#329);
#328 = CARTESIAN_POINT('',(-18.66666666666,-13.11111111111,30.));
#329 = VECTOR('',#330,1.);
#330 = DIRECTION('',(1.,0.,0.));
#331 = PCURVE('',#126,#332);
#332 = DEFINITIONAL_REPRESENTATION('',(#333),#337);
#333 = LINE('',#334,#335);
#334 = CARTESIAN_POINT('',(3.2,8.755555555556));
#335 = VECTOR('',#336,1.);
#336 = DIRECTION('',(1.,0.));
#337 = ( GEOMETRIC_REPRESENTATION_CONTEXT(2) 
PARAMETRIC_REPRESENTATION_CONTEXT() REPRESENTATION_CONTEXT('2D SPACE',''
  ) );
#338 = PCURVE('',#339,#344);
#339 = PLANE('',#340);
#340 = AXIS2_PLACEMENT_3D('',#341,#342,#343);
#341 = CARTESIAN_POINT('',(-18.66666666666,-13.11111111111,0.));
#342 = DIRECTION('',(0.,1.,0.));
#343 = DIRECTION('',(0.,0.,1.));
#344 = DEFINITIONAL_REPRESENTATION('',(#345),#349);
#345 = LINE('',#346,#347);
#346 = CARTESIAN_POINT('',(30.,0.));
#347 = VECTOR('',#348,1.);
#348 = DIRECTION('',(0.,1.));
#349 = ( GEOMETRIC_REPRESENTATION_CONTEXT(2) 
PARAMETRIC_REPRESENTATION_CONTEXT() REPRESENTATION_CONTEXT('2D SPACE',''
  ) );
#350 = ORIENTED_EDGE('',*,*,#351,.F.);
#351 = EDGE_CURVE('',#268,#324,#352,.T.);
#352 = SURFACE_CURVE('',#353,(#357,#364),.PCURVE_S1.);
#353 = LINE('',#354,#355);
#354 = CARTESIAN_POINT('',(-13.11111111111,-18.66666666666,30.));
#355 = VECTOR('',#356,1.);
#356 = DIRECTION('',(0.,1.,0.));
#357 = PCURVE('',#126,#358);
#358 = DEFINITIONAL_REPRESENTATION('',(#359),#363);
#359 = LINE('',#360,#361);
#360 = CARTESIAN_POINT('',(8.755555555556,3.2));
#361 = VECTOR('',#362,1.);
#362 = DIRECTION('',(0.,1.));
#363 = ( GEOMETRIC_REPRESENTATION_CONTEXT(2) 
PARAMETRIC_REPRESENTATION_CONTEXT() REPRESENTATION_CONTEXT('2D SPACE',''
  ) );
#364 = PCURVE('',#365,#370);
#365 = PLANE('',#366);
#366 = AXIS2_PLACEMENT_3D('',#367,#368,#369);
#367 = CARTESIAN_POINT('',(-13.11111111111,-18.66666666666,0.));
#368 = DIRECTION('',(1.,0.,0.));
#369 = DIRECTION('',(0.,0.,1.));
#370 = DEFINITIONAL_REPRESENTATION('',(#371),#375);
#371 = LINE('',#372,#373);
#372 = CARTESIAN_POINT('',(30.,0.));
#373 = VECTOR('',#374,1.);
#374 = DIRECTION('',(0.,-1.));
#375 = ( GEOMETRIC_REPRESENTATION_CONTEXT(2) 
PARAMETRIC_REPRESENTATION_CONTEXT() REPRESENTATION_CONTEXT('2D SPACE',''
  ) );
#376 = FACE_BOUND('',#377,.T.);
#377 = EDGE_LOOP('',(#378,#408,#436,#464));
#378 = ORIENTED_EDGE('',*,*,#379,.T.);
#379 = EDGE_CURVE('',#380,#382,#384,.T.);
#380 = VERTEX_POINT('',#381);
#381 = CARTESIAN_POINT('',(-12.31111111111,-18.66666666666,30.));
#382 = VERTEX_POINT('',#383);
#383 = CARTESIAN_POINT('',(-12.31111111111,-13.11111111111,30.));
#384 = SURFACE_CURVE('',#385,(#389,#396),.PCURVE_S1.);
#385 = LINE('',#386,#387);
#386 = CARTESIAN_POINT('',(-12.31111111111,-18.66666666666,30.));
#387 = VECTOR('',#388,1.);
#388 = DIRECTION('',(0.,1.,0.));
#389 = PCURVE('',#126,#390);
#390 = DEFINITIONAL_REPRESENTATION('',(#391),#395);
#391 = LINE('',#392,#393);
#392 = CARTESIAN_POINT('',(9.555555555556,3.2));
#393 = VECTOR('',#394,1.);
#394 = DIRECTION('',(0.,1.));
#395 = ( GEOMETRIC_REPRESENTATION_CONTEXT(2) 
PARAMETRIC_REPRESENTATION_CONTEXT() REPRESENTATION_CONTEXT('2D SPACE',''
  ) );
#396 = PCURVE('',#397,#402);
#397 = PLANE('',#398);
#398 = AXIS2_PLACEMENT_3D('',#399,#400,#401);
#399 = CARTESIAN_POINT('',(-12.31111111111,-18.66666666666,0.));
#400 = DIRECTION('',(1.,0.,0.));
#401 = DIRECTION('',(0.,0.,1.));
#402 = DEFINITIONAL_REPRESENTATION('',(#403),#407);
#403 = LINE('',#404,#405);
#404 = CARTESIAN_POINT('',(30.,0.));
#405 = VECTOR('',#406,1.);
#406 = DIRECTION('',(0.,-1.));
#407 = ( GEOMETRIC_REPRESENTATION_CONTEXT(2) 
PARAMETRIC_REPRESENTATION_CONTEXT() REPRESENTATION_CONTEXT('2D SPACE',''
  ) );
#408 = ORIENTED_EDGE('',*,*,#409,.T.);
#409 = EDGE_CURVE('',#382,#410,#412,.T.);
#410 = VERTEX_POINT('',#411);
#411 = CARTESIAN_POINT('',(-6.755555555556,-13.11111111111,30.));
#412 = SURFACE_CURVE('',#413,(#417,#424),.PCURVE_S1.);
#413 = LINE('',#414,#415);
#414 = CARTESIAN_POINT('',(-18.66666666666,-13.11111111111,30.));
#415 = VECTOR('',#416,1.);
#416 = DIRECTION('',(1.,0.,0.));
#417 = PCURVE('',#126,#418);
#418 = DEFINITIONAL_REPRESENTATION('',(#419),#423);
#419 = LINE('',#420,#421);
#420 = CARTESIAN_POINT('',(3.2,8.755555555556));
#421 = VECTOR('',#422,1.);
#422 = DIRECTION('',(1.,0.));
#423 = ( GEOMETRIC_REPRESENTATION_CONTEXT(2) 
PARAMETRIC_REPRESENTATION_CONTEXT() REPRESENTATION_CONTEXT('2D SPACE',''
  ) );
#424 = PCURVE('',#425,#430);
#425 = PLANE('',#426);
#426 = AXIS2_PLACEMENT_3D('',#427,#428,#429);
#427 = CARTESIAN_POINT('',(-18.66666666666,-13.11111111111,0.));
#428 = DIRECTION('',(0.,1.,0.));
#429 = DIRECTION('',(0.,0.,1.));
#430 = DEFINITIONAL_REPRESENTATION('',(#431),#435);
#431 = LINE('',#432,#433);
#432 = CARTESIAN_POINT('',(30.,0.));
#433 = VECTOR('',#434,1.);
#434 = DIRECTION('',(0.,1.));
#435 = ( GEOMETRIC_REPRESENTATION_CONTEXT(2) 
PARAMETRIC_REPRESENTATION_CONTEXT() REPRESENTATION_CONTEXT('2D SPACE',''
  ) );
#436 = ORIENTED_EDGE('',*,*,#437,.F.);
#437 = EDGE_CURVE('',#438,#410,#440,.T.);
#438 = VERTEX_POINT('',#439);
#439 = CARTESIAN_POINT('',(-6.755555555556,-18.66666666666,30.));
#440 = SURFACE_CURVE('',#441,(#445,#452),.PCURVE_S1.);
#441 = LINE('',#442,#443);
#442 = CARTESIAN_POINT('',(-6.755555555556,-18.66666666666,30.));
#443 = VECTOR('',#444,1.);
#444 = DIRECTION('',(0.,1.,0.));
#445 = PCURVE('',#126,#446);
#446 = DEFINITIONAL_REPRESENTATION('',(#447),#451);
#447 = LINE('',#448,#449);
#448 = CARTESIAN_POINT('',(15.111111111111,3.2));
#449 = VECTOR('',#450,1.);
#450 = DIRECTION('',(0.,1.));
#451 = ( GEOMETRIC_REPRESENTATION_CONTEXT(2) 
PARAMETRIC_REPRESENTATION_CONTEXT() REPRESENTATION_CONTEXT('2D SPACE',''
  ) );
#452 = PCURVE('',#453,#458);
#453 = PLANE('',#454);
#454 = AXIS2_PLACEMENT_3D('',#455,#456,#457);
#455 = CARTESIAN_POINT('',(-6.755555555556,-18.66666666666,0.));
#456 = DIRECTION('',(1.,0.,0.));
#457 = DIRECTION('',(0.,0.,1.));
#458 = DEFINITIONAL_REPRESENTATION('',(#459),#463);
#459 = LINE('',#460,#461);
#460 = CARTESIAN_POINT('',(30.,0.));
#461 = VECTOR('',#462,1.);
#462 = DIRECTION('',(0.,-1.));
#463 = ( GEOMETRIC_REPRESENTATION_CONTEXT(2) 
PARAMETRIC_REPRESENTATION_CONTEXT() REPRESENTATION_CONTEXT('2D SPACE',''
  ) );
#464 = ORIENTED_EDGE('',*,*,#465,.F.);
#465 = EDGE_CURVE('',#380,#438,#466,.T.);
#466 = SURFACE_CURVE('',#467,(#471,#478),.PCURVE_S1.);
#467 = LINE('',#468,#469);
#468 = CARTESIAN_POINT('',(-18.66666666666,-18.66666666666,30.));
#469 = VECTOR('',#470,1.);
#470 = DIRECTION('',(1.,0.,0.));
#471 = PCURVE('',#126,#472);
#472 = DEFINITIONAL_REPRESENTATION('',(#473),#477);
#473 = LINE('',#474,#475);
#474 = CARTESIAN_POINT('',(3.2,3.2));
#475 = VECTOR('',#476,1.);
#476 = DIRECTION('',(1.,0.));
#477 = ( GEOMETRIC_REPRESENTATION_CONTEXT(2) 
PARAMETRIC_REPRESENTATION_CONTEXT() REPRESENTATION_CONTEXT('2D SPACE',''
  ) );
#478 = PCURVE('',#479,#484);
#479 = PLANE('',#480);
#480 = AXIS2_PLACEMENT_3D('',#481,#482,#483);
#481 = CARTESIAN_POINT('',(-18.66666666666,-18.66666666666,0.));
#482 = DIRECTION('',(0.,1.,0.));
#483 = DIRECTION('',(0.,0.,1.));
#484 = DEFINITIONAL_REPRESENTATION('',(#485),#489);
#485 = LINE('',#486,#487);
#486 = CARTESIAN_POINT('',(30.,0.));
#487 = VECTOR('',#488,1.);
#488 = DIRECTION('',(0.,1.));
#489 = ( GEOMETRIC_REPRESENTATION_CONTEXT(2) 
PARAMETRIC_REPRESENTATION_CONTEXT() REPRESENTATION_CONTEXT('2D SPACE',''
  ) );
#490 = FACE_BOUND('',#491,.T.);
#491 = EDGE_LOOP('',(#492,#522,#550,#578));
#492 = ORIENTED_EDGE('',*,*,#493,.T.);
#493 = EDGE_CURVE('',#494,#496,#498,.T.);
#494 = VERTEX_POINT('',#495);
#495 = CARTESIAN_POINT('',(-18.66666666666,-12.31111111111,30.));
#496 = VERTEX_POINT('',#497);
#497 = CARTESIAN_POINT('',(-18.66666666666,-6.755555555556,30.));
#498 = SURFACE_CURVE('',#499,(#503,#510),.PCURVE_S1.);
#499 = LINE('',#500,#501);
#500 = CARTESIAN_POINT('',(-18.66666666666,-18.66666666666,30.));
#501 = VECTOR('',#502,1.);
#502 = DIRECTION('',(0.,1.,0.));
#503 = PCURVE('',#126,#504);
#504 = DEFINITIONAL_REPRESENTATION('',(#505),#509);
#505 = LINE('',#506,#507);
#506 = CARTESIAN_POINT('',(3.2,3.2));
#507 = VECTOR('',#508,1.);
#508 = DIRECTION('',(0.,1.));
#509 = ( GEOMETRIC_REPRESENTATION_CONTEXT(2) 
PARAMETRIC_REPRESENTATION_CONTEXT() REPRESENTATION_CONTEXT('2D SPACE',''
  ) );
#510 = PCURVE('',#511,#516);
#511 = PLANE('',#512);
#512 = AXIS2_PLACEMENT_3D('',#513,#514,#515);
#513 = CARTESIAN_POINT('',(-18.66666666666,-18.66666666666,0.));
#514 = DIRECTION('',(1.,0.,0.));
#515 = DIRECTION('',(0.,0.,1.));
#516 = DEFINITIONAL_REPRESENTATION('',(#517),#521);
#517 = LINE('',#518,#519);
#518 = CARTESIAN_POINT('',(30.,0.));
#519 = VECTOR('',#520,1.);
#520 = DIRECTION('',(0.,-1.));
#521 = ( GEOMETRIC_REPRESENTATION_CONTEXT(2) 
PARAMETRIC_REPRESENTATION_CONTEXT() REPRESENTATION_CONTEXT('2D SPACE',''
  ) );
#522 = ORIENTED_EDGE('',*,*,#523,.T.);
#523 = EDGE_CURVE('',#496,#524,#526,.T.);
#524 = VERTEX_POINT('',#525);
#525 = CARTESIAN_POINT('',(-13.11111111111,-6.755555555556,30.));
#526 = SURFACE_CURVE('',#527,(#531,#538),.PCURVE_S1.);
#527 = LINE('',#528,#529);
#528 = CARTESIAN_POINT('',(-18.66666666666,-6.755555555556,30.));
#529 = VECTOR('',#530,1.);
#530 = DIRECTION('',(1.,0.,0.));
#531 = PCURVE('',#126,#532);
#532 = DEFINITIONAL_REPRESENTATION('',(#533),#537);
#533 = LINE('',#534,#535);
#534 = CARTESIAN_POINT('',(3.2,15.111111111111));
#535 = VECTOR('',#536,1.);
#536 = DIRECTION('',(1.,0.));
#537 = ( GEOMETRIC_REPRESENTATION_CONTEXT(2) 
PARAMETRIC_REPRESENTATION_CONTEXT() REPRESENTATION_CONTEXT('2D SPACE',''
  ) );
#538 = PCURVE('',#539,#544);
#539 = PLANE('',#540);
#540 = AXIS2_PLACEMENT_3D('',#541,#542,#543);
#541 = CARTESIAN_POINT('',(-18.66666666666,-6.755555555556,0.));
#542 = DIRECTION('',(0.,1.,0.));
#543 = DIRECTION('',(0.,0.,1.));
#544 = DEFINITIONAL_REPRESENTATION('',(#545),#549);
#545 = LINE('',#546,#547);
#546 = CARTESIAN_POINT('',(30.,0.));
#547 = VECTOR('',#548,1.);
#548 = DIRECTION('',(0.,1.));
#549 = ( GEOMETRIC_REPRESENTATION_CONTEXT(2) 
PARAMETRIC_REPRESENTATION_CONTEXT() REPRESENTATION_CONTEXT('2D SPACE',''
  ) );
#550 = ORIENTED_EDGE('',*,*,#551,.F.);
#551 = EDGE_CURVE('',#552,#524,#554,.T.);
#552 = VERTEX_POINT('',#553);
#553 = CARTESIAN_POINT('',(-13.11111111111,-12.31111111111,30.));
#554 = SURFACE_CURVE('',#555,(#559,#566),.PCURVE_S1.);
#555 = LINE('',#556,#557);
#556 = CARTESIAN_POINT('',(-13.11111111111,-18.66666666666,30.));
#557 = VECTOR('',#558,1.);
#558 = DIRECTION('',(0.,1.,0.));
#559 = PCURVE('',#126,#560);
#560 = DEFINITIONAL_REPRESENTATION('',(#561),#565);
#561 = LINE('',#562,#563);
#562 = CARTESIAN_POINT('',(8.755555555556,3.2));
#563 = VECTOR('',#564,1.);
#564 = DIRECTION('',(0.,1.));
#565 = ( GEOMETRIC_REPRESENTATION_CONTEXT(2) 
PARAMETRIC_REPRESENTATION_CONTEXT() REPRESENTATION_CONTEXT('2D SPACE',''
  ) );
#566 = PCURVE('',#567,#572);
#567 = PLANE('',#568);
#568 = AXIS2_PLACEMENT_3D('',#569,#570,#571);
#569 = CARTESIAN_POINT('',(-13.11111111111,-18.66666666666,0.));
#570 = DIRECTION('',(1.,0.,0.));
#571 = DIRECTION('',(0.,0.,1.));
#572 = DEFINITIONAL_REPRESENTATION('',(#573),#577);
#573 = LINE('',#574,#575);
#574 = CARTESIAN_POINT('',(30.,0.));
#575 = VECTOR('',#576,1.);
#576 = DIRECTION('',(0.,-1.));
#577 = ( GEOMETRIC_REPRESENTATION_CONTEXT(2) 
PARAMETRIC_REPRESENTATION_CONTEXT() REPRESENTATION_CONTEXT('2D SPACE',''
  ) );
#578 = ORIENTED_EDGE('',*,*,#579,.F.);
#579 = EDGE_CURVE('',#494,#552,#580,.T.);
#580 = SURFACE_CURVE('',#581,(#585,#592),.PCURVE_S1.);
#581 = LINE('',#582,#583);
#582 = CARTESIAN_POINT('',(-18.66666666666,-12.31111111111,30.));
#583 = VECTOR('',#584,1.);
#584 = DIRECTION('',(1.,0.,0.));
#585 = PCURVE('',#126,#586);
#586 = DEFINITIONAL_REPRESENTATION('',(#587),#591);
#587 = LINE('',#588,#589);
#588 = CARTESIAN_POINT('',(3.2,9.555555555556));
#589 = VECTOR('',#590,1.);
#590 = DIRECTION('',(1.,0.));
#591 = ( GEOMETRIC_REPRESENTATION_CONTEXT(2) 
PARAMETRIC_REPRESENTATION_CONTEXT() REPRESENTATION_CONTEXT('2D SPACE',''
  ) );
#592 = PCURVE('',#593,#598);
#593 = PLANE('',#594);
#594 = AXIS2_PLACEMENT_3D('',#595,#596,#597);
#595 = CARTESIAN_POINT('',(-18.66666666666,-12.31111111111,0.));
#596 = DIRECTION('',(0.,1.,0.));
#597 = DIRECTION('',(0.,0.,1.));
#598 = DEFINITIONAL_REPRESENTATION('',(#599),#603);
#599 = LINE('',#600,#601);
#600 = CARTESIAN_POINT('',(30.,0.));
#601 = VECTOR('',#602,1.);
#602 = DIRECTION('',(0.,1.));
#603 = ( GEOMETRIC_REPRESENTATION_CONTEXT(2) 
PARAMETRIC_REPRESENTATION_CONTEXT() REPRESENTATION_CONTEXT('2D SPACE',''
  ) );
#604 = FACE_BOUND('',#605,.T.);
#605 = EDGE_LOOP('',(#606,#636,#664,#692));
#606 = ORIENTED_EDGE('',*,*,#607,.T.);
#607 = EDGE_CURVE('',#608,#610,#612,.T.);
#608 = VERTEX_POINT('',#609);
#609 = CARTESIAN_POINT('',(-12.31111111111,-12.31111111111,30.));
#610 = VERTEX_POINT('',#611);
#611 = CARTESIAN_POINT('',(-12.31111111111,-6.755555555556,30.));
#612 = SURFACE_CURVE('',#613,(#617,#624),.PCURVE_S1.);
#613 = LINE('',#614,#615);
#614 = CARTESIAN_POINT('',(-12.31111111111,-18.66666666666,30.));
#615 = VECTOR('',#616,1.);
#616 = DIRECTION('',(0.,1.,0.));
#617 = PCURVE('',#126,#618);
#618 = DEFINITIONAL_REPRESENTATION('',(#619),#623);
#619 = LINE('',#620,#621);
#620 = CARTESIAN_POINT('',(9.555555555556,3.2));
#621 = VECTOR('',#622,1.);
#622 = DIRECTION('',(0.,1.));
#623 = ( GEOMETRIC_REPRESENTATION_CONTEXT(2) 
PARAMETRIC_REPRESENTATION_CONTEXT() REPRESENTATION_CONTEXT('2D SPACE',''
  ) );
#624 = PCURVE('',#625,#630);
#625 = PLANE('',#626);
#626 = AXIS2_PLACEMENT_3D('',#627,#628,#629);
#627 = CARTESIAN_POINT('',(-12.31111111111,-18.66666666666,0.));
#628 = DIRECTION('',(1.,0.,0.));
#629 = DIRECTION('',(0.,0.,1.));
#630 = DEFINITIONAL_REPRESENTATION('',(#631),#635);
#631 = LINE('',#632,#633);
#632 = CARTESIAN_POINT('',(30.,0.));
#633 = VECTOR('',#634,1.);
#634 = DIRECTION('',(0.,-1.));
#635 = ( GEOMETRIC_REPRESENTATION_CONTEXT(2) 
PARAMETRIC_REPRESENTATION_CONTEXT() REPRESENTATION_CONTEXT('2D SPACE',''
  ) );
#636 = ORIENTED_EDGE('',*,*,#637,.T.);
#637 = EDGE_CURVE('',#610,#638,#640,.T.);
#638 = VERTEX_POINT('',#639);
#639 = CARTESIAN_POINT('',(-6.755555555556,-6.755555555556,30.));
#640 = SURFACE_CURVE('',#641,(#645,#652),.PCURVE_S1.);
#641 = LINE('',#642,#643);
#642 = CARTESIAN_POINT('',(-18.66666666666,-6.755555555556,30.));
#643 = VECTOR('',#644,1.);
#644 = DIRECTION('',(1.,0.,0.));
#645 = PCURVE('',#126,#646);
#646 = DEFINITIONAL_REPRESENTATION('',(#647),#651);
#647 = LINE('',#648,#649);
#648 = CARTESIAN_POINT('',(3.2,15.111111111111));
#649 = VECTOR('',#650,1.);
#650 = DIRECTION('',(1.,0.));
#651 = ( GEOMETRIC_REPRESENTATION_CONTEXT(2) 
PARAMETRIC_REPRESENTATION_CONTEXT() REPRESENTATION_CONTEXT('2D SPACE',''
  ) );
#652 = PCURVE('',#653,#658);
#653 = PLANE('',#654);
#654 = AXIS2_PLACEMENT_3D('',#655,#656,#657);
#655 = CARTESIAN_POINT('',(-18.66666666666,-6.755555555556,0.));
#656 = DIRECTION('',(0.,1.,0.));
#657 = DIRECTION('',(0.,0.,1.));
#658 = DEFINITIONAL_REPRESENTATION('',(#659),#663);
#659 = LINE('',#660,#661);
#660 = CARTESIAN_POINT('',(30.,0.));
#661 = VECTOR('',#662,1.);
#662 = DIRECTION('',(0.,1.));
#663 = ( GEOMETRIC_REPRESENTATION_CONTEXT(2) 
PARAMETRIC_REPRESENTATION_CONTEXT() REPRESENTATION_CONTEXT('2D SPACE',''
  ) );
#664 = ORIENTED_EDGE('',*,*,#665,.F.);
#665 = EDGE_CURVE('',#666,#638,#668,.T.);
#666 = VERTEX_POINT('',#667);
#667 = CARTESIAN_POINT('',(-6.755555555556,-12.31111111111,30.));
#668 = SURFACE_CURVE('',#669,(#673,#680),.PCURVE_S1.);
#669 = LINE('',#670,#671);
#670 = CARTESIAN_POINT('',(-6.755555555556,-18.66666666666,30.));
#671 = VECTOR('',#672,1.);
#672 = DIRECTION('',(0.,1.,0.));
#673 = PCURVE('',#126,#674);
#674 = DEFINITIONAL_REPRESENTATION('',(#675),#679);
#675 = LINE('',#676,#677);
#676 = CARTESIAN_POINT('',(15.111111111111,3.2));
#677 = VECTOR('',#678,1.);
#678 = DIRECTION('',(0.,1.));
#679 = ( GEOMETRIC_REPRESENTATION_CONTEXT(2) 
PARAMETRIC_REPRESENTATION_CONTEXT() REPRESENTATION_CONTEXT('2D SPACE',''
  ) );
#680 = PCURVE('',#681,#686);
#681 = PLANE('',#682);
#682 = AXIS2_PLACEMENT_3D('',#683,#684,#685);
#683 = CARTESIAN_POINT('',(-6.755555555556,-18.66666666666,0.));
#684 = DIRECTION('',(1.,0.,0.));
#685 = DIRECTION('',(0.,0.,1.));
#686 = DEFINITIONAL_REPRESENTATION('',(#687),#691);
#687 = LINE('',#688,#689);
#688 = CARTESIAN_POINT('',(30.,0.));
#689 = VECTOR('',#690,1.);
#690 = DIRECTION('',(0.,-1.));
#691 = ( GEOMETRIC_REPRESENTATION_CONTEXT(2) 
PARAMETRIC_REPRESENTATION_CONTEXT() REPRESENTATION_CONTEXT('2D SPACE',''
  ) );
#692 = ORIENTED_EDGE('',*,*,#693,.F.);
#693 = EDGE_CURVE('',#608,#666,#694,.T.);
#694 = SURFACE_CURVE('',#695,(#699,#706),.PCURVE_S1.);
#695 = LINE('',#696,#697);
#696 = CARTESIAN_POINT('',(-18.66666666666,-12.31111111111,30.));
#697 = VECTOR('',#698,1.);
#698 = DIRECTION('',(1.,0.,0.));
#699 = PCURVE('',#126,#700);
#700 = DEFINITIONAL_REPRESENTATION('',(#701),#705);
#701 = LINE('',#702,#703);
#702 = CARTESIAN_POINT('',(3.2,9.555555555556));
#703 = VECTOR('',#704,1.);
#704 = DIRECTION('',(1.,0.));
#705 = ( GEOMETRIC_REPRESENTATION_CONTEXT(2) 
PARAMETRIC_REPRESENTATION_CONTEXT() REPRESENTATION_CONTEXT('2D SPACE',''
  ) );
#706 = PCURVE('',#707,#712);
#707 = PLANE('',#708);
#708 = AXIS2_PLACEMENT_3D('',#709,#710,#711);
#709 = CARTESIAN_POINT('',(-18.66666666666,-12.31111111111,0.));
#710 = DIRECTION('',(0.,1.,0.));
#711 = DIRECTION('',(0.,0.,1.));
#712 = DEFINITIONAL_REPRESENTATION('',(#713),#717);
#713 = LINE('',#714,#715);
#714 = CARTESIAN_POINT('',(30.,0.));
#715 = VECTOR('',#716,1.);
#716 = DIRECTION('',(0.,1.));
#717 = ( GEOMETRIC_REPRESENTATION_CONTEXT(2) 
PARAMETRIC_REPRESENTATION_CONTEXT() REPRESENTATION_CONTEXT('2D SPACE',''
  ) );
#718 = FACE_BOUND('',#719,.T.);
#719 = EDGE_LOOP('',(#720,#750,#778,#806));
#720 = ORIENTED_EDGE('',*,*,#721,.T.);
#721 = EDGE_CURVE('',#722,#724,#726,.T.);
#722 = VERTEX_POINT('',#723);
#723 = CARTESIAN_POINT('',(-5.955555555556,-18.66666666666,30.));
#724 = VERTEX_POINT('',#725);
#725 = CARTESIAN_POINT('',(-5.955555555556,-13.11111111111,30.));
#726 = SURFACE_CURVE('',#727,(#731,#738),.PCURVE_S1.);
#727 = LINE('',#728,#729);
#728 = CARTESIAN_POINT('',(-5.955555555556,-18.66666666666,30.));
#729 = VECTOR('',#730,1.);
#730 = DIRECTION('',(0.,1.,0.));
#731 = PCURVE('',#126,#732);
#732 = DEFINITIONAL_REPRESENTATION('',(#733),#737);
#733 = LINE('',#734,#735);
#734 = CARTESIAN_POINT('',(15.911111111111,3.2));
#735 = VECTOR('',#736,1.);
#736 = DIRECTION('',(0.,1.));
#737 = ( GEOMETRIC_REPRESENTATION_CONTEXT(2) 
PARAMETRIC_REPRESENTATION_CONTEXT() REPRESENTATION_CONTEXT('2D SPACE',''
  ) );
#738 = PCURVE('',#739,#744);
#739 = PLANE('',#740);
#740 = AXIS2_PLACEMENT_3D('',#741,#742,#743);
#741 = CARTESIAN_POINT('',(-5.955555555556,-18.66666666666,0.));
#742 = DIRECTION('',(1.,0.,0.));
#743 = DIRECTION('',(0.,0.,1.));
#744 = DEFINITIONAL_REPRESENTATION('',(#745),#749);
#745 = LINE('',#746,#747);
#746 = CARTESIAN_POINT('',(30.,0.));
#747 = VECTOR('',#748,1.);
#748 = DIRECTION('',(0.,-1.));
#749 = ( GEOMETRIC_REPRESENTATION_CONTEXT(2) 
PARAMETRIC_REPRESENTATION_CONTEXT() REPRESENTATION_CONTEXT('2D SPACE',''
  ) );
#750 = ORIENTED_EDGE('',*,*,#751,.T.);
#751 = EDGE_CURVE('',#724,#752,#754,.T.);
#752 = VERTEX_POINT('',#753);
#753 = CARTESIAN_POINT('',(-0.4,-13.11111111111,30.));
#754 = SURFACE_CURVE('',#755,(#759,#766),.PCURVE_S1.);
#755 = LINE('',#756,#757);
#756 = CARTESIAN_POINT('',(-18.66666666666,-13.11111111111,30.));
#757 = VECTOR('',#758,1.);
#758 = DIRECTION('',(1.,0.,0.));
#759 = PCURVE('',#126,#760);
#760 = DEFINITIONAL_REPRESENTATION('',(#761),#765);
#761 = LINE('',#762,#763);
#762 = CARTESIAN_POINT('',(3.2,8.755555555556));
#763 = VECTOR('',#764,1.);
#764 = DIRECTION('',(1.,0.));
#765 = ( GEOMETRIC_REPRESENTATION_CONTEXT(2) 
PARAMETRIC_REPRESENTATION_CONTEXT() REPRESENTATION_CONTEXT('2D SPACE',''
  ) );
#766 = PCURVE('',#767,#772);
#767 = PLANE('',#768);
#768 = AXIS2_PLACEMENT_3D('',#769,#770,#771);
#769 = CARTESIAN_POINT('',(-18.66666666666,-13.11111111111,0.));
#770 = DIRECTION('',(0.,1.,0.));
#771 = DIRECTION('',(0.,0.,1.));
#772 = DEFINITIONAL_REPRESENTATION('',(#773),#777);
#773 = LINE('',#774,#775);
#774 = CARTESIAN_POINT('',(30.,0.));
#775 = VECTOR('',#776,1.);
#776 = DIRECTION('',(0.,1.));
#777 = ( GEOMETRIC_REPRESENTATION_CONTEXT(2) 
PARAMETRIC_REPRESENTATION_CONTEXT() REPRESENTATION_CONTEXT('2D SPACE',''
  ) );
#778 = ORIENTED_EDGE('',*,*,#779,.F.);
#779 = EDGE_CURVE('',#780,#752,#782,.T.);
#780 = VERTEX_POINT('',#781);
#781 = CARTESIAN_POINT('',(-0.4,-18.66666666666,30.));
#782 = SURFACE_CURVE('',#783,(#787,#794),.PCURVE_S1.);
#783 = LINE('',#784,#785);
#784 = CARTESIAN_POINT('',(-0.4,-18.66666666666,30.));
#785 = VECTOR('',#786,1.);
#786 = DIRECTION('',(0.,1.,0.));
#787 = PCURVE('',#126,#788);
#788 = DEFINITIONAL_REPRESENTATION('',(#789),#793);
#789 = LINE('',#790,#791);
#790 = CARTESIAN_POINT('',(21.466666666667,3.2));
#791 = VECTOR('',#792,1.);
#792 = DIRECTION('',(0.,1.));
#793 = ( GEOMETRIC_REPRESENTATION_CONTEXT(2) 
PARAMETRIC_REPRESENTATION_CONTEXT() REPRESENTATION_CONTEXT('2D SPACE',''
  ) );
#794 = PCURVE('',#795,#800);
#795 = PLANE('',#796);
#796 = AXIS2_PLACEMENT_3D('',#797,#798,#799);
#797 = CARTESIAN_POINT('',(-0.4,-18.66666666666,0.));
#798 = DIRECTION('',(1.,0.,0.));
#799 = DIRECTION('',(0.,0.,1.));
#800 = DEFINITIONAL_REPRESENTATION('',(#801),#805);
#801 = LINE('',#802,#803);
#802 = CARTESIAN_POINT('',(30.,0.));
#803 = VECTOR('',#804,1.);
#804 = DIRECTION('',(0.,-1.));
#805 = ( GEOMETRIC_REPRESENTATION_CONTEXT(2) 
PARAMETRIC_REPRESENTATION_CONTEXT() REPRESENTATION_CONTEXT('2D SPACE',''
  ) );
#806 = ORIENTED_EDGE('',*,*,#807,.F.);
#807 = EDGE_CURVE('',#722,#780,#808,.T.);
#808 = SURFACE_CURVE('',#809,(#813,#820),.PCURVE_S1.);
#809 = LINE('',#810,#811);
#810 = CARTESIAN_POINT('',(-18.66666666666,-18.66666666666,30.));
#811 = VECTOR('',#812,1.);
#812 = DIRECTION('',(1.,0.,0.));
#813 = PCURVE('',#126,#814);
#814 = DEFINITIONAL_REPRESENTATION('',(#815),#819);
#815 = LINE('',#816,#817);
#816 = CARTESIAN_POINT('',(3.2,3.2));
#817 = VECTOR('',#818,1.);
#818 = DIRECTION('',(1.,0.));
#819 = ( GEOMETRIC_REPRESENTATION_CONTEXT(2) 
PARAMETRIC_REPRESENTATION_CONTEXT() REPRESENTATION_CONTEXT('2D SPACE',''
  ) );
#820 = PCURVE('',#821,#826);
#821 = PLANE('',#822);
#822 = AXIS2_PLACEMENT_3D('',#823,#824,#825);
#823 = CARTESIAN_POINT('',(-18.66666666666,-18.66666666666,0.));
#824 = DIRECTION('',(0.,1.,0.));
#825 = DIRECTION('',(0.,0.,1.));
#826 = DEFINITIONAL_REPRESENTATION('',(#827),#831);
#827 = LINE('',#828,#829);
#828 = CARTESIAN_POINT('',(30.,0.));
#829 = VECTOR('',#830,1.);
#830 = DIRECTION('',(0.,1.));
#831 = ( GEOMETRIC_REPRESENTATION_CONTEXT(2) 
PARAMETRIC_REPRESENTATION_CONTEXT() REPRESENTATION_CONTEXT('2D SPACE',''
  ) );
#832 = FACE_BOUND('',#833,.T.);
#833 = EDGE_LOOP('',(#834,#864,#892,#920));
#834 = ORIENTED_EDGE('',*,*,#835,.T.);
#835 = EDGE_CURVE('',#836,#838,#840,.T.);
#836 = VERTEX_POINT('',#837);
#837 = CARTESIAN_POINT('',(-5.955555555556,-12.31111111111,30.));
#838 = VERTEX_POINT('',#839);
#839 = CARTESIAN_POINT('',(-5.955555555556,-6.755555555556,30.));
#840 = SURFACE_CURVE('',#841,(#845,#852),.PCURVE_S1.);
#841 = LINE('',#842,#843);
#842 = CARTESIAN_POINT('',(-5.955555555556,-18.66666666666,30.));
#843 = VECTOR('',#844,1.);
#844 = DIRECTION('',(0.,1.,0.));
#845 = PCURVE('',#126,#846);
#846 = DEFINITIONAL_REPRESENTATION('',(#847),#851);
#847 = LINE('',#848,#849);
#848 = CARTESIAN_POINT('',(15.911111111111,3.2));
#849 = VECTOR('',#850,1.);
#850 = DIRECTION('',(0.,1.));
#851 = ( GEOMETRIC_REPRESENTATION_CONTEXT(2) 
PARAMETRIC_REPRESENTATION_CONTEXT() REPRESENTATION_CONTEXT('2D SPACE',''
  ) );
#852 = PCURVE('',#853,#858);
#853 = PLANE('',#854);
#854 = AXIS2_PLACEMENT_3D('',#855,#856,#857);
#855 = CARTESIAN_POINT('',(-5.955555555556,-18.66666666666,0.));
#856 = DIRECTION('',(1.,0.,0.));
#857 = DIRECTION('',(0.,0.,1.));
#858 = DEFINITIONAL_REPRESENTATION('',(#859),#863);
#859 = LINE('',#860,#861);
#860 = CARTESIAN_POINT('',(30.,0.));
#861 = VECTOR('',#862,1.);
#862 = DIRECTION('',(0.,-1.));
#863 = ( GEOMETRIC_REPRESENTATION_CONTEXT(2) 
PARAMETRIC_REPRESENTATION_CONTEXT() REPRESENTATION_CONTEXT('2D SPACE',''
  ) );
#864 = ORIENTED_EDGE('',*,*,#865,.T.);
#865 = EDGE_CURVE('',#838,#866,#868,.T.);
#866 = VERTEX_POINT('',#867);
#867 = CARTESIAN_POINT('',(-0.4,-6.755555555556,30.));
#868 = SURFACE_CURVE('',#869,(#873,#880),.PCURVE_S1.);
#869 = LINE('',#870,#871);
#870 = CARTESIAN_POINT('',(-18.66666666666,-6.755555555556,30.));
#871 = VECTOR('',#872,1.);
#872 = DIRECTION('',(1.,0.,0.));
#873 = PCURVE('',#126,#874);
#874 = DEFINITIONAL_REPRESENTATION('',(#875),#879);
#875 = LINE('',#876,#877);
#876 = CARTESIAN_POINT('',(3.2,15.111111111111));
#877 = VECTOR('',#878,1.);
#878 = DIRECTION('',(1.,0.));
#879 = ( GEOMETRIC_REPRESENTATION_CONTEXT(2) 
PARAMETRIC_REPRESENTATION_CONTEXT() REPRESENTATION_CONTEXT('2D SPACE',''
  ) );
#880 = PCURVE('',#881,#886);
#881 = PLANE('',#882);
#882 = AXIS2_PLACEMENT_3D('',#883,#884,#885);
#883 = CARTESIAN_POINT('',(-18.66666666666,-6.755555555556,0.));
#884 = DIRECTION('',(0.,1.,0.));
#885 = DIRECTION('',(0.,0.,1.));
#886 = DEFINITIONAL_REPRESENTATION('',(#887),#891);
#887 = LINE('',#888,#889);
#888 = CARTESIAN_POINT('',(30.,0.));
#889 = VECTOR('',#890,1.);
#890 = DIRECTION('',(0.,1.));
#891 = ( GEOMETRIC_REPRESENTATION_CONTEXT(2) 
PARAMETRIC_REPRESENTATION_CONTEXT() REPRESENTATION_CONTEXT('2D SPACE',''
  ) );
#892 = ORIENTED_EDGE('',*,*,#893,.F.);
#893 = EDGE_CURVE('',#894,#866,#896,.T.);
#894 = VERTEX_POINT('',#895);
#895 = CARTESIAN_POINT('',(-0.4,-12.31111111111,30.));
#896 = SURFACE_CURVE('',#897,(#901,#908),.PCURVE_S1.);
#897 = LINE('',#898,#899);
#898 = CARTESIAN_POINT('',(-0.4,-18.66666666666,30.));
#899 = VECTOR('',#900,1.);
#900 = DIRECTION('',(0.,1.,0.));
#901 = PCURVE('',#126,#902);
#902 = DEFINITIONAL_REPRESENTATION('',(#903),#907);
#903 = LINE('',#904,#905);
#904 = CARTESIAN_POINT('',(21.466666666667,3.2));
#905 = VECTOR('',#906,1.);
#906 = DIRECTION('',(0.,1.));
#907 = ( GEOMETRIC_REPRESENTATION_CONTEXT(2) 
PARAMETRIC_REPRESENTATION_CONTEXT() REPRESENTATION_CONTEXT('2D SPACE',''
  ) );
#908 = PCURVE('',#909,#914);
#909 = PLANE('',#910);
#910 = AXIS2_PLACEMENT_3D('',#911,#912,#913);
#911 = CARTESIAN_POINT('',(-0.4,-18.66666666666,0.));
#912 = DIRECTION('',(1.,0.,0.));
#913 = DIRECTION('',(0.,0.,1.));
#914 = DEFINITIONAL_REPRESENTATION('',(#915),#919);
#915 = LINE('',#916,#917);
#916 = CARTESIAN_POINT('',(30.,0.));
#917 = VECTOR('',#918,1.);
#918 = DIRECTION('',(0.,-1.));
#919 = ( GEOMETRIC_REPRESENTATION_CONTEXT(2) 
PARAMETRIC_REPRESENTATION_CONTEXT() REPRESENTATION_CONTEXT('2D SPACE',''
  ) );
#920 = ORIENTED_EDGE('',*,*,#921,.F.);
#921 = EDGE_CURVE('',#836,#894,#922,.T.);
#922 = SURFACE_CURVE('',#923,(#927,#934),.PCURVE_S1.);
#923 = LINE('',#924,#925);
#924 = CARTESIAN_POINT('',(-18.66666666666,-12.31111111111,30.));
#925 = VECTOR('',#926,1.);
#926 = DIRECTION('',(1.,0.,0.));
#927 = PCURVE('',#126,#928);
#928 = DEFINITIONAL_REPRESENTATION('',(#929),#933);
#929 = LINE('',#930,#931);
#930 = CARTESIAN_POINT('',(3.2,9.555555555556));
#931 = VECTOR('',#932,1.);
#932 = DIRECTION('',(1.,0.));
#933 = ( GEOMETRIC_REPRESENTATION_CONTEXT(2) 
PARAMETRIC_REPRESENTATION_CONTEXT() REPRESENTATION_CONTEXT('2D SPACE',''
  ) );
#934 = PCURVE('',#935,#940);
#935 = PLANE('',#936);
#936 = AXIS2_PLACEMENT_3D('',#937,#938,#939);
#937 = CARTESIAN_POINT('',(-18.66666666666,-12.31111111111,0.));
#938 = DIRECTION('',(0.,1.,0.));
#939 = DIRECTION('',(0.,0.,1.));
#940 = DEFINITIONAL_REPRESENTATION('',(#941),#945);
#941 = LINE('',#942,#943);
#942 = CARTESIAN_POINT('',(30.,0.));
#943 = VECTOR('',#944,1.);
#944 = DIRECTION('',(0.,1.));
#945 = ( GEOMETRIC_REPRESENTATION_CONTEXT(2) 
PARAMETRIC_REPRESENTATION_CONTEXT() REPRESENTATION_CONTEXT('2D SPACE',''
  ) );
#946 = FACE_BOUND('',#947,.T.);
#947 = EDGE_LOOP('',(#948,#978,#1006,#1034));
#948 = ORIENTED_EDGE('',*,*,#949,.T.);
#949 = EDGE_CURVE('',#950,#952,#954,.T.);
#950 = VERTEX_POINT('',#951);
#951 = CARTESIAN_POINT('',(-18.66666666666,-5.955555555556,30.));
#952 = VERTEX_POINT('',#953);
#953 = CARTESIAN_POINT('',(-18.66666666666,-0.4,30.));
#954 = SURFACE_CURVE('',#955,(#959,#966),.PCURVE_S1.);
#955 = LINE('',#956,#957);
#956 = CARTESIAN_POINT('',(-18.66666666666,-18.66666666666,30.));
#957 = VECTOR('',#958,1.);
#958 = DIRECTION('',(0.,1.,0.));
#959 = PCURVE('',#126,#960);
#960 = DEFINITIONAL_REPRESENTATION('',(#961),#965);
#961 = LINE('',#962,#963);
#962 = CARTESIAN_POINT('',(3.2,3.2));
#963 = VECTOR('',#964,1.);
#964 = DIRECTION('',(0.,1.));
#965 = ( GEOMETRIC_REPRESENTATION_CONTEXT(2) 
PARAMETRIC_REPRESENTATION_CONTEXT() REPRESENTATION_CONTEXT('2D SPACE',''
  ) );
#966 = PCURVE('',#967,#972);
#967 = PLANE('',#968);
#968 = AXIS2_PLACEMENT_3D('',#969,#970,#971);
#969 = CARTESIAN_POINT('',(-18.66666666666,-18.66666666666,0.));
#970 = DIRECTION('',(1.,0.,0.));
#971 = DIRECTION('',(0.,0.,1.));
#972 = DEFINITIONAL_REPRESENTATION('',(#973),#977);
#973 = LINE('',#974,#975);
#974 = CARTESIAN_POINT('',(30.,0.));
#975 = VECTOR('',#976,1.);
#976 = DIRECTION('',(0.,-1.));
#977 = ( GEOMETRIC_REPRESENTATION_CONTEXT(2) 
PARAMETRIC_REPRESENTATION_CONTEXT() REPRESENTATION_CONTEXT('2D SPACE',''
  ) );
#978 = ORIENTED_EDGE('',*,*,#979,.T.);
#979 = EDGE_CURVE('',#952,#980,#982,.T.);
#980 = VERTEX_POINT('',#981);
#981 = CARTESIAN_POINT('',(-13.11111111111,-0.4,30.));
#982 = SURFACE_CURVE('',#983,(#987,#994),.PCURVE_S1.);
#983 = LINE('',#984,#985);
#984 = CARTESIAN_POINT('',(-18.66666666666,-0.4,30.));
#985 = VECTOR('',#986,1.);
#986 = DIRECTION('',(1.,0.,0.));
#987 = PCURVE('',#126,#988);
#988 = DEFINITIONAL_REPRESENTATION('',(#989),#993);
#989 = LINE('',#990,#991);
#990 = CARTESIAN_POINT('',(3.2,21.466666666667));
#991 = VECTOR('',#992,1.);
#992 = DIRECTION('',(1.,0.));
#993 = ( GEOMETRIC_REPRESENTATION_CONTEXT(2) 
PARAMETRIC_REPRESENTATION_CONTEXT() REPRESENTATION_CONTEXT('2D SPACE',''
  ) );
#994 = PCURVE('',#995,#1000);
#995 = PLANE('',#996);
#996 = AXIS2_PLACEMENT_3D('',#997,#998,#999);
#997 = CARTESIAN_POINT('',(-18.66666666666,-0.4,0.));
#998 = DIRECTION('',(0.,1.,0.));
#999 = DIRECTION('',(0.,0.,1.));
#1000 = DEFINITIONAL_REPRESENTATION('',(#1001),#1005);
#1001 = LINE('',#1002,#1003);
#1002 = CARTESIAN_POINT('',(30.,0.));
#1003 = VECTOR('',#1004,1.);
#1004 = DIRECTION('',(0.,1.));
#1005 = ( GEOMETRIC_REPRESENTATION_CONTEXT(2) 
PARAMETRIC_REPRESENTATION_CONTEXT() REPRESENTATION_CONTEXT('2D SPACE',''
  ) );
#1006 = ORIENTED_EDGE('',*,*,#1007,.F.);
#1007 = EDGE_CURVE('',#1008,#980,#1010,.T.);
#1008 = VERTEX_POINT('',#1009);
#1009 = CARTESIAN_POINT('',(-13.11111111111,-5.955555555556,30.));
#1010 = SURFACE_CURVE('',#1011,(#1015,#1022),.PCURVE_S1.);
#1011 = LINE('',#1012,#1013);
#1012 = CARTESIAN_POINT('',(-13.11111111111,-18.66666666666,30.));
#1013 = VECTOR('',#1014,1.);
#1014 = DIRECTION('',(0.,1.,0.));
#1015 = PCURVE('',#126,#1016);
#1016 = DEFINITIONAL_REPRESENTATION('',(#1017),#1021);
#1017 = LINE('',#1018,#1019);
#1018 = CARTESIAN_POINT('',(8.755555555556,3.2));
#1019 = VECTOR('',#1020,1.);
#1020 = DIRECTION('',(0.,1.));
#1021 = ( GEOMETRIC_REPRESENTATION_CONTEXT(2) 
PARAMETRIC_REPRESENTATION_CONTEXT() REPRESENTATION_CONTEXT('2D SPACE',''
  ) );
#1022 = PCURVE('',#1023,#1028);
#1023 = PLANE('',#1024);
#1024 = AXIS2_PLACEMENT_3D('',#1025,#1026,#1027);
#1025 = CARTESIAN_POINT('',(-13.11111111111,-18.66666666666,0.));
#1026 = DIRECTION('',(1.,0.,0.));
#1027 = DIRECTION('',(0.,0.,1.));
#1028 = DEFINITIONAL_REPRESENTATION('',(#1029),#1033);
#1029 = LINE('',#1030,#1031);
#1030 = CARTESIAN_POINT('',(30.,0.));
#1031 = VECTOR('',#1032,1.);
#1032 = DIRECTION('',(0.,-1.));
#1033 = ( GEOMETRIC_REPRESENTATION_CONTEXT(2) 
PARAMETRIC_REPRESENTATION_CONTEXT() REPRESENTATION_CONTEXT('2D SPACE',''
  ) );
#1034 = ORIENTED_EDGE('',*,*,#1035,.F.);
#1035 = EDGE_CURVE('',#950,#1008,#1036,.T.);
#1036 = SURFACE_CURVE('',#1037,(#1041,#1048),.PCURVE_S1.);
#1037 = LINE('',#1038,#1039);
#1038 = CARTESIAN_POINT('',(-18.66666666666,-5.955555555556,30.));
#1039 = VECTOR('',#1040,1.);
#1040 = DIRECTION('',(1.,0.,0.));
#1041 = PCURVE('',#126,#1042);
#1042 = DEFINITIONAL_REPRESENTATION('',(#1043),#1047);
#1043 = LINE('',#1044,#1045);
#1044 = CARTESIAN_POINT('',(3.2,15.911111111111));
#1045 = VECTOR('',#1046,1.);
#1046 = DIRECTION('',(1.,0.));
#1047 = ( GEOMETRIC_REPRESENTATION_CONTEXT(2) 
PARAMETRIC_REPRESENTATION_CONTEXT() REPRESENTATION_CONTEXT('2D SPACE',''
  ) );
#1048 = PCURVE('',#1049,#1054);
#1049 = PLANE('',#1050);
#1050 = AXIS2_PLACEMENT_3D('',#1051,#1052,#1053);
#1051 = CARTESIAN_POINT('',(-18.66666666666,-5.955555555556,0.));
#1052 = DIRECTION('',(0.,1.,0.));
#1053 = DIRECTION('',(0.,0.,1.));
#1054 = DEFINITIONAL_REPRESENTATION('',(#1055),#1059);
#1055 = LINE('',#1056,#1057);
#1056 = CARTESIAN_POINT('',(30.,0.));
#1057 = VECTOR('',#1058,1.);
#1058 = DIRECTION('',(0.,1.));
#1059 = ( GEOMETRIC_REPRESENTATION_CONTEXT(2) 
PARAMETRIC_REPRESENTATION_CONTEXT() REPRESENTATION_CONTEXT('2D SPACE',''
  ) );
#1060 = FACE_BOUND('',#1061,.T.);
#1061 = EDGE_LOOP('',(#1062,#1092,#1120,#1148));
#1062 = ORIENTED_EDGE('',*,*,#1063,.T.);
#1063 = EDGE_CURVE('',#1064,#1066,#1068,.T.);
#1064 = VERTEX_POINT('',#1065);
#1065 = CARTESIAN_POINT('',(-12.31111111111,-5.955555555556,30.));
#1066 = VERTEX_POINT('',#1067);
#1067 = CARTESIAN_POINT('',(-12.31111111111,-0.4,30.));
#1068 = SURFACE_CURVE('',#1069,(#1073,#1080),.PCURVE_S1.);
#1069 = LINE('',#1070,#1071);
#1070 = CARTESIAN_POINT('',(-12.31111111111,-18.66666666666,30.));
#1071 = VECTOR('',#1072,1.);
#1072 = DIRECTION('',(0.,1.,0.));
#1073 = PCURVE('',#126,#1074);
#1074 = DEFINITIONAL_REPRESENTATION('',(#1075),#1079);
#1075 = LINE('',#1076,#1077);
#1076 = CARTESIAN_POINT('',(9.555555555556,3.2));
#1077 = VECTOR('',#1078,1.);
#1078 = DIRECTION('',(0.,1.));
#1079 = ( GEOMETRIC_REPRESENTATION_CONTEXT(2) 
PARAMETRIC_REPRESENTATION_CONTEXT() REPRESENTATION_CONTEXT('2D SPACE',''
  ) );
#1080 = PCURVE('',#1081,#1086);
#1081 = PLANE('',#1082);
#1082 = AXIS2_PLACEMENT_3D('',#1083,#1084,#1085);
#1083 = CARTESIAN_POINT('',(-12.31111111111,-18.66666666666,0.));
#1084 = DIRECTION('',(1.,0.,0.));
#1085 = DIRECTION('',(0.,0.,1.));
#1086 = DEFINITIONAL_REPRESENTATION('',(#1087),#1091);
#1087 = LINE('',#1088,#1089);
#1088 = CARTESIAN_POINT('',(30.,0.));
#1089 = VECTOR('',#1090,1.);
#1090 = DIRECTION('',(0.,-1.));
#1091 = ( GEOMETRIC_REPRESENTATION_CONTEXT(2) 
PARAMETRIC_REPRESENTATION_CONTEXT() REPRESENTATION_CONTEXT('2D SPACE',''
  ) );
#1092 = ORIENTED_EDGE('',*,*,#1093,.T.);
#1093 = EDGE_CURVE('',#1066,#1094,#1096,.T.);
#1094 = VERTEX_POINT('',#1095);
#1095 = CARTESIAN_POINT('',(-6.755555555556,-0.4,30.));
#1096 = SURFACE_CURVE('',#1097,(#1101,#1108),.PCURVE_S1.);
#1097 = LINE('',#1098,#1099);
#1098 = CARTESIAN_POINT('',(-18.66666666666,-0.4,30.));
#1099 = VECTOR('',#1100,1.);
#1100 = DIRECTION('',(1.,0.,0.));
#1101 = PCURVE('',#126,#1102);
#1102 = DEFINITIONAL_REPRESENTATION('',(#1103),#1107);
#1103 = LINE('',#1104,#1105);
#1104 = CARTESIAN_POINT('',(3.2,21.466666666667));
#1105 = VECTOR('',#1106,1.);
#1106 = DIRECTION('',(1.,0.));
#1107 = ( GEOMETRIC_REPRESENTATION_CONTEXT(2) 
PARAMETRIC_REPRESENTATION_CONTEXT() REPRESENTATION_CONTEXT('2D SPACE',''
  ) );
#1108 = PCURVE('',#1109,#1114);
#1109 = PLANE('',#1110);
#1110 = AXIS2_PLACEMENT_3D('',#1111,#1112,#1113);
#1111 = CARTESIAN_POINT('',(-18.66666666666,-0.4,0.));
#1112 = DIRECTION('',(0.,1.,0.));
#1113 = DIRECTION('',(0.,0.,1.));
#1114 = DEFINITIONAL_REPRESENTATION('',(#1115),#1119);
#1115 = LINE('',#1116,#1117);
#1116 = CARTESIAN_POINT('',(30.,0.));
#1117 = VECTOR('',#1118,1.);
#1118 = DIRECTION('',(0.,1.));
#1119 = ( GEOMETRIC_REPRESENTATION_CONTEXT(2) 
PARAMETRIC_REPRESENTATION_CONTEXT() REPRESENTATION_CONTEXT('2D SPACE',''
  ) );
#1120 = ORIENTED_EDGE('',*,*,#1121,.F.);
#1121 = EDGE_CURVE('',#1122,#1094,#1124,.T.);
#1122 = VERTEX_POINT('',#1123);
#1123 = CARTESIAN_POINT('',(-6.755555555556,-5.955555555556,30.));
#1124 = SURFACE_CURVE('',#1125,(#1129,#1136),.PCURVE_S1.);
#1125 = LINE('',#1126,#1127);
#1126 = CARTESIAN_POINT('',(-6.755555555556,-18.66666666666,30.));
#1127 = VECTOR('',#1128,1.);
#1128 = DIRECTION('',(0.,1.,0.));
#1129 = PCURVE('',#126,#1130);
#1130 = DEFINITIONAL_REPRESENTATION('',(#1131),#1135);
#1131 = LINE('',#1132,#1133);
#1132 = CARTESIAN_POINT('',(15.111111111111,3.2));
#1133 = VECTOR('',#1134,1.);
#1134 = DIRECTION('',(0.,1.));
#1135 = ( GEOMETRIC_REPRESENTATION_CONTEXT(2) 
PARAMETRIC_REPRESENTATION_CONTEXT() REPRESENTATION_CONTEXT('2D SPACE',''
  ) );
#1136 = PCURVE('',#1137,#1142);
#1137 = PLANE('',#1138);
#1138 = AXIS2_PLACEMENT_3D('',#1139,#1140,#1141);
#1139 = CARTESIAN_POINT('',(-6.755555555556,-18.66666666666,0.));
#1140 = DIRECTION('',(1.,0.,0.));
#1141 = DIRECTION('',(0.,0.,1.));
#1142 = DEFINITIONAL_REPRESENTATION('',(#1143),#1147);
#1143 = LINE('',#1144,#1145);
#1144 = CARTESIAN_POINT('',(30.,0.));
#1145 = VECTOR('',#1146,1.);
#1146 = DIRECTION('',(0.,-1.));
#1147 = ( GEOMETRIC_REPRESENTATION_CONTEXT(2) 
PARAMETRIC_REPRESENTATION_CONTEXT() REPRESENTATION_CONTEXT('2D SPACE',''
  ) );
#1148 = ORIENTED_EDGE('',*,*,#1149,.F.);
#1149 = EDGE_CURVE('',#1064,#1122,#1150,.T.);
#1150 = SURFACE_CURVE('',#1151,(#1155,#1162),.PCURVE_S1.);
#1151 = LINE('',#1152,#1153);
#1152 = CARTESIAN_POINT('',(-18.66666666666,-5.955555555556,30.));
#1153 = VECTOR('',#1154,1.);
#1154 = DIRECTION('',(1.,0.,0.));
#1155 = PCURVE('',#126,#1156);
#1156 = DEFINITIONAL_REPRESENTATION('',(#1157),#1161);
#1157 = LINE('',#1158,#1159);
#1158 = CARTESIAN_POINT('',(3.2,15.911111111111));
#1159 = VECTOR('',#1160,1.);
#1160 = DIRECTION('',(1.,0.));
#1161 = ( GEOMETRIC_REPRESENTATION_CONTEXT(2) 
PARAMETRIC_REPRESENTATION_CONTEXT() REPRESENTATION_CONTEXT('2D SPACE',''
  ) );
#1162 = PCURVE('',#1163,#1168);
#1163 = PLANE('',#1164);
#1164 = AXIS2_PLACEMENT_3D('',#1165,#1166,#1167);
#1165 = CARTESIAN_POINT('',(-18.66666666666,-5.955555555556,0.));
#1166 = DIRECTION('',(0.,1.,0.));
#1167 = DIRECTION('',(0.,0.,1.));
#1168 = DEFINITIONAL_REPRESENTATION('',(#1169),#1173);
#1169 = LINE('',#1170,#1171);
#1170 = CARTESIAN_POINT('',(30.,0.));
#1171 = VECTOR('',#1172,1.);
#1172 = DIRECTION('',(0.,1.));
#1173 = ( GEOMETRIC_REPRESENTATION_CONTEXT(2) 
PARAMETRIC_REPRESENTATION_CONTEXT() REPRESENTATION_CONTEXT('2D SPACE',''
  ) );
#1174 = FACE_BOUND('',#1175,.T.);
#1175 = EDGE_LOOP('',(#1176,#1206,#1234,#1262));
#1176 = ORIENTED_EDGE('',*,*,#1177,.T.);
#1177 = EDGE_CURVE('',#1178,#1180,#1182,.T.);
#1178 = VERTEX_POINT('',#1179);
#1179 = CARTESIAN_POINT('',(-5.955555555556,-5.955555555556,30.));
#1180 = VERTEX_POINT('',#1181);
#1181 = CARTESIAN_POINT('',(-5.955555555556,-0.4,30.));
#1182 = SURFACE_CURVE('',#1183,(#1187,#1194),.PCURVE_S1.);
#1183 = LINE('',#1184,#1185);
#1184 = CARTESIAN_POINT('',(-5.955555555556,-18.66666666666,30.));
#1185 = VECTOR('',#1186,1.);
#1186 = DIRECTION('',(0.,1.,0.));
#1187 = PCURVE('',#126,#1188);
#1188 = DEFINITIONAL_REPRESENTATION('',(#1189),#1193);
#1189 = LINE('',#1190,#1191);
#1190 = CARTESIAN_POINT('',(15.911111111111,3.2));
#1191 = VECTOR('',#1192,1.);
#1192 = DIRECTION('',(0.,1.));
#1193 = ( GEOMETRIC_REPRESENTATION_CONTEXT(2) 
PARAMETRIC_REPRESENTATION_CONTEXT() REPRESENTATION_CONTEXT('2D SPACE',''
  ) );
#1194 = PCURVE('',#1195,#1200);
#1195 = PLANE('',#1196);
#1196 = AXIS2_PLACEMENT_3D('',#1197,#1198,#1199);
#1197 = CARTESIAN_POINT('',(-5.955555555556,-18.66666666666,0.));
#1198 = DIRECTION('',(1.,0.,0.));
#1199 = DIRECTION('',(0.,0.,1.));
#1200 = DEFINITIONAL_REPRESENTATION('',(#1201),#1205);
#1201 = LINE('',#1202,#1203);
#1202 = CARTESIAN_POINT('',(30.,0.));
#1203 = VECTOR('',#1204,1.);
#1204 = DIRECTION('',(0.,-1.));
#1205 = ( GEOMETRIC_REPRESENTATION_CONTEXT(2) 
PARAMETRIC_REPRESENTATION_CONTEXT() REPRESENTATION_CONTEXT('2D SPACE',''
  ) );
#1206 = ORIENTED_EDGE('',*,*,#1207,.T.);
#1207 = EDGE_CURVE('',#1180,#1208,#1210,.T.);
#1208 = VERTEX_POINT('',#1209);
#1209 = CARTESIAN_POINT('',(-0.4,-0.4,30.));
#1210 = SURFACE_CURVE('',#1211,(#1215,#1222),.PCURVE_S1.);
#1211 = LINE('',#1212,#1213);
#1212 = CARTESIAN_POINT('',(-18.66666666666,-0.4,30.));
#1213 = VECTOR('',#1214,1.);
#1214 = DIRECTION('',(1.,0.,0.));
#1215 = PCURVE('',#126,#1216);
#1216 = DEFINITIONAL_REPRESENTATION('',(#1217),#1221);
#1217 = LINE('',#1218,#1219);
#1218 = CARTESIAN_POINT('',(3.2,21.466666666667));
#1219 = VECTOR('',#1220,1.);
#1220 = DIRECTION('',(1.,0.));
#1221 = ( GEOMETRIC_REPRESENTATION_CONTEXT(2) 
PARAMETRIC_REPRESENTATION_CONTEXT() REPRESENTATION_CONTEXT('2D SPACE',''
  ) );
#1222 = PCURVE('',#1223,#1228);
#1223 = PLANE('',#1224);
#1224 = AXIS2_PLACEMENT_3D('',#1225,#1226,#1227);
#1225 = CARTESIAN_POINT('',(-18.66666666666,-0.4,0.));
#1226 = DIRECTION('',(0.,1.,0.));
#1227 = DIRECTION('',(0.,0.,1.));
#1228 = DEFINITIONAL_REPRESENTATION('',(#1229),#1233);
#1229 = LINE('',#1230,#1231);
#1230 = CARTESIAN_POINT('',(30.,0.));
#1231 = VECTOR('',#1232,1.);
#1232 = DIRECTION('',(0.,1.));
#1233 = ( GEOMETRIC_REPRESENTATION_CONTEXT(2) 
PARAMETRIC_REPRESENTATION_CONTEXT() REPRESENTATION_CONTEXT('2D SPACE',''
  ) );
#1234 = ORIENTED_EDGE('',*,*,#1235,.F.);
#1235 = EDGE_CURVE('',#1236,#1208,#1238,.T.);
#1236 = VERTEX_POINT('',#1237);
#1237 = CARTESIAN_POINT('',(-0.4,-5.955555555556,30.));
#1238 = SURFACE_CURVE('',#1239,(#1243,#1250),.PCURVE_S1.);
#1239 = LINE('',#1240,#1241);
#1240 = CARTESIAN_POINT('',(-0.4,-18.66666666666,30.));
#1241 = VECTOR('',#1242,1.);
#1242 = DIRECTION('',(0.,1.,0.));
#1243 = PCURVE('',#126,#1244);
#1244 = DEFINITIONAL_REPRESENTATION('',(#1245),#1249);
#1245 = LINE('',#1246,#1247);
#1246 = CARTESIAN_POINT('',(21.466666666667,3.2));
#1247 = VECTOR('',#1248,1.);
#1248 = DIRECTION('',(0.,1.));
#1249 = ( GEOMETRIC_REPRESENTATION_CONTEXT(2) 
PARAMETRIC_REPRESENTATION_CONTEXT() REPRESENTATION_CONTEXT('2D SPACE',''
  ) );
#1250 = PCURVE('',#1251,#1256);
#1251 = PLANE('',#1252);
#1252 = AXIS2_PLACEMENT_3D('',#1253,#1254,#1255);
#1253 = CARTESIAN_POINT('',(-0.4,-18.66666666666,0.));
#1254 = DIRECTION('',(1.,0.,0.));
#1255 = DIRECTION('',(0.,0.,1.));
#1256 = DEFINITIONAL_REPRESENTATION('',(#1257),#1261);
#1257 = LINE('',#1258,#1259);
#1258 = CARTESIAN_POINT('',(30.,0.));
#1259 = VECTOR('',#1260,1.);
#1260 = DIRECTION('',(0.,-1.));
#1261 = ( GEOMETRIC_REPRESENTATION_CONTEXT(2) 
PARAMETRIC_REPRESENTATION_CONTEXT() REPRESENTATION_CONTEXT('2D SPACE',''
  ) );
#1262 = ORIENTED_EDGE('',*,*,#1263,.F.);
#1263 = EDGE_CURVE('',#1178,#1236,#1264,.T.);
#1264 = SURFACE_CURVE('',#1265,(#1269,#1276),.PCURVE_S1.);
#1265 = LINE('',#1266,#1267);
#1266 = CARTESIAN_POINT('',(-18.66666666666,-5.955555555556,30.));
#1267 = VECTOR('',#1268,1.);
#1268 = DIRECTION('',(1.,0.,0.));
#1269 = PCURVE('',#126,#1270);
#1270 = DEFINITIONAL_REPRESENTATION('',(#1271),#1275);
#1271 = LINE('',#1272,#1273);
#1272 = CARTESIAN_POINT('',(3.2,15.911111111111));
#1273 = VECTOR('',#1274,1.);
#1274 = DIRECTION('',(1.,0.));
#1275 = ( GEOMETRIC_REPRESENTATION_CONTEXT(2) 
PARAMETRIC_REPRESENTATION_CONTEXT() REPRESENTATION_CONTEXT('2D SPACE',''
  ) );
#1276 = PCURVE('',#1277,#1282);
#1277 = PLANE('',#1278);
#1278 = AXIS2_PLACEMENT_3D('',#1279,#1280,#1281);
#1279 = CARTESIAN_POINT('',(-18.66666666666,-5.955555555556,0.));
#1280 = DIRECTION('',(0.,1.,0.));
#1281 = DIRECTION('',(0.,0.,1.));
#1282 = DEFINITIONAL_REPRESENTATION('',(#1283),#1287);
#1283 = LINE('',#1284,#1285);
#1284 = CARTESIAN_POINT('',(30.,0.));
#1285 = VECTOR('',#1286,1.);
#1286 = DIRECTION('',(0.,1.));
#1287 = ( GEOMETRIC_REPRESENTATION_CONTEXT(2) 
PARAMETRIC_REPRESENTATION_CONTEXT() REPRESENTATION_CONTEXT('2D SPACE',''
  ) );
#1288 = FACE_BOUND('',#1289,.T.);
#1289 = EDGE_LOOP('',(#1290,#1320,#1348,#1376));
#1290 = ORIENTED_EDGE('',*,*,#1291,.T.);
#1291 = EDGE_CURVE('',#1292,#1294,#1296,.T.);
#1292 = VERTEX_POINT('',#1293);
#1293 = CARTESIAN_POINT('',(0.4,-18.66666666666,30.));
#1294 = VERTEX_POINT('',#1295);
#1295 = CARTESIAN_POINT('',(0.4,-13.11111111111,30.));
#1296 = SURFACE_CURVE('',#1297,(#1301,#1308),.PCURVE_S1.);
#1297 = LINE('',#1298,#1299);
#1298 = CARTESIAN_POINT('',(0.4,-18.66666666666,30.));
#1299 = VECTOR('',#1300,1.);
#1300 = DIRECTION('',(0.,1.,0.));
#1301 = PCURVE('',#126,#1302);
#1302 = DEFINITIONAL_REPRESENTATION('',(#1303),#1307);
#1303 = LINE('',#1304,#1305);
#1304 = CARTESIAN_POINT('',(22.266666666667,3.2));
#1305 = VECTOR('',#1306,1.);
#1306 = DIRECTION('',(0.,1.));
#1307 = ( GEOMETRIC_REPRESENTATION_CONTEXT(2) 
PARAMETRIC_REPRESENTATION_CONTEXT() REPRESENTATION_CONTEXT('2D SPACE',''
  ) );
#1308 = PCURVE('',#1309,#1314);
#1309 = PLANE('',#1310);
#1310 = AXIS2_PLACEMENT_3D('',#1311,#1312,#1313);
#1311 = CARTESIAN_POINT('',(0.4,-18.66666666666,0.));
#1312 = DIRECTION('',(1.,0.,0.));
#1313 = DIRECTION('',(0.,0.,1.));
#1314 = DEFINITIONAL_REPRESENTATION('',(#1315),#1319);
#1315 = LINE('',#1316,#1317);
#1316 = CARTESIAN_POINT('',(30.,0.));
#1317 = VECTOR('',#1318,1.);
#1318 = DIRECTION('',(0.,-1.));
#1319 = ( GEOMETRIC_REPRESENTATION_CONTEXT(2) 
PARAMETRIC_REPRESENTATION_CONTEXT() REPRESENTATION_CONTEXT('2D SPACE',''
  ) );
#1320 = ORIENTED_EDGE('',*,*,#1321,.T.);
#1321 = EDGE_CURVE('',#1294,#1322,#1324,.T.);
#1322 = VERTEX_POINT('',#1323);
#1323 = CARTESIAN_POINT('',(5.955555555556,-13.11111111111,30.));
#1324 = SURFACE_CURVE('',#1325,(#1329,#1336),.PCURVE_S1.);
#1325 = LINE('',#1326,#1327);
#1326 = CARTESIAN_POINT('',(-18.66666666666,-13.11111111111,30.));
#1327 = VECTOR('',#1328,1.);
#1328 = DIRECTION('',(1.,0.,0.));
#1329 = PCURVE('',#126,#1330);
#1330 = DEFINITIONAL_REPRESENTATION('',(#1331),#1335);
#1331 = LINE('',#1332,#1333);
#1332 = CARTESIAN_POINT('',(3.2,8.755555555556));
#1333 = VECTOR('',#1334,1.);
#1334 = DIRECTION('',(1.,0.));
#1335 = ( GEOMETRIC_REPRESENTATION_CONTEXT(2) 
PARAMETRIC_REPRESENTATION_CONTEXT() REPRESENTATION_CONTEXT('2D SPACE',''
  ) );
#1336 = PCURVE('',#1337,#1342);
#1337 = PLANE('',#1338);
#1338 = AXIS2_PLACEMENT_3D('',#1339,#1340,#1341);
#1339 = CARTESIAN_POINT('',(-18.66666666666,-13.11111111111,0.));
#1340 = DIRECTION('',(0.,1.,0.));
#1341 = DIRECTION('',(0.,0.,1.));
#1342 = DEFINITIONAL_REPRESENTATION('',(#1343),#1347);
#1343 = LINE('',#1344,#1345);
#1344 = CARTESIAN_POINT('',(30.,0.));
#1345 = VECTOR('',#1346,1.);
#1346 = DIRECTION('',(0.,1.));
#1347 = ( GEOMETRIC_REPRESENTATION_CONTEXT(2) 
PARAMETRIC_REPRESENTATION_CONTEXT() REPRESENTATION_CONTEXT('2D SPACE',''
  ) );
#1348 = ORIENTED_EDGE('',*,*,#1349,.F.);
#1349 = EDGE_CURVE('',#1350,#1322,#1352,.T.);
#1350 = VERTEX_POINT('',#1351);
#1351 = CARTESIAN_POINT('',(5.955555555556,-18.66666666666,30.));
#1352 = SURFACE_CURVE('',#1353,(#1357,#1364),.PCURVE_S1.);
#1353 = LINE('',#1354,#1355);
#1354 = CARTESIAN_POINT('',(5.955555555556,-18.66666666666,30.));
#1355 = VECTOR('',#1356,1.);
#1356 = DIRECTION('',(0.,1.,0.));
#1357 = PCURVE('',#126,#1358);
#1358 = DEFINITIONAL_REPRESENTATION('',(#1359),#1363);
#1359 = LINE('',#1360,#1361);
#1360 = CARTESIAN_POINT('',(27.822222222222,3.2));
#1361 = VECTOR('',#1362,1.);
#1362 = DIRECTION('',(0.,1.));
#1363 = ( GEOMETRIC_REPRESENTATION_CONTEXT(2) 
PARAMETRIC_REPRESENTATION_CONTEXT() REPRESENTATION_CONTEXT('2D SPACE',''
  ) );
#1364 = PCURVE('',#1365,#1370);
#1365 = PLANE('',#1366);
#1366 = AXIS2_PLACEMENT_3D('',#1367,#1368,#1369);
#1367 = CARTESIAN_POINT('',(5.955555555556,-18.66666666666,0.));
#1368 = DIRECTION('',(1.,0.,0.));
#1369 = DIRECTION('',(0.,0.,1.));
#1370 = DEFINITIONAL_REPRESENTATION('',(#1371),#1375);
#1371 = LINE('',#1372,#1373);
#1372 = CARTESIAN_POINT('',(30.,0.));
#1373 = VECTOR('',#1374,1.);
#1374 = DIRECTION('',(0.,-1.));
#1375 = ( GEOMETRIC_REPRESENTATION_CONTEXT(2) 
PARAMETRIC_REPRESENTATION_CONTEXT() REPRESENTATION_CONTEXT('2D SPACE',''
  ) );
#1376 = ORIENTED_EDGE('',*,*,#1377,.F.);
#1377 = EDGE_CURVE('',#1292,#1350,#1378,.T.);
#1378 = SURFACE_CURVE('',#1379,(#1383,#1390),.PCURVE_S1.);
#1379 = LINE('',#1380,#1381);
#1380 = CARTESIAN_POINT('',(-18.66666666666,-18.66666666666,30.));
#1381 = VECTOR('',#1382,1.);
#1382 = DIRECTION('',(1.,0.,0.));
#1383 = PCURVE('',#126,#1384);
#1384 = DEFINITIONAL_REPRESENTATION('',(#1385),#1389);
#1385 = LINE('',#1386,#1387);
#1386 = CARTESIAN_POINT('',(3.2,3.2));
#1387 = VECTOR('',#1388,1.);
#1388 = DIRECTION('',(1.,0.));
#1389 = ( GEOMETRIC_REPRESENTATION_CONTEXT(2) 
PARAMETRIC_REPRESENTATION_CONTEXT() REPRESENTATION_CONTEXT('2D SPACE',''
  ) );
#1390 = PCURVE('',#1391,#1396);
#1391 = PLANE('',#1392);
#1392 = AXIS2_PLACEMENT_3D('',#1393,#1394,#1395);
#1393 = CARTESIAN_POINT('',(-18.66666666666,-18.66666666666,0.));
#1394 = DIRECTION('',(0.,1.,0.));
#1395 = DIRECTION('',(0.,0.,1.));
#1396 = DEFINITIONAL_REPRESENTATION('',(#1397),#1401);
#1397 = LINE('',#1398,#1399);
#1398 = CARTESIAN_POINT('',(30.,0.));
#1399 = VECTOR('',#1400,1.);
#1400 = DIRECTION('',(0.,1.));
#1401 = ( GEOMETRIC_REPRESENTATION_CONTEXT(2) 
PARAMETRIC_REPRESENTATION_CONTEXT() REPRESENTATION_CONTEXT('2D SPACE',''
  ) );
#1402 = FACE_BOUND('',#1403,.T.);
#1403 = EDGE_LOOP('',(#1404,#1434,#1462,#1490));
#1404 = ORIENTED_EDGE('',*,*,#1405,.T.);
#1405 = EDGE_CURVE('',#1406,#1408,#1410,.T.);
#1406 = VERTEX_POINT('',#1407);
#1407 = CARTESIAN_POINT('',(0.4,-12.31111111111,30.));
#1408 = VERTEX_POINT('',#1409);
#1409 = CARTESIAN_POINT('',(0.4,-6.755555555556,30.));
#1410 = SURFACE_CURVE('',#1411,(#1415,#1422),.PCURVE_S1.);
#1411 = LINE('',#1412,#1413);
#1412 = CARTESIAN_POINT('',(0.4,-18.66666666666,30.));
#1413 = VECTOR('',#1414,1.);
#1414 = DIRECTION('',(0.,1.,0.));
#1415 = PCURVE('',#126,#1416);
#1416 = DEFINITIONAL_REPRESENTATION('',(#1417),#1421);
#1417 = LINE('',#1418,#1419);
#1418 = CARTESIAN_POINT('',(22.266666666667,3.2));
#1419 = VECTOR('',#1420,1.);
#1420 = DIRECTION('',(0.,1.));
#1421 = ( GEOMETRIC_REPRESENTATION_CONTEXT(2) 
PARAMETRIC_REPRESENTATION_CONTEXT() REPRESENTATION_CONTEXT('2D SPACE',''
  ) );
#1422 = PCURVE('',#1423,#1428);
#1423 = PLANE('',#1424);
#1424 = AXIS2_PLACEMENT_3D('',#1425,#1426,#1427);
#1425 = CARTESIAN_POINT('',(0.4,-18.66666666666,0.));
#1426 = DIRECTION('',(1.,0.,0.));
#1427 = DIRECTION('',(0.,0.,1.));
#1428 = DEFINITIONAL_REPRESENTATION('',(#1429),#1433);
#1429 = LINE('',#1430,#1431);
#1430 = CARTESIAN_POINT('',(30.,0.));
#1431 = VECTOR('',#1432,1.);
#1432 = DIRECTION('',(0.,-1.));
#1433 = ( GEOMETRIC_REPRESENTATION_CONTEXT(2) 
PARAMETRIC_REPRESENTATION_CONTEXT() REPRESENTATION_CONTEXT('2D SPACE',''
  ) );
#1434 = ORIENTED_EDGE('',*,*,#1435,.T.);
#1435 = EDGE_CURVE('',#1408,#1436,#1438,.T.);
#1436 = VERTEX_POINT('',#1437);
#1437 = CARTESIAN_POINT('',(5.955555555556,-6.755555555556,30.));
#1438 = SURFACE_CURVE('',#1439,(#1443,#1450),.PCURVE_S1.);
#1439 = LINE('',#1440,#1441);
#1440 = CARTESIAN_POINT('',(-18.66666666666,-6.755555555556,30.));
#1441 = VECTOR('',#1442,1.);
#1442 = DIRECTION('',(1.,0.,0.));
#1443 = PCURVE('',#126,#1444);
#1444 = DEFINITIONAL_REPRESENTATION('',(#1445),#1449);
#1445 = LINE('',#1446,#1447);
#1446 = CARTESIAN_POINT('',(3.2,15.111111111111));
#1447 = VECTOR('',#1448,1.);
#1448 = DIRECTION('',(1.,0.));
#1449 = ( GEOMETRIC_REPRESENTATION_CONTEXT(2) 
PARAMETRIC_REPRESENTATION_CONTEXT() REPRESENTATION_CONTEXT('2D SPACE',''
  ) );
#1450 = PCURVE('',#1451,#1456);
#1451 = PLANE('',#1452);
#1452 = AXIS2_PLACEMENT_3D('',#1453,#1454,#1455);
#1453 = CARTESIAN_POINT('',(-18.66666666666,-6.755555555556,0.));
#1454 = DIRECTION('',(0.,1.,0.));
#1455 = DIRECTION('',(0.,0.,1.));
#1456 = DEFINITIONAL_REPRESENTATION('',(#1457),#1461);
#1457 = LINE('',#1458,#1459);
#1458 = CARTESIAN_POINT('',(30.,0.));
#1459 = VECTOR('',#1460,1.);
#1460 = DIRECTION('',(0.,1.));
#1461 = ( GEOMETRIC_REPRESENTATION_CONTEXT(2) 
PARAMETRIC_REPRESENTATION_CONTEXT() REPRESENTATION_CONTEXT('2D SPACE',''
  ) );
#1462 = ORIENTED_EDGE('',*,*,#1463,.F.);
#1463 = EDGE_CURVE('',#1464,#1436,#1466,.T.);
#1464 = VERTEX_POINT('',#1465);
#1465 = CARTESIAN_POINT('',(5.955555555556,-12.31111111111,30.));
#1466 = SURFACE_CURVE('',#1467,(#1471,#1478),.PCURVE_S1.);
#1467 = LINE('',#1468,#1469);
#1468 = CARTESIAN_POINT('',(5.955555555556,-18.66666666666,30.));
#1469 = VECTOR('',#1470,1.);
#1470 = DIRECTION('',(0.,1.,0.));
#1471 = PCURVE('',#126,#1472);
#1472 = DEFINITIONAL_REPRESENTATION('',(#1473),#1477);
#1473 = LINE('',#1474,#1475);
#1474 = CARTESIAN_POINT('',(27.822222222222,3.2));
#1475 = VECTOR('',#1476,1.);
#1476 = DIRECTION('',(0.,1.));
#1477 = ( GEOMETRIC_REPRESENTATION_CONTEXT(2) 
PARAMETRIC_REPRESENTATION_CONTEXT() REPRESENTATION_CONTEXT('2D SPACE',''
  ) );
#1478 = PCURVE('',#1479,#1484);
#1479 = PLANE('',#1480);
#1480 = AXIS2_PLACEMENT_3D('',#1481,#1482,#1483);
#1481 = CARTESIAN_POINT('',(5.955555555556,-18.66666666666,0.));
#1482 = DIRECTION('',(1.,0.,0.));
#1483 = DIRECTION('',(0.,0.,1.));
#1484 = DEFINITIONAL_REPRESENTATION('',(#1485),#1489);
#1485 = LINE('',#1486,#1487);
#1486 = CARTESIAN_POINT('',(30.,0.));
#1487 = VECTOR('',#1488,1.);
#1488 = DIRECTION('',(0.,-1.));
#1489 = ( GEOMETRIC_REPRESENTATION_CONTEXT(2) 
PARAMETRIC_REPRESENTATION_CONTEXT() REPRESENTATION_CONTEXT('2D SPACE',''
  ) );
#1490 = ORIENTED_EDGE('',*,*,#1491,.F.);
#1491 = EDGE_CURVE('',#1406,#1464,#1492,.T.);
#1492 = SURFACE_CURVE('',#1493,(#1497,#1504),.PCURVE_S1.);
#1493 = LINE('',#1494,#1495);
#1494 = CARTESIAN_POINT('',(-18.66666666666,-12.31111111111,30.));
#1495 = VECTOR('',#1496,1.);
#1496 = DIRECTION('',(1.,0.,0.));
#1497 = PCURVE('',#126,#1498);
#1498 = DEFINITIONAL_REPRESENTATION('',(#1499),#1503);
#1499 = LINE('',#1500,#1501);
#1500 = CARTESIAN_POINT('',(3.2,9.555555555556));
#1501 = VECTOR('',#1502,1.);
#1502 = DIRECTION('',(1.,0.));
#1503 = ( GEOMETRIC_REPRESENTATION_CONTEXT(2) 
PARAMETRIC_REPRESENTATION_CONTEXT() REPRESENTATION_CONTEXT('2D SPACE',''
  ) );
#1504 = PCURVE('',#1505,#1510);
#1505 = PLANE('',#1506);
#1506 = AXIS2_PLACEMENT_3D('',#1507,#1508,#1509);
#1507 = CARTESIAN_POINT('',(-18.66666666666,-12.31111111111,0.));
#1508 = DIRECTION('',(0.,1.,0.));
#1509 = DIRECTION('',(0.,0.,1.));
#1510 = DEFINITIONAL_REPRESENTATION('',(#1511),#1515);
#1511 = LINE('',#1512,#1513);
#1512 = CARTESIAN_POINT('',(30.,0.));
#1513 = VECTOR('',#1514,1.);
#1514 = DIRECTION('',(0.,1.));
#1515 = ( GEOMETRIC_REPRESENTATION_CONTEXT(2) 
PARAMETRIC_REPRESENTATION_CONTEXT() REPRESENTATION_CONTEXT('2D SPACE',''
  ) );
#1516 = FACE_BOUND('',#1517,.T.);
#1517 = EDGE_LOOP('',(#1518,#1548,#1576,#1604));
#1518 = ORIENTED_EDGE('',*,*,#1519,.T.);
#1519 = EDGE_CURVE('',#1520,#1522,#1524,.T.);
#1520 = VERTEX_POINT('',#1521);
#1521 = CARTESIAN_POINT('',(6.755555555556,-18.66666666666,30.));
#1522 = VERTEX_POINT('',#1523);
#1523 = CARTESIAN_POINT('',(6.755555555556,-13.11111111111,30.));
#1524 = SURFACE_CURVE('',#1525,(#1529,#1536),.PCURVE_S1.);
#1525 = LINE('',#1526,#1527);
#1526 = CARTESIAN_POINT('',(6.755555555556,-18.66666666666,30.));
#1527 = VECTOR('',#1528,1.);
#1528 = DIRECTION('',(0.,1.,0.));
#1529 = PCURVE('',#126,#1530);
#1530 = DEFINITIONAL_REPRESENTATION('',(#1531),#1535);
#1531 = LINE('',#1532,#1533);
#1532 = CARTESIAN_POINT('',(28.622222222222,3.2));
#1533 = VECTOR('',#1534,1.);
#1534 = DIRECTION('',(0.,1.));
#1535 = ( GEOMETRIC_REPRESENTATION_CONTEXT(2) 
PARAMETRIC_REPRESENTATION_CONTEXT() REPRESENTATION_CONTEXT('2D SPACE',''
  ) );
#1536 = PCURVE('',#1537,#1542);
#1537 = PLANE('',#1538);
#1538 = AXIS2_PLACEMENT_3D('',#1539,#1540,#1541);
#1539 = CARTESIAN_POINT('',(6.755555555556,-18.66666666666,0.));
#1540 = DIRECTION('',(1.,0.,0.));
#1541 = DIRECTION('',(0.,0.,1.));
#1542 = DEFINITIONAL_REPRESENTATION('',(#1543),#1547);
#1543 = LINE('',#1544,#1545);
#1544 = CARTESIAN_POINT('',(30.,0.));
#1545 = VECTOR('',#1546,1.);
#1546 = DIRECTION('',(0.,-1.));
#1547 = ( GEOMETRIC_REPRESENTATION_CONTEXT(2) 
PARAMETRIC_REPRESENTATION_CONTEXT() REPRESENTATION_CONTEXT('2D SPACE',''
  ) );
#1548 = ORIENTED_EDGE('',*,*,#1549,.T.);
#1549 = EDGE_CURVE('',#1522,#1550,#1552,.T.);
#1550 = VERTEX_POINT('',#1551);
#1551 = CARTESIAN_POINT('',(12.311111111111,-13.11111111111,30.));
#1552 = SURFACE_CURVE('',#1553,(#1557,#1564),.PCURVE_S1.);
#1553 = LINE('',#1554,#1555);
#1554 = CARTESIAN_POINT('',(-18.66666666666,-13.11111111111,30.));
#1555 = VECTOR('',#1556,1.);
#1556 = DIRECTION('',(1.,0.,0.));
#1557 = PCURVE('',#126,#1558);
#1558 = DEFINITIONAL_REPRESENTATION('',(#1559),#1563);
#1559 = LINE('',#1560,#1561);
#1560 = CARTESIAN_POINT('',(3.2,8.755555555556));
#1561 = VECTOR('',#1562,1.);
#1562 = DIRECTION('',(1.,0.));
#1563 = ( GEOMETRIC_REPRESENTATION_CONTEXT(2) 
PARAMETRIC_REPRESENTATION_CONTEXT() REPRESENTATION_CONTEXT('2D SPACE',''
  ) );
#1564 = PCURVE('',#1565,#1570);
#1565 = PLANE('',#1566);
#1566 = AXIS2_PLACEMENT_3D('',#1567,#1568,#1569);
#1567 = CARTESIAN_POINT('',(-18.66666666666,-13.11111111111,0.));
#1568 = DIRECTION('',(0.,1.,0.));
#1569 = DIRECTION('',(0.,0.,1.));
#1570 = DEFINITIONAL_REPRESENTATION('',(#1571),#1575);
#1571 = LINE('',#1572,#1573);
#1572 = CARTESIAN_POINT('',(30.,0.));
#1573 = VECTOR('',#1574,1.);
#1574 = DIRECTION('',(0.,1.));
#1575 = ( GEOMETRIC_REPRESENTATION_CONTEXT(2) 
PARAMETRIC_REPRESENTATION_CONTEXT() REPRESENTATION_CONTEXT('2D SPACE',''
  ) );
#1576 = ORIENTED_EDGE('',*,*,#1577,.F.);
#1577 = EDGE_CURVE('',#1578,#1550,#1580,.T.);
#1578 = VERTEX_POINT('',#1579);
#1579 = CARTESIAN_POINT('',(12.311111111111,-18.66666666666,30.));
#1580 = SURFACE_CURVE('',#1581,(#1585,#1592),.PCURVE_S1.);
#1581 = LINE('',#1582,#1583);
#1582 = CARTESIAN_POINT('',(12.311111111111,-18.66666666666,30.));
#1583 = VECTOR('',#1584,1.);
#1584 = DIRECTION('',(0.,1.,0.));
#1585 = PCURVE('',#126,#1586);
#1586 = DEFINITIONAL_REPRESENTATION('',(#1587),#1591);
#1587 = LINE('',#1588,#1589);
#1588 = CARTESIAN_POINT('',(34.177777777778,3.2));
#1589 = VECTOR('',#1590,1.);
#1590 = DIRECTION('',(0.,1.));
#1591 = ( GEOMETRIC_REPRESENTATION_CONTEXT(2) 
PARAMETRIC_REPRESENTATION_CONTEXT() REPRESENTATION_CONTEXT('2D SPACE',''
  ) );
#1592 = PCURVE('',#1593,#1598);
#1593 = PLANE('',#1594);
#1594 = AXIS2_PLACEMENT_3D('',#1595,#1596,#1597);
#1595 = CARTESIAN_POINT('',(12.311111111111,-18.66666666666,0.));
#1596 = DIRECTION('',(1.,0.,0.));
#1597 = DIRECTION('',(0.,0.,1.));
#1598 = DEFINITIONAL_REPRESENTATION('',(#1599),#1603);
#1599 = LINE('',#1600,#1601);
#1600 = CARTESIAN_POINT('',(30.,0.));
#1601 = VECTOR('',#1602,1.);
#1602 = DIRECTION('',(0.,-1.));
#1603 = ( GEOMETRIC_REPRESENTATION_CONTEXT(2) 
PARAMETRIC_REPRESENTATION_CONTEXT() REPRESENTATION_CONTEXT('2D SPACE',''
  ) );
#1604 = ORIENTED_EDGE('',*,*,#1605,.F.);
#1605 = EDGE_CURVE('',#1520,#1578,#1606,.T.);
#1606 = SURFACE_CURVE('',#1607,(#1611,#1618),.PCURVE_S1.);
#1607 = LINE('',#1608,#1609);
#1608 = CARTESIAN_POINT('',(-18.66666666666,-18.66666666666,30.));
#1609 = VECTOR('',#1610,1.);
#1610 = DIRECTION('',(1.,0.,0.));
#1611 = PCURVE('',#126,#1612);
#1612 = DEFINITIONAL_REPRESENTATION('',(#1613),#1617);
#1613 = LINE('',#1614,#1615);
#1614 = CARTESIAN_POINT('',(3.2,3.2));
#1615 = VECTOR('',#1616,1.);
#1616 = DIRECTION('',(1.,0.));
#1617 = ( GEOMETRIC_REPRESENTATION_CONTEXT(2) 
PARAMETRIC_REPRESENTATION_CONTEXT() REPRESENTATION_CONTEXT('2D SPACE',''
  ) );
#1618 = PCURVE('',#1619,#1624);
#1619 = PLANE('',#1620);
#1620 = AXIS2_PLACEMENT_3D('',#1621,#1622,#1623);
#1621 = CARTESIAN_POINT('',(-18.66666666666,-18.66666666666,0.));
#1622 = DIRECTION('',(0.,1.,0.));
#1623 = DIRECTION('',(0.,0.,1.));
#1624 = DEFINITIONAL_REPRESENTATION('',(#1625),#1629);
#1625 = LINE('',#1626,#1627);
#1626 = CARTESIAN_POINT('',(30.,0.));
#1627 = VECTOR('',#1628,1.);
#1628 = DIRECTION('',(0.,1.));
#1629 = ( GEOMETRIC_REPRESENTATION_CONTEXT(2) 
PARAMETRIC_REPRESENTATION_CONTEXT() REPRESENTATION_CONTEXT('2D SPACE',''
  ) );
#1630 = FACE_BOUND('',#1631,.T.);
#1631 = EDGE_LOOP('',(#1632,#1662,#1690,#1718));
#1632 = ORIENTED_EDGE('',*,*,#1633,.T.);
#1633 = EDGE_CURVE('',#1634,#1636,#1638,.T.);
#1634 = VERTEX_POINT('',#1635);
#1635 = CARTESIAN_POINT('',(13.111111111111,-18.66666666666,30.));
#1636 = VERTEX_POINT('',#1637);
#1637 = CARTESIAN_POINT('',(13.111111111111,-13.11111111111,30.));
#1638 = SURFACE_CURVE('',#1639,(#1643,#1650),.PCURVE_S1.);
#1639 = LINE('',#1640,#1641);
#1640 = CARTESIAN_POINT('',(13.111111111111,-18.66666666666,30.));
#1641 = VECTOR('',#1642,1.);
#1642 = DIRECTION('',(0.,1.,0.));
#1643 = PCURVE('',#126,#1644);
#1644 = DEFINITIONAL_REPRESENTATION('',(#1645),#1649);
#1645 = LINE('',#1646,#1647);
#1646 = CARTESIAN_POINT('',(34.977777777778,3.2));
#1647 = VECTOR('',#1648,1.);
#1648 = DIRECTION('',(0.,1.));
#1649 = ( GEOMETRIC_REPRESENTATION_CONTEXT(2) 
PARAMETRIC_REPRESENTATION_CONTEXT() REPRESENTATION_CONTEXT('2D SPACE',''
  ) );
#1650 = PCURVE('',#1651,#1656);
#1651 = PLANE('',#1652);
#1652 = AXIS2_PLACEMENT_3D('',#1653,#1654,#1655);
#1653 = CARTESIAN_POINT('',(13.111111111111,-18.66666666666,0.));
#1654 = DIRECTION('',(1.,0.,0.));
#1655 = DIRECTION('',(0.,0.,1.));
#1656 = DEFINITIONAL_REPRESENTATION('',(#1657),#1661);
#1657 = LINE('',#1658,#1659);
#1658 = CARTESIAN_POINT('',(30.,0.));
#1659 = VECTOR('',#1660,1.);
#1660 = DIRECTION('',(0.,-1.));
#1661 = ( GEOMETRIC_REPRESENTATION_CONTEXT(2) 
PARAMETRIC_REPRESENTATION_CONTEXT() REPRESENTATION_CONTEXT('2D SPACE',''
  ) );
#1662 = ORIENTED_EDGE('',*,*,#1663,.T.);
#1663 = EDGE_CURVE('',#1636,#1664,#1666,.T.);
#1664 = VERTEX_POINT('',#1665);
#1665 = CARTESIAN_POINT('',(18.666666666667,-13.11111111111,30.));
#1666 = SURFACE_CURVE('',#1667,(#1671,#1678),.PCURVE_S1.);
#1667 = LINE('',#1668,#1669);
#1668 = CARTESIAN_POINT('',(-18.66666666666,-13.11111111111,30.));
#1669 = VECTOR('',#1670,1.);
#1670 = DIRECTION('',(1.,0.,0.));
#1671 = PCURVE('',#126,#1672);
#1672 = DEFINITIONAL_REPRESENTATION('',(#1673),#1677);
#1673 = LINE('',#1674,#1675);
#1674 = CARTESIAN_POINT('',(3.2,8.755555555556));
#1675 = VECTOR('',#1676,1.);
#1676 = DIRECTION('',(1.,0.));
#1677 = ( GEOMETRIC_REPRESENTATION_CONTEXT(2) 
PARAMETRIC_REPRESENTATION_CONTEXT() REPRESENTATION_CONTEXT('2D SPACE',''
  ) );
#1678 = PCURVE('',#1679,#1684);
#1679 = PLANE('',#1680);
#1680 = AXIS2_PLACEMENT_3D('',#1681,#1682,#1683);
#1681 = CARTESIAN_POINT('',(-18.66666666666,-13.11111111111,0.));
#1682 = DIRECTION('',(0.,1.,0.));
#1683 = DIRECTION('',(0.,0.,1.));
#1684 = DEFINITIONAL_REPRESENTATION('',(#1685),#1689);
#1685 = LINE('',#1686,#1687);
#1686 = CARTESIAN_POINT('',(30.,0.));
#1687 = VECTOR('',#1688,1.);
#1688 = DIRECTION('',(0.,1.));
#1689 = ( GEOMETRIC_REPRESENTATION_CONTEXT(2) 
PARAMETRIC_REPRESENTATION_CONTEXT() REPRESENTATION_CONTEXT('2D SPACE',''
  ) );
#1690 = ORIENTED_EDGE('',*,*,#1691,.F.);
#1691 = EDGE_CURVE('',#1692,#1664,#1694,.T.);
#1692 = VERTEX_POINT('',#1693);
#1693 = CARTESIAN_POINT('',(18.666666666667,-18.66666666666,30.));
#1694 = SURFACE_CURVE('',#1695,(#1699,#1706),.PCURVE_S1.);
#1695 = LINE('',#1696,#1697);
#1696 = CARTESIAN_POINT('',(18.666666666667,-18.66666666666,30.));
#1697 = VECTOR('',#1698,1.);
#1698 = DIRECTION('',(0.,1.,0.));
#1699 = PCURVE('',#126,#1700);
#1700 = DEFINITIONAL_REPRESENTATION('',(#1701),#1705);
#1701 = LINE('',#1702,#1703);
#1702 = CARTESIAN_POINT('',(40.533333333333,3.2));
#1703 = VECTOR('',#1704,1.);
#1704 = DIRECTION('',(0.,1.));
#1705 = ( GEOMETRIC_REPRESENTATION_CONTEXT(2) 
PARAMETRIC_REPRESENTATION_CONTEXT() REPRESENTATION_CONTEXT('2D SPACE',''
  ) );
#1706 = PCURVE('',#1707,#1712);
#1707 = PLANE('',#1708);
#1708 = AXIS2_PLACEMENT_3D('',#1709,#1710,#1711);
#1709 = CARTESIAN_POINT('',(18.666666666667,-18.66666666666,0.));
#1710 = DIRECTION('',(1.,0.,0.));
#1711 = DIRECTION('',(0.,0.,1.));
#1712 = DEFINITIONAL_REPRESENTATION('',(#1713),#1717);
#1713 = LINE('',#1714,#1715);
#1714 = CARTESIAN_POINT('',(30.,0.));
#1715 = VECTOR('',#1716,1.);
#1716 = DIRECTION('',(0.,-1.));
#1717 = ( GEOMETRIC_REPRESENTATION_CONTEXT(2) 
PARAMETRIC_REPRESENTATION_CONTEXT() REPRESENTATION_CONTEXT('2D SPACE',''
  ) );
#1718 = ORIENTED_EDGE('',*,*,#1719,.F.);
#1719 = EDGE_CURVE('',#1634,#1692,#1720,.T.);
#1720 = SURFACE_CURVE('',#1721,(#1725,#1732),.PCURVE_S1.);
#1721 = LINE('',#1722,#1723);
#1722 = CARTESIAN_POINT('',(-18.66666666666,-18.66666666666,30.));
#1723 = VECTOR('',#1724,1.);
#1724 = DIRECTION('',(1.,0.,0.));
#1725 = PCURVE('',#126,#1726);
#1726 = DEFINITIONAL_REPRESENTATION('',(#1727),#1731);
#1727 = LINE('',#1728,#1729);
#1728 = CARTESIAN_POINT('',(3.2,3.2));
#1729 = VECTOR('',#1730,1.);
#1730 = DIRECTION('',(1.,0.));
#1731 = ( GEOMETRIC_REPRESENTATION_CONTEXT(2) 
PARAMETRIC_REPRESENTATION_CONTEXT() REPRESENTATION_CONTEXT('2D SPACE',''
  ) );
#1732 = PCURVE('',#1733,#1738);
#1733 = PLANE('',#1734);
#1734 = AXIS2_PLACEMENT_3D('',#1735,#1736,#1737);
#1735 = CARTESIAN_POINT('',(-18.66666666666,-18.66666666666,0.));
#1736 = DIRECTION('',(0.,1.,0.));
#1737 = DIRECTION('',(0.,0.,1.));
#1738 = DEFINITIONAL_REPRESENTATION('',(#1739),#1743);
#1739 = LINE('',#1740,#1741);
#1740 = CARTESIAN_POINT('',(30.,0.));
#1741 = VECTOR('',#1742,1.);
#1742 = DIRECTION('',(0.,1.));
#1743 = ( GEOMETRIC_REPRESENTATION_CONTEXT(2) 
PARAMETRIC_REPRESENTATION_CONTEXT() REPRESENTATION_CONTEXT('2D SPACE',''
  ) );
#1744 = FACE_BOUND('',#1745,.T.);
#1745 = EDGE_LOOP('',(#1746,#1776,#1804,#1832));
#1746 = ORIENTED_EDGE('',*,*,#1747,.T.);
#1747 = EDGE_CURVE('',#1748,#1750,#1752,.T.);
#1748 = VERTEX_POINT('',#1749);
#1749 = CARTESIAN_POINT('',(6.755555555556,-12.31111111111,30.));
#1750 = VERTEX_POINT('',#1751);
#1751 = CARTESIAN_POINT('',(6.755555555556,-6.755555555556,30.));
#1752 = SURFACE_CURVE('',#1753,(#1757,#1764),.PCURVE_S1.);
#1753 = LINE('',#1754,#1755);
#1754 = CARTESIAN_POINT('',(6.755555555556,-18.66666666666,30.));
#1755 = VECTOR('',#1756,1.);
#1756 = DIRECTION('',(0.,1.,0.));
#1757 = PCURVE('',#126,#1758);
#1758 = DEFINITIONAL_REPRESENTATION('',(#1759),#1763);
#1759 = LINE('',#1760,#1761);
#1760 = CARTESIAN_POINT('',(28.622222222222,3.2));
#1761 = VECTOR('',#1762,1.);
#1762 = DIRECTION('',(0.,1.));
#1763 = ( GEOMETRIC_REPRESENTATION_CONTEXT(2) 
PARAMETRIC_REPRESENTATION_CONTEXT() REPRESENTATION_CONTEXT('2D SPACE',''
  ) );
#1764 = PCURVE('',#1765,#1770);
#1765 = PLANE('',#1766);
#1766 = AXIS2_PLACEMENT_3D('',#1767,#1768,#1769);
#1767 = CARTESIAN_POINT('',(6.755555555556,-18.66666666666,0.));
#1768 = DIRECTION('',(1.,0.,0.));
#1769 = DIRECTION('',(0.,0.,1.));
#1770 = DEFINITIONAL_REPRESENTATION('',(#1771),#1775);
#1771 = LINE('',#1772,#1773);
#1772 = CARTESIAN_POINT('',(30.,0.));
#1773 = VECTOR('',#1774,1.);
#1774 = DIRECTION('',(0.,-1.));
#1775 = ( GEOMETRIC_REPRESENTATION_CONTEXT(2) 
PARAMETRIC_REPRESENTATION_CONTEXT() REPRESENTATION_CONTEXT('2D SPACE',''
  ) );
#1776 = ORIENTED_EDGE('',*,*,#1777,.T.);
#1777 = EDGE_CURVE('',#1750,#1778,#1780,.T.);
#1778 = VERTEX_POINT('',#1779);
#1779 = CARTESIAN_POINT('',(12.311111111111,-6.755555555556,30.));
#1780 = SURFACE_CURVE('',#1781,(#1785,#1792),.PCURVE_S1.);
#1781 = LINE('',#1782,#1783);
#1782 = CARTESIAN_POINT('',(-18.66666666666,-6.755555555556,30.));
#1783 = VECTOR('',#1784,1.);
#1784 = DIRECTION('',(1.,0.,0.));
#1785 = PCURVE('',#126,#1786);
#1786 = DEFINITIONAL_REPRESENTATION('',(#1787),#1791);
#1787 = LINE('',#1788,#1789);
#1788 = CARTESIAN_POINT('',(3.2,15.111111111111));
#1789 = VECTOR('',#1790,1.);
#1790 = DIRECTION('',(1.,0.));
#1791 = ( GEOMETRIC_REPRESENTATION_CONTEXT(2) 
PARAMETRIC_REPRESENTATION_CONTEXT() REPRESENTATION_CONTEXT('2D SPACE',''
  ) );
#1792 = PCURVE('',#1793,#1798);
#1793 = PLANE('',#1794);
#1794 = AXIS2_PLACEMENT_3D('',#1795,#1796,#1797);
#1795 = CARTESIAN_POINT('',(-18.66666666666,-6.755555555556,0.));
#1796 = DIRECTION('',(0.,1.,0.));
#1797 = DIRECTION('',(0.,0.,1.));
#1798 = DEFINITIONAL_REPRESENTATION('',(#1799),#1803);
#1799 = LINE('',#1800,#1801);
#1800 = CARTESIAN_POINT('',(30.,0.));
#1801 = VECTOR('',#1802,1.);
#1802 = DIRECTION('',(0.,1.));
#1803 = ( GEOMETRIC_REPRESENTATION_CONTEXT(2) 
PARAMETRIC_REPRESENTATION_CONTEXT() REPRESENTATION_CONTEXT('2D SPACE',''
  ) );
#1804 = ORIENTED_EDGE('',*,*,#1805,.F.);
#1805 = EDGE_CURVE('',#1806,#1778,#1808,.T.);
#1806 = VERTEX_POINT('',#1807);
#1807 = CARTESIAN_POINT('',(12.311111111111,-12.31111111111,30.));
#1808 = SURFACE_CURVE('',#1809,(#1813,#1820),.PCURVE_S1.);
#1809 = LINE('',#1810,#1811);
#1810 = CARTESIAN_POINT('',(12.311111111111,-18.66666666666,30.));
#1811 = VECTOR('',#1812,1.);
#1812 = DIRECTION('',(0.,1.,0.));
#1813 = PCURVE('',#126,#1814);
#1814 = DEFINITIONAL_REPRESENTATION('',(#1815),#1819);
#1815 = LINE('',#1816,#1817);
#1816 = CARTESIAN_POINT('',(34.177777777778,3.2));
#1817 = VECTOR('',#1818,1.);
#1818 = DIRECTION('',(0.,1.));
#1819 = ( GEOMETRIC_REPRESENTATION_CONTEXT(2) 
PARAMETRIC_REPRESENTATION_CONTEXT() REPRESENTATION_CONTEXT('2D SPACE',''
  ) );
#1820 = PCURVE('',#1821,#1826);
#1821 = PLANE('',#1822);
#1822 = AXIS2_PLACEMENT_3D('',#1823,#1824,#1825);
#1823 = CARTESIAN_POINT('',(12.311111111111,-18.66666666666,0.));
#1824 = DIRECTION('',(1.,0.,0.));
#1825 = DIRECTION('',(0.,0.,1.));
#1826 = DEFINITIONAL_REPRESENTATION('',(#1827),#1831);
#1827 = LINE('',#1828,#1829);
#1828 = CARTESIAN_POINT('',(30.,0.));
#1829 = VECTOR('',#1830,1.);
#1830 = DIRECTION('',(0.,-1.));
#1831 = ( GEOMETRIC_REPRESENTATION_CONTEXT(2) 
PARAMETRIC_REPRESENTATION_CONTEXT() REPRESENTATION_CONTEXT('2D SPACE',''
  ) );
#1832 = ORIENTED_EDGE('',*,*,#1833,.F.);
#1833 = EDGE_CURVE('',#1748,#1806,#1834,.T.);
#1834 = SURFACE_CURVE('',#1835,(#1839,#1846),.PCURVE_S1.);
#1835 = LINE('',#1836,#1837);
#1836 = CARTESIAN_POINT('',(-18.66666666666,-12.31111111111,30.));
#1837 = VECTOR('',#1838,1.);
#1838 = DIRECTION('',(1.,0.,0.));
#1839 = PCURVE('',#126,#1840);
#1840 = DEFINITIONAL_REPRESENTATION('',(#1841),#1845);
#1841 = LINE('',#1842,#1843);
#1842 = CARTESIAN_POINT('',(3.2,9.555555555556));
#1843 = VECTOR('',#1844,1.);
#1844 = DIRECTION('',(1.,0.));
#1845 = ( GEOMETRIC_REPRESENTATION_CONTEXT(2) 
PARAMETRIC_REPRESENTATION_CONTEXT() REPRESENTATION_CONTEXT('2D SPACE',''
  ) );
#1846 = PCURVE('',#1847,#1852);
#1847 = PLANE('',#1848);
#1848 = AXIS2_PLACEMENT_3D('',#1849,#1850,#1851);
#1849 = CARTESIAN_POINT('',(-18.66666666666,-12.31111111111,0.));
#1850 = DIRECTION('',(0.,1.,0.));
#1851 = DIRECTION('',(0.,0.,1.));
#1852 = DEFINITIONAL_REPRESENTATION('',(#1853),#1857);
#1853 = LINE('',#1854,#1855);
#1854 = CARTESIAN_POINT('',(30.,0.));
#1855 = VECTOR('',#1856,1.);
#1856 = DIRECTION('',(0.,1.));
#1857 = ( GEOMETRIC_REPRESENTATION_CONTEXT(2) 
PARAMETRIC_REPRESENTATION_CONTEXT() REPRESENTATION_CONTEXT('2D SPACE',''
  ) );
#1858 = FACE_BOUND('',#1859,.T.);
#1859 = EDGE_LOOP('',(#1860,#1890,#1918,#1946));
#1860 = ORIENTED_EDGE('',*,*,#1861,.F.);
#1861 = EDGE_CURVE('',#1862,#1864,#1866,.T.);
#1862 = VERTEX_POINT('',#1863);
#1863 = CARTESIAN_POINT('',(18.666666666667,-12.31111111111,30.));
#1864 = VERTEX_POINT('',#1865);
#1865 = CARTESIAN_POINT('',(18.666666666667,-6.755555555556,30.));
#1866 = SURFACE_CURVE('',#1867,(#1871,#1878),.PCURVE_S1.);
#1867 = LINE('',#1868,#1869);
#1868 = CARTESIAN_POINT('',(18.666666666667,-18.66666666666,30.));
#1869 = VECTOR('',#1870,1.);
#1870 = DIRECTION('',(0.,1.,0.));
#1871 = PCURVE('',#126,#1872);
#1872 = DEFINITIONAL_REPRESENTATION('',(#1873),#1877);
#1873 = LINE('',#1874,#1875);
#1874 = CARTESIAN_POINT('',(40.533333333333,3.2));
#1875 = VECTOR('',#1876,1.);
#1876 = DIRECTION('',(0.,1.));
#1877 = ( GEOMETRIC_REPRESENTATION_CONTEXT(2) 
PARAMETRIC_REPRESENTATION_CONTEXT() REPRESENTATION_CONTEXT('2D SPACE',''
  ) );
#1878 = PCURVE('',#1879,#1884);
#1879 = PLANE('',#1880);
#1880 = AXIS2_PLACEMENT_3D('',#1881,#1882,#1883);
#1881 = CARTESIAN_POINT('',(18.666666666667,-18.66666666666,0.));
#1882 = DIRECTION('',(1.,0.,0.));
#1883 = DIRECTION('',(0.,0.,1.));
#1884 = DEFINITIONAL_REPRESENTATION('',(#1885),#1889);
#1885 = LINE('',#1886,#1887);
#1886 = CARTESIAN_POINT('',(30.,0.));
#1887 = VECTOR('',#1888,1.);
#1888 = DIRECTION('',(0.,-1.));
#1889 = ( GEOMETRIC_REPRESENTATION_CONTEXT(2) 
PARAMETRIC_REPRESENTATION_CONTEXT() REPRESENTATION_CONTEXT('2D SPACE',''
  ) );
#1890 = ORIENTED_EDGE('',*,*,#1891,.F.);
#1891 = EDGE_CURVE('',#1892,#1862,#1894,.T.);
#1892 = VERTEX_POINT('',#1893);
#1893 = CARTESIAN_POINT('',(13.111111111111,-12.31111111111,30.));
#1894 = SURFACE_CURVE('',#1895,(#1899,#1906),.PCURVE_S1.);
#1895 = LINE('',#1896,#1897);
#1896 = CARTESIAN_POINT('',(-18.66666666666,-12.31111111111,30.));
#1897 = VECTOR('',#1898,1.);
#1898 = DIRECTION('',(1.,0.,0.));
#1899 = PCURVE('',#126,#1900);
#1900 = DEFINITIONAL_REPRESENTATION('',(#1901),#1905);
#1901 = LINE('',#1902,#1903);
#1902 = CARTESIAN_POINT('',(3.2,9.555555555556));
#1903 = VECTOR('',#1904,1.);
#1904 = DIRECTION('',(1.,0.));
#1905 = ( GEOMETRIC_REPRESENTATION_CONTEXT(2) 
PARAMETRIC_REPRESENTATION_CONTEXT() REPRESENTATION_CONTEXT('2D SPACE',''
  ) );
#1906 = PCURVE('',#1907,#1912);
#1907 = PLANE('',#1908);
#1908 = AXIS2_PLACEMENT_3D('',#1909,#1910,#1911);
#1909 = CARTESIAN_POINT('',(-18.66666666666,-12.31111111111,0.));
#1910 = DIRECTION('',(0.,1.,0.));
#1911 = DIRECTION('',(0.,0.,1.));
#1912 = DEFINITIONAL_REPRESENTATION('',(#1913),#1917);
#1913 = LINE('',#1914,#1915);
#1914 = CARTESIAN_POINT('',(30.,0.));
#1915 = VECTOR('',#1916,1.);
#1916 = DIRECTION('',(0.,1.));
#1917 = ( GEOMETRIC_REPRESENTATION_CONTEXT(2) 
PARAMETRIC_REPRESENTATION_CONTEXT() REPRESENTATION_CONTEXT('2D SPACE',''
  ) );
#1918 = ORIENTED_EDGE('',*,*,#1919,.T.);
#1919 = EDGE_CURVE('',#1892,#1920,#1922,.T.);
#1920 = VERTEX_POINT('',#1921);
#1921 = CARTESIAN_POINT('',(13.111111111111,-6.755555555556,30.));
#1922 = SURFACE_CURVE('',#1923,(#1927,#1934),.PCURVE_S1.);
#1923 = LINE('',#1924,#1925);
#1924 = CARTESIAN_POINT('',(13.111111111111,-18.66666666666,30.));
#1925 = VECTOR('',#1926,1.);
#1926 = DIRECTION('',(0.,1.,0.));
#1927 = PCURVE('',#126,#1928);
#1928 = DEFINITIONAL_REPRESENTATION('',(#1929),#1933);
#1929 = LINE('',#1930,#1931);
#1930 = CARTESIAN_POINT('',(34.977777777778,3.2));
#1931 = VECTOR('',#1932,1.);
#1932 = DIRECTION('',(0.,1.));
#1933 = ( GEOMETRIC_REPRESENTATION_CONTEXT(2) 
PARAMETRIC_REPRESENTATION_CONTEXT() REPRESENTATION_CONTEXT('2D SPACE',''
  ) );
#1934 = PCURVE('',#1935,#1940);
#1935 = PLANE('',#1936);
#1936 = AXIS2_PLACEMENT_3D('',#1937,#1938,#1939);
#1937 = CARTESIAN_POINT('',(13.111111111111,-18.66666666666,0.));
#1938 = DIRECTION('',(1.,0.,0.));
#1939 = DIRECTION('',(0.,0.,1.));
#1940 = DEFINITIONAL_REPRESENTATION('',(#1941),#1945);
#1941 = LINE('',#1942,#1943);
#1942 = CARTESIAN_POINT('',(30.,0.));
#1943 = VECTOR('',#1944,1.);
#1944 = DIRECTION('',(0.,-1.));
#1945 = ( GEOMETRIC_REPRESENTATION_CONTEXT(2) 
PARAMETRIC_REPRESENTATION_CONTEXT() REPRESENTATION_CONTEXT('2D SPACE',''
  ) );
#1946 = ORIENTED_EDGE('',*,*,#1947,.T.);
#1947 = EDGE_CURVE('',#1920,#1864,#1948,.T.);
#1948 = SURFACE_CURVE('',#1949,(#1953,#1960),.PCURVE_S1.);
#1949 = LINE('',#1950,#1951);
#1950 = CARTESIAN_POINT('',(-18.66666666666,-6.755555555556,30.));
#1951 = VECTOR('',#1952,1.);
#1952 = DIRECTION('',(1.,0.,0.));
#1953 = PCURVE('',#126,#1954);
#1954 = DEFINITIONAL_REPRESENTATION('',(#1955),#1959);
#1955 = LINE('',#1956,#1957);
#1956 = CARTESIAN_POINT('',(3.2,15.111111111111));
#1957 = VECTOR('',#1958,1.);
#1958 = DIRECTION('',(1.,0.));
#1959 = ( GEOMETRIC_REPRESENTATION_CONTEXT(2) 
PARAMETRIC_REPRESENTATION_CONTEXT() REPRESENTATION_CONTEXT('2D SPACE',''
  ) );
#1960 = PCURVE('',#1961,#1966);
#1961 = PLANE('',#1962);
#1962 = AXIS2_PLACEMENT_3D('',#1963,#1964,#1965);
#1963 = CARTESIAN_POINT('',(-18.66666666666,-6.755555555556,0.));
#1964 = DIRECTION('',(0.,1.,0.));
#1965 = DIRECTION('',(0.,0.,1.));
#1966 = DEFINITIONAL_REPRESENTATION('',(#1967),#1971);
#1967 = LINE('',#1968,#1969);
#1968 = CARTESIAN_POINT('',(30.,0.));
#1969 = VECTOR('',#1970,1.);
#1970 = DIRECTION('',(0.,1.));
#1971 = ( GEOMETRIC_REPRESENTATION_CONTEXT(2) 
PARAMETRIC_REPRESENTATION_CONTEXT() REPRESENTATION_CONTEXT('2D SPACE',''
  ) );
#1972 = FACE_BOUND('',#1973,.T.);
#1973 = EDGE_LOOP('',(#1974,#2004,#2032,#2060));
#1974 = ORIENTED_EDGE('',*,*,#1975,.T.);
#1975 = EDGE_CURVE('',#1976,#1978,#1980,.T.);
#1976 = VERTEX_POINT('',#1977);
#1977 = CARTESIAN_POINT('',(0.4,-5.955555555556,30.));
#1978 = VERTEX_POINT('',#1979);
#1979 = CARTESIAN_POINT('',(0.4,-0.4,30.));
#1980 = SURFACE_CURVE('',#1981,(#1985,#1992),.PCURVE_S1.);
#1981 = LINE('',#1982,#1983);
#1982 = CARTESIAN_POINT('',(0.4,-18.66666666666,30.));
#1983 = VECTOR('',#1984,1.);
#1984 = DIRECTION('',(0.,1.,0.));
#1985 = PCURVE('',#126,#1986);
#1986 = DEFINITIONAL_REPRESENTATION('',(#1987),#1991);
#1987 = LINE('',#1988,#1989);
#1988 = CARTESIAN_POINT('',(22.266666666667,3.2));
#1989 = VECTOR('',#1990,1.);
#1990 = DIRECTION('',(0.,1.));
#1991 = ( GEOMETRIC_REPRESENTATION_CONTEXT(2) 
PARAMETRIC_REPRESENTATION_CONTEXT() REPRESENTATION_CONTEXT('2D SPACE',''
  ) );
#1992 = PCURVE('',#1993,#1998);
#1993 = PLANE('',#1994);
#1994 = AXIS2_PLACEMENT_3D('',#1995,#1996,#1997);
#1995 = CARTESIAN_POINT('',(0.4,-18.66666666666,0.));
#1996 = DIRECTION('',(1.,0.,0.));
#1997 = DIRECTION('',(0.,0.,1.));
#1998 = DEFINITIONAL_REPRESENTATION('',(#1999),#2003);
#1999 = LINE('',#2000,#2001);
#2000 = CARTESIAN_POINT('',(30.,0.));
#2001 = VECTOR('',#2002,1.);
#2002 = DIRECTION('',(0.,-1.));
#2003 = ( GEOMETRIC_REPRESENTATION_CONTEXT(2) 
PARAMETRIC_REPRESENTATION_CONTEXT() REPRESENTATION_CONTEXT('2D SPACE',''
  ) );
#2004 = ORIENTED_EDGE('',*,*,#2005,.T.);
#2005 = EDGE_CURVE('',#1978,#2006,#2008,.T.);
#2006 = VERTEX_POINT('',#2007);
#2007 = CARTESIAN_POINT('',(5.955555555556,-0.4,30.));
#2008 = SURFACE_CURVE('',#2009,(#2013,#2020),.PCURVE_S1.);
#2009 = LINE('',#2010,#2011);
#2010 = CARTESIAN_POINT('',(-18.66666666666,-0.4,30.));
#2011 = VECTOR('',#2012,1.);
#2012 = DIRECTION('',(1.,0.,0.));
#2013 = PCURVE('',#126,#2014);
#2014 = DEFINITIONAL_REPRESENTATION('',(#2015),#2019);
#2015 = LINE('',#2016,#2017);
#2016 = CARTESIAN_POINT('',(3.2,21.466666666667));
#2017 = VECTOR('',#2018,1.);
#2018 = DIRECTION('',(1.,0.));
#2019 = ( GEOMETRIC_REPRESENTATION_CONTEXT(2) 
PARAMETRIC_REPRESENTATION_CONTEXT() REPRESENTATION_CONTEXT('2D SPACE',''
  ) );
#2020 = PCURVE('',#2021,#2026);
#2021 = PLANE('',#2022);
#2022 = AXIS2_PLACEMENT_3D('',#2023,#2024,#2025);
#2023 = CARTESIAN_POINT('',(-18.66666666666,-0.4,0.));
#2024 = DIRECTION('',(0.,1.,0.));
#2025 = DIRECTION('',(0.,0.,1.));
#2026 = DEFINITIONAL_REPRESENTATION('',(#2027),#2031);
#2027 = LINE('',#2028,#2029);
#2028 = CARTESIAN_POINT('',(30.,0.));
#2029 = VECTOR('',#2030,1.);
#2030 = DIRECTION('',(0.,1.));
#2031 = ( GEOMETRIC_REPRESENTATION_CONTEXT(2) 
PARAMETRIC_REPRESENTATION_CONTEXT() REPRESENTATION_CONTEXT('2D SPACE',''
  ) );
#2032 = ORIENTED_EDGE('',*,*,#2033,.F.);
#2033 = EDGE_CURVE('',#2034,#2006,#2036,.T.);
#2034 = VERTEX_POINT('',#2035);
#2035 = CARTESIAN_POINT('',(5.955555555556,-5.955555555556,30.));
#2036 = SURFACE_CURVE('',#2037,(#2041,#2048),.PCURVE_S1.);
#2037 = LINE('',#2038,#2039);
#2038 = CARTESIAN_POINT('',(5.955555555556,-18.66666666666,30.));
#2039 = VECTOR('',#2040,1.);
#2040 = DIRECTION('',(0.,1.,0.));
#2041 = PCURVE('',#126,#2042);
#2042 = DEFINITIONAL_REPRESENTATION('',(#2043),#2047);
#2043 = LINE('',#2044,#2045);
#2044 = CARTESIAN_POINT('',(27.822222222222,3.2));
#2045 = VECTOR('',#2046,1.);
#2046 = DIRECTION('',(0.,1.));
#2047 = ( GEOMETRIC_REPRESENTATION_CONTEXT(2) 
PARAMETRIC_REPRESENTATION_CONTEXT() REPRESENTATION_CONTEXT('2D SPACE',''
  ) );
#2048 = PCURVE('',#2049,#2054);
#2049 = PLANE('',#2050);
#2050 = AXIS2_PLACEMENT_3D('',#2051,#2052,#2053);
#2051 = CARTESIAN_POINT('',(5.955555555556,-18.66666666666,0.));
#2052 = DIRECTION('',(1.,0.,0.));
#2053 = DIRECTION('',(0.,0.,1.));
#2054 = DEFINITIONAL_REPRESENTATION('',(#2055),#2059);
#2055 = LINE('',#2056,#2057);
#2056 = CARTESIAN_POINT('',(30.,0.));
#2057 = VECTOR('',#2058,1.);
#2058 = DIRECTION('',(0.,-1.));
#2059 = ( GEOMETRIC_REPRESENTATION_CONTEXT(2) 
PARAMETRIC_REPRESENTATION_CONTEXT() REPRESENTATION_CONTEXT('2D SPACE',''
  ) );
#2060 = ORIENTED_EDGE('',*,*,#2061,.F.);
#2061 = EDGE_CURVE('',#1976,#2034,#2062,.T.);
#2062 = SURFACE_CURVE('',#2063,(#2067,#2074),.PCURVE_S1.);
#2063 = LINE('',#2064,#2065);
#2064 = CARTESIAN_POINT('',(-18.66666666666,-5.955555555556,30.));
#2065 = VECTOR('',#2066,1.);
#2066 = DIRECTION('',(1.,0.,0.));
#2067 = PCURVE('',#126,#2068);
#2068 = DEFINITIONAL_REPRESENTATION('',(#2069),#2073);
#2069 = LINE('',#2070,#2071);
#2070 = CARTESIAN_POINT('',(3.2,15.911111111111));
#2071 = VECTOR('',#2072,1.);
#2072 = DIRECTION('',(1.,0.));
#2073 = ( GEOMETRIC_REPRESENTATION_CONTEXT(2) 
PARAMETRIC_REPRESENTATION_CONTEXT() REPRESENTATION_CONTEXT('2D SPACE',''
  ) );
#2074 = PCURVE('',#2075,#2080);
#2075 = PLANE('',#2076);
#2076 = AXIS2_PLACEMENT_3D('',#2077,#2078,#2079);
#2077 = CARTESIAN_POINT('',(-18.66666666666,-5.955555555556,0.));
#2078 = DIRECTION('',(0.,1.,0.));
#2079 = DIRECTION('',(0.,0.,1.));
#2080 = DEFINITIONAL_REPRESENTATION('',(#2081),#2085);
#2081 = LINE('',#2082,#2083);
#2082 = CARTESIAN_POINT('',(30.,0.));
#2083 = VECTOR('',#2084,1.);
#2084 = DIRECTION('',(0.,1.));
#2085 = ( GEOMETRIC_REPRESENTATION_CONTEXT(2) 
PARAMETRIC_REPRESENTATION_CONTEXT() REPRESENTATION_CONTEXT('2D SPACE',''
  ) );
#2086 = FACE_BOUND('',#2087,.T.);
#2087 = EDGE_LOOP('',(#2088,#2118,#2146,#2174));
#2088 = ORIENTED_EDGE('',*,*,#2089,.T.);
#2089 = EDGE_CURVE('',#2090,#2092,#2094,.T.);
#2090 = VERTEX_POINT('',#2091);
#2091 = CARTESIAN_POINT('',(6.755555555556,-5.955555555556,30.));
#2092 = VERTEX_POINT('',#2093);
#2093 = CARTESIAN_POINT('',(6.755555555556,-0.4,30.));
#2094 = SURFACE_CURVE('',#2095,(#2099,#2106),.PCURVE_S1.);
#2095 = LINE('',#2096,#2097);
#2096 = CARTESIAN_POINT('',(6.755555555556,-18.66666666666,30.));
#2097 = VECTOR('',#2098,1.);
#2098 = DIRECTION('',(0.,1.,0.));
#2099 = PCURVE('',#126,#2100);
#2100 = DEFINITIONAL_REPRESENTATION('',(#2101),#2105);
#2101 = LINE('',#2102,#2103);
#2102 = CARTESIAN_POINT('',(28.622222222222,3.2));
#2103 = VECTOR('',#2104,1.);
#2104 = DIRECTION('',(0.,1.));
#2105 = ( GEOMETRIC_REPRESENTATION_CONTEXT(2) 
PARAMETRIC_REPRESENTATION_CONTEXT() REPRESENTATION_CONTEXT('2D SPACE',''
  ) );
#2106 = PCURVE('',#2107,#2112);
#2107 = PLANE('',#2108);
#2108 = AXIS2_PLACEMENT_3D('',#2109,#2110,#2111);
#2109 = CARTESIAN_POINT('',(6.755555555556,-18.66666666666,0.));
#2110 = DIRECTION('',(1.,0.,0.));
#2111 = DIRECTION('',(0.,0.,1.));
#2112 = DEFINITIONAL_REPRESENTATION('',(#2113),#2117);
#2113 = LINE('',#2114,#2115);
#2114 = CARTESIAN_POINT('',(30.,0.));
#2115 = VECTOR('',#2116,1.);
#2116 = DIRECTION('',(0.,-1.));
#2117 = ( GEOMETRIC_REPRESENTATION_CONTEXT(2) 
PARAMETRIC_REPRESENTATION_CONTEXT() REPRESENTATION_CONTEXT('2D SPACE',''
  ) );
#2118 = ORIENTED_EDGE('',*,*,#2119,.T.);
#2119 = EDGE_CURVE('',#2092,#2120,#2122,.T.);
#2120 = VERTEX_POINT('',#2121);
#2121 = CARTESIAN_POINT('',(12.311111111111,-0.4,30.));
#2122 = SURFACE_CURVE('',#2123,(#2127,#2134),.PCURVE_S1.);
#2123 = LINE('',#2124,#2125);
#2124 = CARTESIAN_POINT('',(-18.66666666666,-0.4,30.));
#2125 = VECTOR('',#2126,1.);
#2126 = DIRECTION('',(1.,0.,0.));
#2127 = PCURVE('',#126,#2128);
#2128 = DEFINITIONAL_REPRESENTATION('',(#2129),#2133);
#2129 = LINE('',#2130,#2131);
#2130 = CARTESIAN_POINT('',(3.2,21.466666666667));
#2131 = VECTOR('',#2132,1.);
#2132 = DIRECTION('',(1.,0.));
#2133 = ( GEOMETRIC_REPRESENTATION_CONTEXT(2) 
PARAMETRIC_REPRESENTATION_CONTEXT() REPRESENTATION_CONTEXT('2D SPACE',''
  ) );
#2134 = PCURVE('',#2135,#2140);
#2135 = PLANE('',#2136);
#2136 = AXIS2_PLACEMENT_3D('',#2137,#2138,#2139);
#2137 = CARTESIAN_POINT('',(-18.66666666666,-0.4,0.));
#2138 = DIRECTION('',(0.,1.,0.));
#2139 = DIRECTION('',(0.,0.,1.));
#2140 = DEFINITIONAL_REPRESENTATION('',(#2141),#2145);
#2141 = LINE('',#2142,#2143);
#2142 = CARTESIAN_POINT('',(30.,0.));
#2143 = VECTOR('',#2144,1.);
#2144 = DIRECTION('',(0.,1.));
#2145 = ( GEOMETRIC_REPRESENTATION_CONTEXT(2) 
PARAMETRIC_REPRESENTATION_CONTEXT() REPRESENTATION_CONTEXT('2D SPACE',''
  ) );
#2146 = ORIENTED_EDGE('',*,*,#2147,.F.);
#2147 = EDGE_CURVE('',#2148,#2120,#2150,.T.);
#2148 = VERTEX_POINT('',#2149);
#2149 = CARTESIAN_POINT('',(12.311111111111,-5.955555555556,30.));
#2150 = SURFACE_CURVE('',#2151,(#2155,#2162),.PCURVE_S1.);
#2151 = LINE('',#2152,#2153);
#2152 = CARTESIAN_POINT('',(12.311111111111,-18.66666666666,30.));
#2153 = VECTOR('',#2154,1.);
#2154 = DIRECTION('',(0.,1.,0.));
#2155 = PCURVE('',#126,#2156);
#2156 = DEFINITIONAL_REPRESENTATION('',(#2157),#2161);
#2157 = LINE('',#2158,#2159);
#2158 = CARTESIAN_POINT('',(34.177777777778,3.2));
#2159 = VECTOR('',#2160,1.);
#2160 = DIRECTION('',(0.,1.));
#2161 = ( GEOMETRIC_REPRESENTATION_CONTEXT(2) 
PARAMETRIC_REPRESENTATION_CONTEXT() REPRESENTATION_CONTEXT('2D SPACE',''
  ) );
#2162 = PCURVE('',#2163,#2168);
#2163 = PLANE('',#2164);
#2164 = AXIS2_PLACEMENT_3D('',#2165,#2166,#2167);
#2165 = CARTESIAN_POINT('',(12.311111111111,-18.66666666666,0.));
#2166 = DIRECTION('',(1.,0.,0.));
#2167 = DIRECTION('',(0.,0.,1.));
#2168 = DEFINITIONAL_REPRESENTATION('',(#2169),#2173);
#2169 = LINE('',#2170,#2171);
#2170 = CARTESIAN_POINT('',(30.,0.));
#2171 = VECTOR('',#2172,1.);
#2172 = DIRECTION('',(0.,-1.));
#2173 = ( GEOMETRIC_REPRESENTATION_CONTEXT(2) 
PARAMETRIC_REPRESENTATION_CONTEXT() REPRESENTATION_CONTEXT('2D SPACE',''
  ) );
#2174 = ORIENTED_EDGE('',*,*,#2175,.F.);
#2175 = EDGE_CURVE('',#2090,#2148,#2176,.T.);
#2176 = SURFACE_CURVE('',#2177,(#2181,#2188),.PCURVE_S1.);
#2177 = LINE('',#2178,#2179);
#2178 = CARTESIAN_POINT('',(-18.66666666666,-5.955555555556,30.));
#2179 = VECTOR('',#2180,1.);
#2180 = DIRECTION('',(1.,0.,0.));
#2181 = PCURVE('',#126,#2182);
#2182 = DEFINITIONAL_REPRESENTATION('',(#2183),#2187);
#2183 = LINE('',#2184,#2185);
#2184 = CARTESIAN_POINT('',(3.2,15.911111111111));
#2185 = VECTOR('',#2186,1.);
#2186 = DIRECTION('',(1.,0.));
#2187 = ( GEOMETRIC_REPRESENTATION_CONTEXT(2) 
PARAMETRIC_REPRESENTATION_CONTEXT() REPRESENTATION_CONTEXT('2D SPACE',''
  ) );
#2188 = PCURVE('',#2189,#2194);
#2189 = PLANE('',#2190);
#2190 = AXIS2_PLACEMENT_3D('',#2191,#2192,#2193);
#2191 = CARTESIAN_POINT('',(-18.66666666666,-5.955555555556,0.));
#2192 = DIRECTION('',(0.,1.,0.));
#2193 = DIRECTION('',(0.,0.,1.));
#2194 = DEFINITIONAL_REPRESENTATION('',(#2195),#2199);
#2195 = LINE('',#2196,#2197);
#2196 = CARTESIAN_POINT('',(30.,0.));
#2197 = VECTOR('',#2198,1.);
#2198 = DIRECTION('',(0.,1.));
#2199 = ( GEOMETRIC_REPRESENTATION_CONTEXT(2) 
PARAMETRIC_REPRESENTATION_CONTEXT() REPRESENTATION_CONTEXT('2D SPACE',''
  ) );
#2200 = FACE_BOUND('',#2201,.T.);
#2201 = EDGE_LOOP('',(#2202,#2232,#2260,#2288));
#2202 = ORIENTED_EDGE('',*,*,#2203,.F.);
#2203 = EDGE_CURVE('',#2204,#2206,#2208,.T.);
#2204 = VERTEX_POINT('',#2205);
#2205 = CARTESIAN_POINT('',(18.666666666667,-5.955555555556,30.));
#2206 = VERTEX_POINT('',#2207);
#2207 = CARTESIAN_POINT('',(18.666666666667,-0.4,30.));
#2208 = SURFACE_CURVE('',#2209,(#2213,#2220),.PCURVE_S1.);
#2209 = LINE('',#2210,#2211);
#2210 = CARTESIAN_POINT('',(18.666666666667,-18.66666666666,30.));
#2211 = VECTOR('',#2212,1.);
#2212 = DIRECTION('',(0.,1.,0.));
#2213 = PCURVE('',#126,#2214);
#2214 = DEFINITIONAL_REPRESENTATION('',(#2215),#2219);
#2215 = LINE('',#2216,#2217);
#2216 = CARTESIAN_POINT('',(40.533333333333,3.2));
#2217 = VECTOR('',#2218,1.);
#2218 = DIRECTION('',(0.,1.));
#2219 = ( GEOMETRIC_REPRESENTATION_CONTEXT(2) 
PARAMETRIC_REPRESENTATION_CONTEXT() REPRESENTATION_CONTEXT('2D SPACE',''
  ) );
#2220 = PCURVE('',#2221,#2226);
#2221 = PLANE('',#2222);
#2222 = AXIS2_PLACEMENT_3D('',#2223,#2224,#2225);
#2223 = CARTESIAN_POINT('',(18.666666666667,-18.66666666666,0.));
#2224 = DIRECTION('',(1.,0.,0.));
#2225 = DIRECTION('',(0.,0.,1.));
#2226 = DEFINITIONAL_REPRESENTATION('',(#2227),#2231);
#2227 = LINE('',#2228,#2229);
#2228 = CARTESIAN_POINT('',(30.,0.));
#2229 = VECTOR('',#2230,1.);
#2230 = DIRECTION('',(0.,-1.));
#2231 = ( GEOMETRIC_REPRESENTATION_CONTEXT(2) 
PARAMETRIC_REPRESENTATION_CONTEXT() REPRESENTATION_CONTEXT('2D SPACE',''
  ) );
#2232 = ORIENTED_EDGE('',*,*,#2233,.F.);
#2233 = EDGE_CURVE('',#2234,#2204,#2236,.T.);
#2234 = VERTEX_POINT('',#2235);
#2235 = CARTESIAN_POINT('',(13.111111111111,-5.955555555556,30.));
#2236 = SURFACE_CURVE('',#2237,(#2241,#2248),.PCURVE_S1.);
#2237 = LINE('',#2238,#2239);
#2238 = CARTESIAN_POINT('',(-18.66666666666,-5.955555555556,30.));
#2239 = VECTOR('',#2240,1.);
#2240 = DIRECTION('',(1.,0.,0.));
#2241 = PCURVE('',#126,#2242);
#2242 = DEFINITIONAL_REPRESENTATION('',(#2243),#2247);
#2243 = LINE('',#2244,#2245);
#2244 = CARTESIAN_POINT('',(3.2,15.911111111111));
#2245 = VECTOR('',#2246,1.);
#2246 = DIRECTION('',(1.,0.));
#2247 = ( GEOMETRIC_REPRESENTATION_CONTEXT(2) 
PARAMETRIC_REPRESENTATION_CONTEXT() REPRESENTATION_CONTEXT('2D SPACE',''
  ) );
#2248 = PCURVE('',#2249,#2254);
#2249 = PLANE('',#2250);
#2250 = AXIS2_PLACEMENT_3D('',#2251,#2252,#2253);
#2251 = CARTESIAN_POINT('',(-18.66666666666,-5.955555555556,0.));
#2252 = DIRECTION('',(0.,1.,0.));
#2253 = DIRECTION('',(0.,0.,1.));
#2254 = DEFINITIONAL_REPRESENTATION('',(#2255),#2259);
#2255 = LINE('',#2256,#2257);
#2256 = CARTESIAN_POINT('',(30.,0.));
#2257 = VECTOR('',#2258,1.);
#2258 = DIRECTION('',(0.,1.));
#2259 = ( GEOMETRIC_REPRESENTATION_CONTEXT(2) 
PARAMETRIC_REPRESENTATION_CONTEXT() REPRESENTATION_CONTEXT('2D SPACE',''
  ) );
#2260 = ORIENTED_EDGE('',*,*,#2261,.T.);
#2261 = EDGE_CURVE('',#2234,#2262,#2264,.T.);
#2262 = VERTEX_POINT('',#2263);
#2263 = CARTESIAN_POINT('',(13.111111111111,-0.4,30.));
#2264 = SURFACE_CURVE('',#2265,(#2269,#2276),.PCURVE_S1.);
#2265 = LINE('',#2266,#2267);
#2266 = CARTESIAN_POINT('',(13.111111111111,-18.66666666666,30.));
#2267 = VECTOR('',#2268,1.);
#2268 = DIRECTION('',(0.,1.,0.));
#2269 = PCURVE('',#126,#2270);
#2270 = DEFINITIONAL_REPRESENTATION('',(#2271),#2275);
#2271 = LINE('',#2272,#2273);
#2272 = CARTESIAN_POINT('',(34.977777777778,3.2));
#2273 = VECTOR('',#2274,1.);
#2274 = DIRECTION('',(0.,1.));
#2275 = ( GEOMETRIC_REPRESENTATION_CONTEXT(2) 
PARAMETRIC_REPRESENTATION_CONTEXT() REPRESENTATION_CONTEXT('2D SPACE',''
  ) );
#2276 = PCURVE('',#2277,#2282);
#2277 = PLANE('',#2278);
#2278 = AXIS2_PLACEMENT_3D('',#2279,#2280,#2281);
#2279 = CARTESIAN_POINT('',(13.111111111111,-18.66666666666,0.));
#2280 = DIRECTION('',(1.,0.,0.));
#2281 = DIRECTION('',(0.,0.,1.));
#2282 = DEFINITIONAL_REPRESENTATION('',(#2283),#2287);
#2283 = LINE('',#2284,#2285);
#2284 = CARTESIAN_POINT('',(30.,0.));
#2285 = VECTOR('',#2286,1.);
#2286 = DIRECTION('',(0.,-1.));
#2287 = ( GEOMETRIC_REPRESENTATION_CONTEXT(2) 
PARAMETRIC_REPRESENTATION_CONTEXT() REPRESENTATION_CONTEXT('2D SPACE',''
  ) );
#2288 = ORIENTED_EDGE('',*,*,#2289,.T.);
#2289 = EDGE_CURVE('',#2262,#2206,#2290,.T.);
#2290 = SURFACE_CURVE('',#2291,(#2295,#2302),.PCURVE_S1.);
#2291 = LINE('',#2292,#2293);
#2292 = CARTESIAN_POINT('',(-18.66666666666,-0.4,30.));
#2293 = VECTOR('',#2294,1.);
#2294 = DIRECTION('',(1.,0.,0.));
#2295 = PCURVE('',#126,#2296);
#2296 = DEFINITIONAL_REPRESENTATION('',(#2297),#2301);
#2297 = LINE('',#2298,#2299);
#2298 = CARTESIAN_POINT('',(3.2,21.466666666667));
#2299 = VECTOR('',#2300,1.);
#2300 = DIRECTION('',(1.,0.));
#2301 = ( GEOMETRIC_REPRESENTATION_CONTEXT(2) 
PARAMETRIC_REPRESENTATION_CONTEXT() REPRESENTATION_CONTEXT('2D SPACE',''
  ) );
#2302 = PCURVE('',#2303,#2308);
#2303 = PLANE('',#2304);
#2304 = AXIS2_PLACEMENT_3D('',#2305,#2306,#2307);
#2305 = CARTESIAN_POINT('',(-18.66666666666,-0.4,0.));
#2306 = DIRECTION('',(0.,1.,0.));
#2307 = DIRECTION('',(0.,0.,1.));
#2308 = DEFINITIONAL_REPRESENTATION('',(#2309),#2313);
#2309 = LINE('',#2310,#2311);
#2310 = CARTESIAN_POINT('',(30.,0.));
#2311 = VECTOR('',#2312,1.);
#2312 = DIRECTION('',(0.,1.));
#2313 = ( GEOMETRIC_REPRESENTATION_CONTEXT(2) 
PARAMETRIC_REPRESENTATION_CONTEXT() REPRESENTATION_CONTEXT('2D SPACE',''
  ) );
#2314 = FACE_BOUND('',#2315,.T.);
#2315 = EDGE_LOOP('',(#2316,#2346,#2374,#2402));
#2316 = ORIENTED_EDGE('',*,*,#2317,.T.);
#2317 = EDGE_CURVE('',#2318,#2320,#2322,.T.);
#2318 = VERTEX_POINT('',#2319);
#2319 = CARTESIAN_POINT('',(-18.66666666666,0.4,30.));
#2320 = VERTEX_POINT('',#2321);
#2321 = CARTESIAN_POINT('',(-18.66666666666,5.955555555556,30.));
#2322 = SURFACE_CURVE('',#2323,(#2327,#2334),.PCURVE_S1.);
#2323 = LINE('',#2324,#2325);
#2324 = CARTESIAN_POINT('',(-18.66666666666,-18.66666666666,30.));
#2325 = VECTOR('',#2326,1.);
#2326 = DIRECTION('',(0.,1.,0.));
#2327 = PCURVE('',#126,#2328);
#2328 = DEFINITIONAL_REPRESENTATION('',(#2329),#2333);
#2329 = LINE('',#2330,#2331);
#2330 = CARTESIAN_POINT('',(3.2,3.2));
#2331 = VECTOR('',#2332,1.);
#2332 = DIRECTION('',(0.,1.));
#2333 = ( GEOMETRIC_REPRESENTATION_CONTEXT(2) 
PARAMETRIC_REPRESENTATION_CONTEXT() REPRESENTATION_CONTEXT('2D SPACE',''
  ) );
#2334 = PCURVE('',#2335,#2340);
#2335 = PLANE('',#2336);
#2336 = AXIS2_PLACEMENT_3D('',#2337,#2338,#2339);
#2337 = CARTESIAN_POINT('',(-18.66666666666,-18.66666666666,0.));
#2338 = DIRECTION('',(1.,0.,0.));
#2339 = DIRECTION('',(0.,0.,1.));
#2340 = DEFINITIONAL_REPRESENTATION('',(#2341),#2345);
#2341 = LINE('',#2342,#2343);
#2342 = CARTESIAN_POINT('',(30.,0.));
#2343 = VECTOR('',#2344,1.);
#2344 = DIRECTION('',(0.,-1.));
#2345 = ( GEOMETRIC_REPRESENTATION_CONTEXT(2) 
PARAMETRIC_REPRESENTATION_CONTEXT() REPRESENTATION_CONTEXT('2D SPACE',''
  ) );
#2346 = ORIENTED_EDGE('',*,*,#2347,.T.);
#2347 = EDGE_CURVE('',#2320,#2348,#2350,.T.);
#2348 = VERTEX_POINT('',#2349);
#2349 = CARTESIAN_POINT('',(-13.11111111111,5.955555555556,30.));
#2350 = SURFACE_CURVE('',#2351,(#2355,#2362),.PCURVE_S1.);
#2351 = LINE('',#2352,#2353);
#2352 = CARTESIAN_POINT('',(-18.66666666666,5.955555555556,30.));
#2353 = VECTOR('',#2354,1.);
#2354 = DIRECTION('',(1.,0.,0.));
#2355 = PCURVE('',#126,#2356);
#2356 = DEFINITIONAL_REPRESENTATION('',(#2357),#2361);
#2357 = LINE('',#2358,#2359);
#2358 = CARTESIAN_POINT('',(3.2,27.822222222222));
#2359 = VECTOR('',#2360,1.);
#2360 = DIRECTION('',(1.,0.));
#2361 = ( GEOMETRIC_REPRESENTATION_CONTEXT(2) 
PARAMETRIC_REPRESENTATION_CONTEXT() REPRESENTATION_CONTEXT('2D SPACE',''
  ) );
#2362 = PCURVE('',#2363,#2368);
#2363 = PLANE('',#2364);
#2364 = AXIS2_PLACEMENT_3D('',#2365,#2366,#2367);
#2365 = CARTESIAN_POINT('',(-18.66666666666,5.955555555556,0.));
#2366 = DIRECTION('',(0.,1.,0.));
#2367 = DIRECTION('',(0.,0.,1.));
#2368 = DEFINITIONAL_REPRESENTATION('',(#2369),#2373);
#2369 = LINE('',#2370,#2371);
#2370 = CARTESIAN_POINT('',(30.,0.));
#2371 = VECTOR('',#2372,1.);
#2372 = DIRECTION('',(0.,1.));
#2373 = ( GEOMETRIC_REPRESENTATION_CONTEXT(2) 
PARAMETRIC_REPRESENTATION_CONTEXT() REPRESENTATION_CONTEXT('2D SPACE',''
  ) );
#2374 = ORIENTED_EDGE('',*,*,#2375,.F.);
#2375 = EDGE_CURVE('',#2376,#2348,#2378,.T.);
#2376 = VERTEX_POINT('',#2377);
#2377 = CARTESIAN_POINT('',(-13.11111111111,0.4,30.));
#2378 = SURFACE_CURVE('',#2379,(#2383,#2390),.PCURVE_S1.);
#2379 = LINE('',#2380,#2381);
#2380 = CARTESIAN_POINT('',(-13.11111111111,-18.66666666666,30.));
#2381 = VECTOR('',#2382,1.);
#2382 = DIRECTION('',(0.,1.,0.));
#2383 = PCURVE('',#126,#2384);
#2384 = DEFINITIONAL_REPRESENTATION('',(#2385),#2389);
#2385 = LINE('',#2386,#2387);
#2386 = CARTESIAN_POINT('',(8.755555555556,3.2));
#2387 = VECTOR('',#2388,1.);
#2388 = DIRECTION('',(0.,1.));
#2389 = ( GEOMETRIC_REPRESENTATION_CONTEXT(2) 
PARAMETRIC_REPRESENTATION_CONTEXT() REPRESENTATION_CONTEXT('2D SPACE',''
  ) );
#2390 = PCURVE('',#2391,#2396);
#2391 = PLANE('',#2392);
#2392 = AXIS2_PLACEMENT_3D('',#2393,#2394,#2395);
#2393 = CARTESIAN_POINT('',(-13.11111111111,-18.66666666666,0.));
#2394 = DIRECTION('',(1.,0.,0.));
#2395 = DIRECTION('',(0.,0.,1.));
#2396 = DEFINITIONAL_REPRESENTATION('',(#2397),#2401);
#2397 = LINE('',#2398,#2399);
#2398 = CARTESIAN_POINT('',(30.,0.));
#2399 = VECTOR('',#2400,1.);
#2400 = DIRECTION('',(0.,-1.));
#2401 = ( GEOMETRIC_REPRESENTATION_CONTEXT(2) 
PARAMETRIC_REPRESENTATION_CONTEXT() REPRESENTATION_CONTEXT('2D SPACE',''
  ) );
#2402 = ORIENTED_EDGE('',*,*,#2403,.F.);
#2403 = EDGE_CURVE('',#2318,#2376,#2404,.T.);
#2404 = SURFACE_CURVE('',#2405,(#2409,#2416),.PCURVE_S1.);
#2405 = LINE('',#2406,#2407);
#2406 = CARTESIAN_POINT('',(-18.66666666666,0.4,30.));
#2407 = VECTOR('',#2408,1.);
#2408 = DIRECTION('',(1.,0.,0.));
#2409 = PCURVE('',#126,#2410);
#2410 = DEFINITIONAL_REPRESENTATION('',(#2411),#2415);
#2411 = LINE('',#2412,#2413);
#2412 = CARTESIAN_POINT('',(3.2,22.266666666667));
#2413 = VECTOR('',#2414,1.);
#2414 = DIRECTION('',(1.,0.));
#2415 = ( GEOMETRIC_REPRESENTATION_CONTEXT(2) 
PARAMETRIC_REPRESENTATION_CONTEXT() REPRESENTATION_CONTEXT('2D SPACE',''
  ) );
#2416 = PCURVE('',#2417,#2422);
#2417 = PLANE('',#2418);
#2418 = AXIS2_PLACEMENT_3D('',#2419,#2420,#2421);
#2419 = CARTESIAN_POINT('',(-18.66666666666,0.4,0.));
#2420 = DIRECTION('',(0.,1.,0.));
#2421 = DIRECTION('',(0.,0.,1.));
#2422 = DEFINITIONAL_REPRESENTATION('',(#2423),#2427);
#2423 = LINE('',#2424,#2425);
#2424 = CARTESIAN_POINT('',(30.,0.));
#2425 = VECTOR('',#2426,1.);
#2426 = DIRECTION('',(0.,1.));
#2427 = ( GEOMETRIC_REPRESENTATION_CONTEXT(2) 
PARAMETRIC_REPRESENTATION_CONTEXT() REPRESENTATION_CONTEXT('2D SPACE',''
  ) );
#2428 = FACE_BOUND('',#2429,.T.);
#2429 = EDGE_LOOP('',(#2430,#2460,#2488,#2516));
#2430 = ORIENTED_EDGE('',*,*,#2431,.T.);
#2431 = EDGE_CURVE('',#2432,#2434,#2436,.T.);
#2432 = VERTEX_POINT('',#2433);
#2433 = CARTESIAN_POINT('',(-12.31111111111,0.4,30.));
#2434 = VERTEX_POINT('',#2435);
#2435 = CARTESIAN_POINT('',(-12.31111111111,5.955555555556,30.));
#2436 = SURFACE_CURVE('',#2437,(#2441,#2448),.PCURVE_S1.);
#2437 = LINE('',#2438,#2439);
#2438 = CARTESIAN_POINT('',(-12.31111111111,-18.66666666666,30.));
#2439 = VECTOR('',#2440,1.);
#2440 = DIRECTION('',(0.,1.,0.));
#2441 = PCURVE('',#126,#2442);
#2442 = DEFINITIONAL_REPRESENTATION('',(#2443),#2447);
#2443 = LINE('',#2444,#2445);
#2444 = CARTESIAN_POINT('',(9.555555555556,3.2));
#2445 = VECTOR('',#2446,1.);
#2446 = DIRECTION('',(0.,1.));
#2447 = ( GEOMETRIC_REPRESENTATION_CONTEXT(2) 
PARAMETRIC_REPRESENTATION_CONTEXT() REPRESENTATION_CONTEXT('2D SPACE',''
  ) );
#2448 = PCURVE('',#2449,#2454);
#2449 = PLANE('',#2450);
#2450 = AXIS2_PLACEMENT_3D('',#2451,#2452,#2453);
#2451 = CARTESIAN_POINT('',(-12.31111111111,-18.66666666666,0.));
#2452 = DIRECTION('',(1.,0.,0.));
#2453 = DIRECTION('',(0.,0.,1.));
#2454 = DEFINITIONAL_REPRESENTATION('',(#2455),#2459);
#2455 = LINE('',#2456,#2457);
#2456 = CARTESIAN_POINT('',(30.,0.));
#2457 = VECTOR('',#2458,1.);
#2458 = DIRECTION('',(0.,-1.));
#2459 = ( GEOMETRIC_REPRESENTATION_CONTEXT(2) 
PARAMETRIC_REPRESENTATION_CONTEXT() REPRESENTATION_CONTEXT('2D SPACE',''
  ) );
#2460 = ORIENTED_EDGE('',*,*,#2461,.T.);
#2461 = EDGE_CURVE('',#2434,#2462,#2464,.T.);
#2462 = VERTEX_POINT('',#2463);
#2463 = CARTESIAN_POINT('',(-6.755555555556,5.955555555556,30.));
#2464 = SURFACE_CURVE('',#2465,(#2469,#2476),.PCURVE_S1.);
#2465 = LINE('',#2466,#2467);
#2466 = CARTESIAN_POINT('',(-18.66666666666,5.955555555556,30.));
#2467 = VECTOR('',#2468,1.);
#2468 = DIRECTION('',(1.,0.,0.));
#2469 = PCURVE('',#126,#2470);
#2470 = DEFINITIONAL_REPRESENTATION('',(#2471),#2475);
#2471 = LINE('',#2472,#2473);
#2472 = CARTESIAN_POINT('',(3.2,27.822222222222));
#2473 = VECTOR('',#2474,1.);
#2474 = DIRECTION('',(1.,0.));
#2475 = ( GEOMETRIC_REPRESENTATION_CONTEXT(2) 
PARAMETRIC_REPRESENTATION_CONTEXT() REPRESENTATION_CONTEXT('2D SPACE',''
  ) );
#2476 = PCURVE('',#2477,#2482);
#2477 = PLANE('',#2478);
#2478 = AXIS2_PLACEMENT_3D('',#2479,#2480,#2481);
#2479 = CARTESIAN_POINT('',(-18.66666666666,5.955555555556,0.));
#2480 = DIRECTION('',(0.,1.,0.));
#2481 = DIRECTION('',(0.,0.,1.));
#2482 = DEFINITIONAL_REPRESENTATION('',(#2483),#2487);
#2483 = LINE('',#2484,#2485);
#2484 = CARTESIAN_POINT('',(30.,0.));
#2485 = VECTOR('',#2486,1.);
#2486 = DIRECTION('',(0.,1.));
#2487 = ( GEOMETRIC_REPRESENTATION_CONTEXT(2) 
PARAMETRIC_REPRESENTATION_CONTEXT() REPRESENTATION_CONTEXT('2D SPACE',''
  ) );
#2488 = ORIENTED_EDGE('',*,*,#2489,.F.);
#2489 = EDGE_CURVE('',#2490,#2462,#2492,.T.);
#2490 = VERTEX_POINT('',#2491);
#2491 = CARTESIAN_POINT('',(-6.755555555556,0.4,30.));
#2492 = SURFACE_CURVE('',#2493,(#2497,#2504),.PCURVE_S1.);
#2493 = LINE('',#2494,#2495);
#2494 = CARTESIAN_POINT('',(-6.755555555556,-18.66666666666,30.));
#2495 = VECTOR('',#2496,1.);
#2496 = DIRECTION('',(0.,1.,0.));
#2497 = PCURVE('',#126,#2498);
#2498 = DEFINITIONAL_REPRESENTATION('',(#2499),#2503);
#2499 = LINE('',#2500,#2501);
#2500 = CARTESIAN_POINT('',(15.111111111111,3.2));
#2501 = VECTOR('',#2502,1.);
#2502 = DIRECTION('',(0.,1.));
#2503 = ( GEOMETRIC_REPRESENTATION_CONTEXT(2) 
PARAMETRIC_REPRESENTATION_CONTEXT() REPRESENTATION_CONTEXT('2D SPACE',''
  ) );
#2504 = PCURVE('',#2505,#2510);
#2505 = PLANE('',#2506);
#2506 = AXIS2_PLACEMENT_3D('',#2507,#2508,#2509);
#2507 = CARTESIAN_POINT('',(-6.755555555556,-18.66666666666,0.));
#2508 = DIRECTION('',(1.,0.,0.));
#2509 = DIRECTION('',(0.,0.,1.));
#2510 = DEFINITIONAL_REPRESENTATION('',(#2511),#2515);
#2511 = LINE('',#2512,#2513);
#2512 = CARTESIAN_POINT('',(30.,0.));
#2513 = VECTOR('',#2514,1.);
#2514 = DIRECTION('',(0.,-1.));
#2515 = ( GEOMETRIC_REPRESENTATION_CONTEXT(2) 
PARAMETRIC_REPRESENTATION_CONTEXT() REPRESENTATION_CONTEXT('2D SPACE',''
  ) );
#2516 = ORIENTED_EDGE('',*,*,#2517,.F.);
#2517 = EDGE_CURVE('',#2432,#2490,#2518,.T.);
#2518 = SURFACE_CURVE('',#2519,(#2523,#2530),.PCURVE_S1.);
#2519 = LINE('',#2520,#2521);
#2520 = CARTESIAN_POINT('',(-18.66666666666,0.4,30.));
#2521 = VECTOR('',#2522,1.);
#2522 = DIRECTION('',(1.,0.,0.));
#2523 = PCURVE('',#126,#2524);
#2524 = DEFINITIONAL_REPRESENTATION('',(#2525),#2529);
#2525 = LINE('',#2526,#2527);
#2526 = CARTESIAN_POINT('',(3.2,22.266666666667));
#2527 = VECTOR('',#2528,1.);
#2528 = DIRECTION('',(1.,0.));
#2529 = ( GEOMETRIC_REPRESENTATION_CONTEXT(2) 
PARAMETRIC_REPRESENTATION_CONTEXT() REPRESENTATION_CONTEXT('2D SPACE',''
  ) );
#2530 = PCURVE('',#2531,#2536);
#2531 = PLANE('',#2532);
#2532 = AXIS2_PLACEMENT_3D('',#2533,#2534,#2535);
#2533 = CARTESIAN_POINT('',(-18.66666666666,0.4,0.));
#2534 = DIRECTION('',(0.,1.,0.));
#2535 = DIRECTION('',(0.,0.,1.));
#2536 = DEFINITIONAL_REPRESENTATION('',(#2537),#2541);
#2537 = LINE('',#2538,#2539);
#2538 = CARTESIAN_POINT('',(30.,0.));
#2539 = VECTOR('',#2540,1.);
#2540 = DIRECTION('',(0.,1.));
#2541 = ( GEOMETRIC_REPRESENTATION_CONTEXT(2) 
PARAMETRIC_REPRESENTATION_CONTEXT() REPRESENTATION_CONTEXT('2D SPACE',''
  ) );
#2542 = FACE_BOUND('',#2543,.T.);
#2543 = EDGE_LOOP('',(#2544,#2574,#2602,#2630));
#2544 = ORIENTED_EDGE('',*,*,#2545,.T.);
#2545 = EDGE_CURVE('',#2546,#2548,#2550,.T.);
#2546 = VERTEX_POINT('',#2547);
#2547 = CARTESIAN_POINT('',(-5.955555555556,0.4,30.));
#2548 = VERTEX_POINT('',#2549);
#2549 = CARTESIAN_POINT('',(-5.955555555556,5.955555555556,30.));
#2550 = SURFACE_CURVE('',#2551,(#2555,#2562),.PCURVE_S1.);
#2551 = LINE('',#2552,#2553);
#2552 = CARTESIAN_POINT('',(-5.955555555556,-18.66666666666,30.));
#2553 = VECTOR('',#2554,1.);
#2554 = DIRECTION('',(0.,1.,0.));
#2555 = PCURVE('',#126,#2556);
#2556 = DEFINITIONAL_REPRESENTATION('',(#2557),#2561);
#2557 = LINE('',#2558,#2559);
#2558 = CARTESIAN_POINT('',(15.911111111111,3.2));
#2559 = VECTOR('',#2560,1.);
#2560 = DIRECTION('',(0.,1.));
#2561 = ( GEOMETRIC_REPRESENTATION_CONTEXT(2) 
PARAMETRIC_REPRESENTATION_CONTEXT() REPRESENTATION_CONTEXT('2D SPACE',''
  ) );
#2562 = PCURVE('',#2563,#2568);
#2563 = PLANE('',#2564);
#2564 = AXIS2_PLACEMENT_3D('',#2565,#2566,#2567);
#2565 = CARTESIAN_POINT('',(-5.955555555556,-18.66666666666,0.));
#2566 = DIRECTION('',(1.,0.,0.));
#2567 = DIRECTION('',(0.,0.,1.));
#2568 = DEFINITIONAL_REPRESENTATION('',(#2569),#2573);
#2569 = LINE('',#2570,#2571);
#2570 = CARTESIAN_POINT('',(30.,0.));
#2571 = VECTOR('',#2572,1.);
#2572 = DIRECTION('',(0.,-1.));
#2573 = ( GEOMETRIC_REPRESENTATION_CONTEXT(2) 
PARAMETRIC_REPRESENTATION_CONTEXT() REPRESENTATION_CONTEXT('2D SPACE',''
  ) );
#2574 = ORIENTED_EDGE('',*,*,#2575,.T.);
#2575 = EDGE_CURVE('',#2548,#2576,#2578,.T.);
#2576 = VERTEX_POINT('',#2577);
#2577 = CARTESIAN_POINT('',(-0.4,5.955555555556,30.));
#2578 = SURFACE_CURVE('',#2579,(#2583,#2590),.PCURVE_S1.);
#2579 = LINE('',#2580,#2581);
#2580 = CARTESIAN_POINT('',(-18.66666666666,5.955555555556,30.));
#2581 = VECTOR('',#2582,1.);
#2582 = DIRECTION('',(1.,0.,0.));
#2583 = PCURVE('',#126,#2584);
#2584 = DEFINITIONAL_REPRESENTATION('',(#2585),#2589);
#2585 = LINE('',#2586,#2587);
#2586 = CARTESIAN_POINT('',(3.2,27.822222222222));
#2587 = VECTOR('',#2588,1.);
#2588 = DIRECTION('',(1.,0.));
#2589 = ( GEOMETRIC_REPRESENTATION_CONTEXT(2) 
PARAMETRIC_REPRESENTATION_CONTEXT() REPRESENTATION_CONTEXT('2D SPACE',''
  ) );
#2590 = PCURVE('',#2591,#2596);
#2591 = PLANE('',#2592);
#2592 = AXIS2_PLACEMENT_3D('',#2593,#2594,#2595);
#2593 = CARTESIAN_POINT('',(-18.66666666666,5.955555555556,0.));
#2594 = DIRECTION('',(0.,1.,0.));
#2595 = DIRECTION('',(0.,0.,1.));
#2596 = DEFINITIONAL_REPRESENTATION('',(#2597),#2601);
#2597 = LINE('',#2598,#2599);
#2598 = CARTESIAN_POINT('',(30.,0.));
#2599 = VECTOR('',#2600,1.);
#2600 = DIRECTION('',(0.,1.));
#2601 = ( GEOMETRIC_REPRESENTATION_CONTEXT(2) 
PARAMETRIC_REPRESENTATION_CONTEXT() REPRESENTATION_CONTEXT('2D SPACE',''
  ) );
#2602 = ORIENTED_EDGE('',*,*,#2603,.F.);
#2603 = EDGE_CURVE('',#2604,#2576,#2606,.T.);
#2604 = VERTEX_POINT('',#2605);
#2605 = CARTESIAN_POINT('',(-0.4,0.4,30.));
#2606 = SURFACE_CURVE('',#2607,(#2611,#2618),.PCURVE_S1.);
#2607 = LINE('',#2608,#2609);
#2608 = CARTESIAN_POINT('',(-0.4,-18.66666666666,30.));
#2609 = VECTOR('',#2610,1.);
#2610 = DIRECTION('',(0.,1.,0.));
#2611 = PCURVE('',#126,#2612);
#2612 = DEFINITIONAL_REPRESENTATION('',(#2613),#2617);
#2613 = LINE('',#2614,#2615);
#2614 = CARTESIAN_POINT('',(21.466666666667,3.2));
#2615 = VECTOR('',#2616,1.);
#2616 = DIRECTION('',(0.,1.));
#2617 = ( GEOMETRIC_REPRESENTATION_CONTEXT(2) 
PARAMETRIC_REPRESENTATION_CONTEXT() REPRESENTATION_CONTEXT('2D SPACE',''
  ) );
#2618 = PCURVE('',#2619,#2624);
#2619 = PLANE('',#2620);
#2620 = AXIS2_PLACEMENT_3D('',#2621,#2622,#2623);
#2621 = CARTESIAN_POINT('',(-0.4,-18.66666666666,0.));
#2622 = DIRECTION('',(1.,0.,0.));
#2623 = DIRECTION('',(0.,0.,1.));
#2624 = DEFINITIONAL_REPRESENTATION('',(#2625),#2629);
#2625 = LINE('',#2626,#2627);
#2626 = CARTESIAN_POINT('',(30.,0.));
#2627 = VECTOR('',#2628,1.);
#2628 = DIRECTION('',(0.,-1.));
#2629 = ( GEOMETRIC_REPRESENTATION_CONTEXT(2) 
PARAMETRIC_REPRESENTATION_CONTEXT() REPRESENTATION_CONTEXT('2D SPACE',''
  ) );
#2630 = ORIENTED_EDGE('',*,*,#2631,.F.);
#2631 = EDGE_CURVE('',#2546,#2604,#2632,.T.);
#2632 = SURFACE_CURVE('',#2633,(#2637,#2644),.PCURVE_S1.);
#2633 = LINE('',#2634,#2635);
#2634 = CARTESIAN_POINT('',(-18.66666666666,0.4,30.));
#2635 = VECTOR('',#2636,1.);
#2636 = DIRECTION('',(1.,0.,0.));
#2637 = PCURVE('',#126,#2638);
#2638 = DEFINITIONAL_REPRESENTATION('',(#2639),#2643);
#2639 = LINE('',#2640,#2641);
#2640 = CARTESIAN_POINT('',(3.2,22.266666666667));
#2641 = VECTOR('',#2642,1.);
#2642 = DIRECTION('',(1.,0.));
#2643 = ( GEOMETRIC_REPRESENTATION_CONTEXT(2) 
PARAMETRIC_REPRESENTATION_CONTEXT() REPRESENTATION_CONTEXT('2D SPACE',''
  ) );
#2644 = PCURVE('',#2645,#2650);
#2645 = PLANE('',#2646);
#2646 = AXIS2_PLACEMENT_3D('',#2647,#2648,#2649);
#2647 = CARTESIAN_POINT('',(-18.66666666666,0.4,0.));
#2648 = DIRECTION('',(0.,1.,0.));
#2649 = DIRECTION('',(0.,0.,1.));
#2650 = DEFINITIONAL_REPRESENTATION('',(#2651),#2655);
#2651 = LINE('',#2652,#2653);
#2652 = CARTESIAN_POINT('',(30.,0.));
#2653 = VECTOR('',#2654,1.);
#2654 = DIRECTION('',(0.,1.));
#2655 = ( GEOMETRIC_REPRESENTATION_CONTEXT(2) 
PARAMETRIC_REPRESENTATION_CONTEXT() REPRESENTATION_CONTEXT('2D SPACE',''
  ) );
#2656 = FACE_BOUND('',#2657,.T.);
#2657 = EDGE_LOOP('',(#2658,#2688,#2716,#2744));
#2658 = ORIENTED_EDGE('',*,*,#2659,.T.);
#2659 = EDGE_CURVE('',#2660,#2662,#2664,.T.);
#2660 = VERTEX_POINT('',#2661);
#2661 = CARTESIAN_POINT('',(0.4,0.4,30.));
#2662 = VERTEX_POINT('',#2663);
#2663 = CARTESIAN_POINT('',(0.4,5.955555555556,30.));
#2664 = SURFACE_CURVE('',#2665,(#2669,#2676),.PCURVE_S1.);
#2665 = LINE('',#2666,#2667);
#2666 = CARTESIAN_POINT('',(0.4,-18.66666666666,30.));
#2667 = VECTOR('',#2668,1.);
#2668 = DIRECTION('',(0.,1.,0.));
#2669 = PCURVE('',#126,#2670);
#2670 = DEFINITIONAL_REPRESENTATION('',(#2671),#2675);
#2671 = LINE('',#2672,#2673);
#2672 = CARTESIAN_POINT('',(22.266666666667,3.2));
#2673 = VECTOR('',#2674,1.);
#2674 = DIRECTION('',(0.,1.));
#2675 = ( GEOMETRIC_REPRESENTATION_CONTEXT(2) 
PARAMETRIC_REPRESENTATION_CONTEXT() REPRESENTATION_CONTEXT('2D SPACE',''
  ) );
#2676 = PCURVE('',#2677,#2682);
#2677 = PLANE('',#2678);
#2678 = AXIS2_PLACEMENT_3D('',#2679,#2680,#2681);
#2679 = CARTESIAN_POINT('',(0.4,-18.66666666666,0.));
#2680 = DIRECTION('',(1.,0.,0.));
#2681 = DIRECTION('',(0.,0.,1.));
#2682 = DEFINITIONAL_REPRESENTATION('',(#2683),#2687);
#2683 = LINE('',#2684,#2685);
#2684 = CARTESIAN_POINT('',(30.,0.));
#2685 = VECTOR('',#2686,1.);
#2686 = DIRECTION('',(0.,-1.));
#2687 = ( GEOMETRIC_REPRESENTATION_CONTEXT(2) 
PARAMETRIC_REPRESENTATION_CONTEXT() REPRESENTATION_CONTEXT('2D SPACE',''
  ) );
#2688 = ORIENTED_EDGE('',*,*,#2689,.T.);
#2689 = EDGE_CURVE('',#2662,#2690,#2692,.T.);
#2690 = VERTEX_POINT('',#2691);
#2691 = CARTESIAN_POINT('',(5.955555555556,5.955555555556,30.));
#2692 = SURFACE_CURVE('',#2693,(#2697,#2704),.PCURVE_S1.);
#2693 = LINE('',#2694,#2695);
#2694 = CARTESIAN_POINT('',(-18.66666666666,5.955555555556,30.));
#2695 = VECTOR('',#2696,1.);
#2696 = DIRECTION('',(1.,0.,0.));
#2697 = PCURVE('',#126,#2698);
#2698 = DEFINITIONAL_REPRESENTATION('',(#2699),#2703);
#2699 = LINE('',#2700,#2701);
#2700 = CARTESIAN_POINT('',(3.2,27.822222222222));
#2701 = VECTOR('',#2702,1.);
#2702 = DIRECTION('',(1.,0.));
#2703 = ( GEOMETRIC_REPRESENTATION_CONTEXT(2) 
PARAMETRIC_REPRESENTATION_CONTEXT() REPRESENTATION_CONTEXT('2D SPACE',''
  ) );
#2704 = PCURVE('',#2705,#2710);
#2705 = PLANE('',#2706);
#2706 = AXIS2_PLACEMENT_3D('',#2707,#2708,#2709);
#2707 = CARTESIAN_POINT('',(-18.66666666666,5.955555555556,0.));
#2708 = DIRECTION('',(0.,1.,0.));
#2709 = DIRECTION('',(0.,0.,1.));
#2710 = DEFINITIONAL_REPRESENTATION('',(#2711),#2715);
#2711 = LINE('',#2712,#2713);
#2712 = CARTESIAN_POINT('',(30.,0.));
#2713 = VECTOR('',#2714,1.);
#2714 = DIRECTION('',(0.,1.));
#2715 = ( GEOMETRIC_REPRESENTATION_CONTEXT(2) 
PARAMETRIC_REPRESENTATION_CONTEXT() REPRESENTATION_CONTEXT('2D SPACE',''
  ) );
#2716 = ORIENTED_EDGE('',*,*,#2717,.F.);
#2717 = EDGE_CURVE('',#2718,#2690,#2720,.T.);
#2718 = VERTEX_POINT('',#2719);
#2719 = CARTESIAN_POINT('',(5.955555555556,0.4,30.));
#2720 = SURFACE_CURVE('',#2721,(#2725,#2732),.PCURVE_S1.);
#2721 = LINE('',#2722,#2723);
#2722 = CARTESIAN_POINT('',(5.955555555556,-18.66666666666,30.));
#2723 = VECTOR('',#2724,1.);
#2724 = DIRECTION('',(0.,1.,0.));
#2725 = PCURVE('',#126,#2726);
#2726 = DEFINITIONAL_REPRESENTATION('',(#2727),#2731);
#2727 = LINE('',#2728,#2729);
#2728 = CARTESIAN_POINT('',(27.822222222222,3.2));
#2729 = VECTOR('',#2730,1.);
#2730 = DIRECTION('',(0.,1.));
#2731 = ( GEOMETRIC_REPRESENTATION_CONTEXT(2) 
PARAMETRIC_REPRESENTATION_CONTEXT() REPRESENTATION_CONTEXT('2D SPACE',''
  ) );
#2732 = PCURVE('',#2733,#2738);
#2733 = PLANE('',#2734);
#2734 = AXIS2_PLACEMENT_3D('',#2735,#2736,#2737);
#2735 = CARTESIAN_POINT('',(5.955555555556,-18.66666666666,0.));
#2736 = DIRECTION('',(1.,0.,0.));
#2737 = DIRECTION('',(0.,0.,1.));
#2738 = DEFINITIONAL_REPRESENTATION('',(#2739),#2743);
#2739 = LINE('',#2740,#2741);
#2740 = CARTESIAN_POINT('',(30.,0.));
#2741 = VECTOR('',#2742,1.);
#2742 = DIRECTION('',(0.,-1.));
#2743 = ( GEOMETRIC_REPRESENTATION_CONTEXT(2) 
PARAMETRIC_REPRESENTATION_CONTEXT() REPRESENTATION_CONTEXT('2D SPACE',''
  ) );
#2744 = ORIENTED_EDGE('',*,*,#2745,.F.);
#2745 = EDGE_CURVE('',#2660,#2718,#2746,.T.);
#2746 = SURFACE_CURVE('',#2747,(#2751,#2758),.PCURVE_S1.);
#2747 = LINE('',#2748,#2749);
#2748 = CARTESIAN_POINT('',(-18.66666666666,0.4,30.));
#2749 = VECTOR('',#2750,1.);
#2750 = DIRECTION('',(1.,0.,0.));
#2751 = PCURVE('',#126,#2752);
#2752 = DEFINITIONAL_REPRESENTATION('',(#2753),#2757);
#2753 = LINE('',#2754,#2755);
#2754 = CARTESIAN_POINT('',(3.2,22.266666666667));
#2755 = VECTOR('',#2756,1.);
#2756 = DIRECTION('',(1.,0.));
#2757 = ( GEOMETRIC_REPRESENTATION_CONTEXT(2) 
PARAMETRIC_REPRESENTATION_CONTEXT() REPRESENTATION_CONTEXT('2D SPACE',''
  ) );
#2758 = PCURVE('',#2759,#2764);
#2759 = PLANE('',#2760);
#2760 = AXIS2_PLACEMENT_3D('',#2761,#2762,#2763);
#2761 = CARTESIAN_POINT('',(-18.66666666666,0.4,0.));
#2762 = DIRECTION('',(0.,1.,0.));
#2763 = DIRECTION('',(0.,0.,1.));
#2764 = DEFINITIONAL_REPRESENTATION('',(#2765),#2769);
#2765 = LINE('',#2766,#2767);
#2766 = CARTESIAN_POINT('',(30.,0.));
#2767 = VECTOR('',#2768,1.);
#2768 = DIRECTION('',(0.,1.));
#2769 = ( GEOMETRIC_REPRESENTATION_CONTEXT(2) 
PARAMETRIC_REPRESENTATION_CONTEXT() REPRESENTATION_CONTEXT('2D SPACE',''
  ) );
#2770 = FACE_BOUND('',#2771,.T.);
#2771 = EDGE_LOOP('',(#2772,#2802,#2830,#2858));
#2772 = ORIENTED_EDGE('',*,*,#2773,.T.);
#2773 = EDGE_CURVE('',#2774,#2776,#2778,.T.);
#2774 = VERTEX_POINT('',#2775);
#2775 = CARTESIAN_POINT('',(6.755555555556,0.4,30.));
#2776 = VERTEX_POINT('',#2777);
#2777 = CARTESIAN_POINT('',(6.755555555556,5.955555555556,30.));
#2778 = SURFACE_CURVE('',#2779,(#2783,#2790),.PCURVE_S1.);
#2779 = LINE('',#2780,#2781);
#2780 = CARTESIAN_POINT('',(6.755555555556,-18.66666666666,30.));
#2781 = VECTOR('',#2782,1.);
#2782 = DIRECTION('',(0.,1.,0.));
#2783 = PCURVE('',#126,#2784);
#2784 = DEFINITIONAL_REPRESENTATION('',(#2785),#2789);
#2785 = LINE('',#2786,#2787);
#2786 = CARTESIAN_POINT('',(28.622222222222,3.2));
#2787 = VECTOR('',#2788,1.);
#2788 = DIRECTION('',(0.,1.));
#2789 = ( GEOMETRIC_REPRESENTATION_CONTEXT(2) 
PARAMETRIC_REPRESENTATION_CONTEXT() REPRESENTATION_CONTEXT('2D SPACE',''
  ) );
#2790 = PCURVE('',#2791,#2796);
#2791 = PLANE('',#2792);
#2792 = AXIS2_PLACEMENT_3D('',#2793,#2794,#2795);
#2793 = CARTESIAN_POINT('',(6.755555555556,-18.66666666666,0.));
#2794 = DIRECTION('',(1.,0.,0.));
#2795 = DIRECTION('',(0.,0.,1.));
#2796 = DEFINITIONAL_REPRESENTATION('',(#2797),#2801);
#2797 = LINE('',#2798,#2799);
#2798 = CARTESIAN_POINT('',(30.,0.));
#2799 = VECTOR('',#2800,1.);
#2800 = DIRECTION('',(0.,-1.));
#2801 = ( GEOMETRIC_REPRESENTATION_CONTEXT(2) 
PARAMETRIC_REPRESENTATION_CONTEXT() REPRESENTATION_CONTEXT('2D SPACE',''
  ) );
#2802 = ORIENTED_EDGE('',*,*,#2803,.T.);
#2803 = EDGE_CURVE('',#2776,#2804,#2806,.T.);
#2804 = VERTEX_POINT('',#2805);
#2805 = CARTESIAN_POINT('',(12.311111111111,5.955555555556,30.));
#2806 = SURFACE_CURVE('',#2807,(#2811,#2818),.PCURVE_S1.);
#2807 = LINE('',#2808,#2809);
#2808 = CARTESIAN_POINT('',(-18.66666666666,5.955555555556,30.));
#2809 = VECTOR('',#2810,1.);
#2810 = DIRECTION('',(1.,0.,0.));
#2811 = PCURVE('',#126,#2812);
#2812 = DEFINITIONAL_REPRESENTATION('',(#2813),#2817);
#2813 = LINE('',#2814,#2815);
#2814 = CARTESIAN_POINT('',(3.2,27.822222222222));
#2815 = VECTOR('',#2816,1.);
#2816 = DIRECTION('',(1.,0.));
#2817 = ( GEOMETRIC_REPRESENTATION_CONTEXT(2) 
PARAMETRIC_REPRESENTATION_CONTEXT() REPRESENTATION_CONTEXT('2D SPACE',''
  ) );
#2818 = PCURVE('',#2819,#2824);
#2819 = PLANE('',#2820);
#2820 = AXIS2_PLACEMENT_3D('',#2821,#2822,#2823);
#2821 = CARTESIAN_POINT('',(-18.66666666666,5.955555555556,0.));
#2822 = DIRECTION('',(0.,1.,0.));
#2823 = DIRECTION('',(0.,0.,1.));
#2824 = DEFINITIONAL_REPRESENTATION('',(#2825),#2829);
#2825 = LINE('',#2826,#2827);
#2826 = CARTESIAN_POINT('',(30.,0.));
#2827 = VECTOR('',#2828,1.);
#2828 = DIRECTION('',(0.,1.));
#2829 = ( GEOMETRIC_REPRESENTATION_CONTEXT(2) 
PARAMETRIC_REPRESENTATION_CONTEXT() REPRESENTATION_CONTEXT('2D SPACE',''
  ) );
#2830 = ORIENTED_EDGE('',*,*,#2831,.F.);
#2831 = EDGE_CURVE('',#2832,#2804,#2834,.T.);
#2832 = VERTEX_POINT('',#2833);
#2833 = CARTESIAN_POINT('',(12.311111111111,0.4,30.));
#2834 = SURFACE_CURVE('',#2835,(#2839,#2846),.PCURVE_S1.);
#2835 = LINE('',#2836,#2837);
#2836 = CARTESIAN_POINT('',(12.311111111111,-18.66666666666,30.));
#2837 = VECTOR('',#2838,1.);
#2838 = DIRECTION('',(0.,1.,0.));
#2839 = PCURVE('',#126,#2840);
#2840 = DEFINITIONAL_REPRESENTATION('',(#2841),#2845);
#2841 = LINE('',#2842,#2843);
#2842 = CARTESIAN_POINT('',(34.177777777778,3.2));
#2843 = VECTOR('',#2844,1.);
#2844 = DIRECTION('',(0.,1.));
#2845 = ( GEOMETRIC_REPRESENTATION_CONTEXT(2) 
PARAMETRIC_REPRESENTATION_CONTEXT() REPRESENTATION_CONTEXT('2D SPACE',''
  ) );
#2846 = PCURVE('',#2847,#2852);
#2847 = PLANE('',#2848);
#2848 = AXIS2_PLACEMENT_3D('',#2849,#2850,#2851);
#2849 = CARTESIAN_POINT('',(12.311111111111,-18.66666666666,0.));
#2850 = DIRECTION('',(1.,0.,0.));
#2851 = DIRECTION('',(0.,0.,1.));
#2852 = DEFINITIONAL_REPRESENTATION('',(#2853),#2857);
#2853 = LINE('',#2854,#2855);
#2854 = CARTESIAN_POINT('',(30.,0.));
#2855 = VECTOR('',#2856,1.);
#2856 = DIRECTION('',(0.,-1.));
#2857 = ( GEOMETRIC_REPRESENTATION_CONTEXT(2) 
PARAMETRIC_REPRESENTATION_CONTEXT() REPRESENTATION_CONTEXT('2D SPACE',''
  ) );
#2858 = ORIENTED_EDGE('',*,*,#2859,.F.);
#2859 = EDGE_CURVE('',#2774,#2832,#2860,.T.);
#2860 = SURFACE_CURVE('',#2861,(#2865,#2872),.PCURVE_S1.);
#2861 = LINE('',#2862,#2863);
#2862 = CARTESIAN_POINT('',(-18.66666666666,0.4,30.));
#2863 = VECTOR('',#2864,1.);
#2864 = DIRECTION('',(1.,0.,0.));
#2865 = PCURVE('',#126,#2866);
#2866 = DEFINITIONAL_REPRESENTATION('',(#2867),#2871);
#2867 = LINE('',#2868,#2869);
#2868 = CARTESIAN_POINT('',(3.2,22.266666666667));
#2869 = VECTOR('',#2870,1.);
#2870 = DIRECTION('',(1.,0.));
#2871 = ( GEOMETRIC_REPRESENTATION_CONTEXT(2) 
PARAMETRIC_REPRESENTATION_CONTEXT() REPRESENTATION_CONTEXT('2D SPACE',''
  ) );
#2872 = PCURVE('',#2873,#2878);
#2873 = PLANE('',#2874);
#2874 = AXIS2_PLACEMENT_3D('',#2875,#2876,#2877);
#2875 = CARTESIAN_POINT('',(-18.66666666666,0.4,0.));
#2876 = DIRECTION('',(0.,1.,0.));
#2877 = DIRECTION('',(0.,0.,1.));
#2878 = DEFINITIONAL_REPRESENTATION('',(#2879),#2883);
#2879 = LINE('',#2880,#2881);
#2880 = CARTESIAN_POINT('',(30.,0.));
#2881 = VECTOR('',#2882,1.);
#2882 = DIRECTION('',(0.,1.));
#2883 = ( GEOMETRIC_REPRESENTATION_CONTEXT(2) 
PARAMETRIC_REPRESENTATION_CONTEXT() REPRESENTATION_CONTEXT('2D SPACE',''
  ) );
#2884 = FACE_BOUND('',#2885,.T.);
#2885 = EDGE_LOOP('',(#2886,#2916,#2944,#2972));
#2886 = ORIENTED_EDGE('',*,*,#2887,.F.);
#2887 = EDGE_CURVE('',#2888,#2890,#2892,.T.);
#2888 = VERTEX_POINT('',#2889);
#2889 = CARTESIAN_POINT('',(18.666666666667,0.4,30.));
#2890 = VERTEX_POINT('',#2891);
#2891 = CARTESIAN_POINT('',(18.666666666667,5.955555555556,30.));
#2892 = SURFACE_CURVE('',#2893,(#2897,#2904),.PCURVE_S1.);
#2893 = LINE('',#2894,#2895);
#2894 = CARTESIAN_POINT('',(18.666666666667,-18.66666666666,30.));
#2895 = VECTOR('',#2896,1.);
#2896 = DIRECTION('',(0.,1.,0.));
#2897 = PCURVE('',#126,#2898);
#2898 = DEFINITIONAL_REPRESENTATION('',(#2899),#2903);
#2899 = LINE('',#2900,#2901);
#2900 = CARTESIAN_POINT('',(40.533333333333,3.2));
#2901 = VECTOR('',#2902,1.);
#2902 = DIRECTION('',(0.,1.));
#2903 = ( GEOMETRIC_REPRESENTATION_CONTEXT(2) 
PARAMETRIC_REPRESENTATION_CONTEXT() REPRESENTATION_CONTEXT('2D SPACE',''
  ) );
#2904 = PCURVE('',#2905,#2910);
#2905 = PLANE('',#2906);
#2906 = AXIS2_PLACEMENT_3D('',#2907,#2908,#2909);
#2907 = CARTESIAN_POINT('',(18.666666666667,-18.66666666666,0.));
#2908 = DIRECTION('',(1.,0.,0.));
#2909 = DIRECTION('',(0.,0.,1.));
#2910 = DEFINITIONAL_REPRESENTATION('',(#2911),#2915);
#2911 = LINE('',#2912,#2913);
#2912 = CARTESIAN_POINT('',(30.,0.));
#2913 = VECTOR('',#2914,1.);
#2914 = DIRECTION('',(0.,-1.));
#2915 = ( GEOMETRIC_REPRESENTATION_CONTEXT(2) 
PARAMETRIC_REPRESENTATION_CONTEXT() REPRESENTATION_CONTEXT('2D SPACE',''
  ) );
#2916 = ORIENTED_EDGE('',*,*,#2917,.F.);
#2917 = EDGE_CURVE('',#2918,#2888,#2920,.T.);
#2918 = VERTEX_POINT('',#2919);
#2919 = CARTESIAN_POINT('',(13.111111111111,0.4,30.));
#2920 = SURFACE_CURVE('',#2921,(#2925,#2932),.PCURVE_S1.);
#2921 = LINE('',#2922,#2923);
#2922 = CARTESIAN_POINT('',(-18.66666666666,0.4,30.));
#2923 = VECTOR('',#2924,1.);
#2924 = DIRECTION('',(1.,0.,0.));
#2925 = PCURVE('',#126,#2926);
#2926 = DEFINITIONAL_REPRESENTATION('',(#2927),#2931);
#2927 = LINE('',#2928,#2929);
#2928 = CARTESIAN_POINT('',(3.2,22.266666666667));
#2929 = VECTOR('',#2930,1.);
#2930 = DIRECTION('',(1.,0.));
#2931 = ( GEOMETRIC_REPRESENTATION_CONTEXT(2) 
PARAMETRIC_REPRESENTATION_CONTEXT() REPRESENTATION_CONTEXT('2D SPACE',''
  ) );
#2932 = PCURVE('',#2933,#2938);
#2933 = PLANE('',#2934);
#2934 = AXIS2_PLACEMENT_3D('',#2935,#2936,#2937);
#2935 = CARTESIAN_POINT('',(-18.66666666666,0.4,0.));
#2936 = DIRECTION('',(0.,1.,0.));
#2937 = DIRECTION('',(0.,0.,1.));
#2938 = DEFINITIONAL_REPRESENTATION('',(#2939),#2943);
#2939 = LINE('',#2940,#2941);
#2940 = CARTESIAN_POINT('',(30.,0.));
#2941 = VECTOR('',#2942,1.);
#2942 = DIRECTION('',(0.,1.));
#2943 = ( GEOMETRIC_REPRESENTATION_CONTEXT(2) 
PARAMETRIC_REPRESENTATION_CONTEXT() REPRESENTATION_CONTEXT('2D SPACE',''
  ) );
#2944 = ORIENTED_EDGE('',*,*,#2945,.T.);
#2945 = EDGE_CURVE('',#2918,#2946,#2948,.T.);
#2946 = VERTEX_POINT('',#2947);
#2947 = CARTESIAN_POINT('',(13.111111111111,5.955555555556,30.));
#2948 = SURFACE_CURVE('',#2949,(#2953,#2960),.PCURVE_S1.);
#2949 = LINE('',#2950,#2951);
#2950 = CARTESIAN_POINT('',(13.111111111111,-18.66666666666,30.));
#2951 = VECTOR('',#2952,1.);
#2952 = DIRECTION('',(0.,1.,0.));
#2953 = PCURVE('',#126,#2954);
#2954 = DEFINITIONAL_REPRESENTATION('',(#2955),#2959);
#2955 = LINE('',#2956,#2957);
#2956 = CARTESIAN_POINT('',(34.977777777778,3.2));
#2957 = VECTOR('',#2958,1.);
#2958 = DIRECTION('',(0.,1.));
#2959 = ( GEOMETRIC_REPRESENTATION_CONTEXT(2) 
PARAMETRIC_REPRESENTATION_CONTEXT() REPRESENTATION_CONTEXT('2D SPACE',''
  ) );
#2960 = PCURVE('',#2961,#2966);
#2961 = PLANE('',#2962);
#2962 = AXIS2_PLACEMENT_3D('',#2963,#2964,#2965);
#2963 = CARTESIAN_POINT('',(13.111111111111,-18.66666666666,0.));
#2964 = DIRECTION('',(1.,0.,0.));
#2965 = DIRECTION('',(0.,0.,1.));
#2966 = DEFINITIONAL_REPRESENTATION('',(#2967),#2971);
#2967 = LINE('',#2968,#2969);
#2968 = CARTESIAN_POINT('',(30.,0.));
#2969 = VECTOR('',#2970,1.);
#2970 = DIRECTION('',(0.,-1.));
#2971 = ( GEOMETRIC_REPRESENTATION_CONTEXT(2) 
PARAMETRIC_REPRESENTATION_CONTEXT() REPRESENTATION_CONTEXT('2D SPACE',''
  ) );
#2972 = ORIENTED_EDGE('',*,*,#2973,.T.);
#2973 = EDGE_CURVE('',#2946,#2890,#2974,.T.);
#2974 = SURFACE_CURVE('',#2975,(#2979,#2986),.PCURVE_S1.);
#2975 = LINE('',#2976,#2977);
#2976 = CARTESIAN_POINT('',(-18.66666666666,5.955555555556,30.));
#2977 = VECTOR('',#2978,1.);
#2978 = DIRECTION('',(1.,0.,0.));
#2979 = PCURVE('',#126,#2980);
#2980 = DEFINITIONAL_REPRESENTATION('',(#2981),#2985);
#2981 = LINE('',#2982,#2983);
#2982 = CARTESIAN_POINT('',(3.2,27.822222222222));
#2983 = VECTOR('',#2984,1.);
#2984 = DIRECTION('',(1.,0.));
#2985 = ( GEOMETRIC_REPRESENTATION_CONTEXT(2) 
PARAMETRIC_REPRESENTATION_CONTEXT() REPRESENTATION_CONTEXT('2D SPACE',''
  ) );
#2986 = PCURVE('',#2987,#2992);
#2987 = PLANE('',#2988);
#2988 = AXIS2_PLACEMENT_3D('',#2989,#2990,#2991);
#2989 = CARTESIAN_POINT('',(-18.66666666666,5.955555555556,0.));
#2990 = DIRECTION('',(0.,1.,0.));
#2991 = DIRECTION('',(0.,0.,1.));
#2992 = DEFINITIONAL_REPRESENTATION('',(#2993),#2997);
#2993 = LINE('',#2994,#2995);
#2994 = CARTESIAN_POINT('',(30.,0.));
#2995 = VECTOR('',#2996,1.);
#2996 = DIRECTION('',(0.,1.));
#2997 = ( GEOMETRIC_REPRESENTATION_CONTEXT(2) 
PARAMETRIC_REPRESENTATION_CONTEXT() REPRESENTATION_CONTEXT('2D SPACE',''
  ) );
#2998 = FACE_BOUND('',#2999,.T.);
#2999 = EDGE_LOOP('',(#3000,#3030,#3058,#3086));
#3000 = ORIENTED_EDGE('',*,*,#3001,.F.);
#3001 = EDGE_CURVE('',#3002,#3004,#3006,.T.);
#3002 = VERTEX_POINT('',#3003);
#3003 = CARTESIAN_POINT('',(18.666666666667,6.755555555556,30.));
#3004 = VERTEX_POINT('',#3005);
#3005 = CARTESIAN_POINT('',(18.666666666667,12.311111111111,30.));
#3006 = SURFACE_CURVE('',#3007,(#3011,#3018),.PCURVE_S1.);
#3007 = LINE('',#3008,#3009);
#3008 = CARTESIAN_POINT('',(18.666666666667,-18.66666666666,30.));
#3009 = VECTOR('',#3010,1.);
#3010 = DIRECTION('',(0.,1.,0.));
#3011 = PCURVE('',#126,#3012);
#3012 = DEFINITIONAL_REPRESENTATION('',(#3013),#3017);
#3013 = LINE('',#3014,#3015);
#3014 = CARTESIAN_POINT('',(40.533333333333,3.2));
#3015 = VECTOR('',#3016,1.);
#3016 = DIRECTION('',(0.,1.));
#3017 = ( GEOMETRIC_REPRESENTATION_CONTEXT(2) 
PARAMETRIC_REPRESENTATION_CONTEXT() REPRESENTATION_CONTEXT('2D SPACE',''
  ) );
#3018 = PCURVE('',#3019,#3024);
#3019 = PLANE('',#3020);
#3020 = AXIS2_PLACEMENT_3D('',#3021,#3022,#3023);
#3021 = CARTESIAN_POINT('',(18.666666666667,-18.66666666666,0.));
#3022 = DIRECTION('',(1.,0.,0.));
#3023 = DIRECTION('',(0.,0.,1.));
#3024 = DEFINITIONAL_REPRESENTATION('',(#3025),#3029);
#3025 = LINE('',#3026,#3027);
#3026 = CARTESIAN_POINT('',(30.,0.));
#3027 = VECTOR('',#3028,1.);
#3028 = DIRECTION('',(0.,-1.));
#3029 = ( GEOMETRIC_REPRESENTATION_CONTEXT(2) 
PARAMETRIC_REPRESENTATION_CONTEXT() REPRESENTATION_CONTEXT('2D SPACE',''
  ) );
#3030 = ORIENTED_EDGE('',*,*,#3031,.F.);
#3031 = EDGE_CURVE('',#3032,#3002,#3034,.T.);
#3032 = VERTEX_POINT('',#3033);
#3033 = CARTESIAN_POINT('',(13.111111111111,6.755555555556,30.));
#3034 = SURFACE_CURVE('',#3035,(#3039,#3046),.PCURVE_S1.);
#3035 = LINE('',#3036,#3037);
#3036 = CARTESIAN_POINT('',(-18.66666666666,6.755555555556,30.));
#3037 = VECTOR('',#3038,1.);
#3038 = DIRECTION('',(1.,0.,0.));
#3039 = PCURVE('',#126,#3040);
#3040 = DEFINITIONAL_REPRESENTATION('',(#3041),#3045);
#3041 = LINE('',#3042,#3043);
#3042 = CARTESIAN_POINT('',(3.2,28.622222222222));
#3043 = VECTOR('',#3044,1.);
#3044 = DIRECTION('',(1.,0.));
#3045 = ( GEOMETRIC_REPRESENTATION_CONTEXT(2) 
PARAMETRIC_REPRESENTATION_CONTEXT() REPRESENTATION_CONTEXT('2D SPACE',''
  ) );
#3046 = PCURVE('',#3047,#3052);
#3047 = PLANE('',#3048);
#3048 = AXIS2_PLACEMENT_3D('',#3049,#3050,#3051);
#3049 = CARTESIAN_POINT('',(-18.66666666666,6.755555555556,0.));
#3050 = DIRECTION('',(0.,1.,0.));
#3051 = DIRECTION('',(0.,0.,1.));
#3052 = DEFINITIONAL_REPRESENTATION('',(#3053),#3057);
#3053 = LINE('',#3054,#3055);
#3054 = CARTESIAN_POINT('',(30.,0.));
#3055 = VECTOR('',#3056,1.);
#3056 = DIRECTION('',(0.,1.));
#3057 = ( GEOMETRIC_REPRESENTATION_CONTEXT(2) 
PARAMETRIC_REPRESENTATION_CONTEXT() REPRESENTATION_CONTEXT('2D SPACE',''
  ) );
#3058 = ORIENTED_EDGE('',*,*,#3059,.T.);
#3059 = EDGE_CURVE('',#3032,#3060,#3062,.T.);
#3060 = VERTEX_POINT('',#3061);
#3061 = CARTESIAN_POINT('',(13.111111111111,12.311111111111,30.));
#3062 = SURFACE_CURVE('',#3063,(#3067,#3074),.PCURVE_S1.);
#3063 = LINE('',#3064,#3065);
#3064 = CARTESIAN_POINT('',(13.111111111111,-18.66666666666,30.));
#3065 = VECTOR('',#3066,1.);
#3066 = DIRECTION('',(0.,1.,0.));
#3067 = PCURVE('',#126,#3068);
#3068 = DEFINITIONAL_REPRESENTATION('',(#3069),#3073);
#3069 = LINE('',#3070,#3071);
#3070 = CARTESIAN_POINT('',(34.977777777778,3.2));
#3071 = VECTOR('',#3072,1.);
#3072 = DIRECTION('',(0.,1.));
#3073 = ( GEOMETRIC_REPRESENTATION_CONTEXT(2) 
PARAMETRIC_REPRESENTATION_CONTEXT() REPRESENTATION_CONTEXT('2D SPACE',''
  ) );
#3074 = PCURVE('',#3075,#3080);
#3075 = PLANE('',#3076);
#3076 = AXIS2_PLACEMENT_3D('',#3077,#3078,#3079);
#3077 = CARTESIAN_POINT('',(13.111111111111,-18.66666666666,0.));
#3078 = DIRECTION('',(1.,0.,0.));
#3079 = DIRECTION('',(0.,0.,1.));
#3080 = DEFINITIONAL_REPRESENTATION('',(#3081),#3085);
#3081 = LINE('',#3082,#3083);
#3082 = CARTESIAN_POINT('',(30.,0.));
#3083 = VECTOR('',#3084,1.);
#3084 = DIRECTION('',(0.,-1.));
#3085 = ( GEOMETRIC_REPRESENTATION_CONTEXT(2) 
PARAMETRIC_REPRESENTATION_CONTEXT() REPRESENTATION_CONTEXT('2D SPACE',''
  ) );
#3086 = ORIENTED_EDGE('',*,*,#3087,.T.);
#3087 = EDGE_CURVE('',#3060,#3004,#3088,.T.);
#3088 = SURFACE_CURVE('',#3089,(#3093,#3100),.PCURVE_S1.);
#3089 = LINE('',#3090,#3091);
#3090 = CARTESIAN_POINT('',(-18.66666666666,12.311111111111,30.));
#3091 = VECTOR('',#3092,1.);
#3092 = DIRECTION('',(1.,0.,0.));
#3093 = PCURVE('',#126,#3094);
#3094 = DEFINITIONAL_REPRESENTATION('',(#3095),#3099);
#3095 = LINE('',#3096,#3097);
#3096 = CARTESIAN_POINT('',(3.2,34.177777777778));
#3097 = VECTOR('',#3098,1.);
#3098 = DIRECTION('',(1.,0.));
#3099 = ( GEOMETRIC_REPRESENTATION_CONTEXT(2) 
PARAMETRIC_REPRESENTATION_CONTEXT() REPRESENTATION_CONTEXT('2D SPACE',''
  ) );
#3100 = PCURVE('',#3101,#3106);
#3101 = PLANE('',#3102);
#3102 = AXIS2_PLACEMENT_3D('',#3103,#3104,#3105);
#3103 = CARTESIAN_POINT('',(-18.66666666666,12.311111111111,0.));
#3104 = DIRECTION('',(0.,1.,0.));
#3105 = DIRECTION('',(0.,0.,1.));
#3106 = DEFINITIONAL_REPRESENTATION('',(#3107),#3111);
#3107 = LINE('',#3108,#3109);
#3108 = CARTESIAN_POINT('',(30.,0.));
#3109 = VECTOR('',#3110,1.);
#3110 = DIRECTION('',(0.,1.));
#3111 = ( GEOMETRIC_REPRESENTATION_CONTEXT(2) 
PARAMETRIC_REPRESENTATION_CONTEXT() REPRESENTATION_CONTEXT('2D SPACE',''
  ) );
#3112 = FACE_BOUND('',#3113,.T.);
#3113 = EDGE_LOOP('',(#3114,#3144,#3172,#3200));
#3114 = ORIENTED_EDGE('',*,*,#3115,.F.);
#3115 = EDGE_CURVE('',#3116,#3118,#3120,.T.);
#3116 = VERTEX_POINT('',#3117);
#3117 = CARTESIAN_POINT('',(18.666666666667,13.111111111111,30.));
#3118 = VERTEX_POINT('',#3119);
#3119 = CARTESIAN_POINT('',(18.666666666667,18.666666666667,30.));
#3120 = SURFACE_CURVE('',#3121,(#3125,#3132),.PCURVE_S1.);
#3121 = LINE('',#3122,#3123);
#3122 = CARTESIAN_POINT('',(18.666666666667,-18.66666666666,30.));
#3123 = VECTOR('',#3124,1.);
#3124 = DIRECTION('',(0.,1.,0.));
#3125 = PCURVE('',#126,#3126);
#3126 = DEFINITIONAL_REPRESENTATION('',(#3127),#3131);
#3127 = LINE('',#3128,#3129);
#3128 = CARTESIAN_POINT('',(40.533333333333,3.2));
#3129 = VECTOR('',#3130,1.);
#3130 = DIRECTION('',(0.,1.));
#3131 = ( GEOMETRIC_REPRESENTATION_CONTEXT(2) 
PARAMETRIC_REPRESENTATION_CONTEXT() REPRESENTATION_CONTEXT('2D SPACE',''
  ) );
#3132 = PCURVE('',#3133,#3138);
#3133 = PLANE('',#3134);
#3134 = AXIS2_PLACEMENT_3D('',#3135,#3136,#3137);
#3135 = CARTESIAN_POINT('',(18.666666666667,-18.66666666666,0.));
#3136 = DIRECTION('',(1.,0.,0.));
#3137 = DIRECTION('',(0.,0.,1.));
#3138 = DEFINITIONAL_REPRESENTATION('',(#3139),#3143);
#3139 = LINE('',#3140,#3141);
#3140 = CARTESIAN_POINT('',(30.,0.));
#3141 = VECTOR('',#3142,1.);
#3142 = DIRECTION('',(0.,-1.));
#3143 = ( GEOMETRIC_REPRESENTATION_CONTEXT(2) 
PARAMETRIC_REPRESENTATION_CONTEXT() REPRESENTATION_CONTEXT('2D SPACE',''
  ) );
#3144 = ORIENTED_EDGE('',*,*,#3145,.F.);
#3145 = EDGE_CURVE('',#3146,#3116,#3148,.T.);
#3146 = VERTEX_POINT('',#3147);
#3147 = CARTESIAN_POINT('',(13.111111111111,13.111111111111,30.));
#3148 = SURFACE_CURVE('',#3149,(#3153,#3160),.PCURVE_S1.);
#3149 = LINE('',#3150,#3151);
#3150 = CARTESIAN_POINT('',(-18.66666666666,13.111111111111,30.));
#3151 = VECTOR('',#3152,1.);
#3152 = DIRECTION('',(1.,0.,0.));
#3153 = PCURVE('',#126,#3154);
#3154 = DEFINITIONAL_REPRESENTATION('',(#3155),#3159);
#3155 = LINE('',#3156,#3157);
#3156 = CARTESIAN_POINT('',(3.2,34.977777777778));
#3157 = VECTOR('',#3158,1.);
#3158 = DIRECTION('',(1.,0.));
#3159 = ( GEOMETRIC_REPRESENTATION_CONTEXT(2) 
PARAMETRIC_REPRESENTATION_CONTEXT() REPRESENTATION_CONTEXT('2D SPACE',''
  ) );
#3160 = PCURVE('',#3161,#3166);
#3161 = PLANE('',#3162);
#3162 = AXIS2_PLACEMENT_3D('',#3163,#3164,#3165);
#3163 = CARTESIAN_POINT('',(-18.66666666666,13.111111111111,0.));
#3164 = DIRECTION('',(0.,1.,0.));
#3165 = DIRECTION('',(0.,0.,1.));
#3166 = DEFINITIONAL_REPRESENTATION('',(#3167),#3171);
#3167 = LINE('',#3168,#3169);
#3168 = CARTESIAN_POINT('',(30.,0.));
#3169 = VECTOR('',#3170,1.);
#3170 = DIRECTION('',(0.,1.));
#3171 = ( GEOMETRIC_REPRESENTATION_CONTEXT(2) 
PARAMETRIC_REPRESENTATION_CONTEXT() REPRESENTATION_CONTEXT('2D SPACE',''
  ) );
#3172 = ORIENTED_EDGE('',*,*,#3173,.T.);
#3173 = EDGE_CURVE('',#3146,#3174,#3176,.T.);
#3174 = VERTEX_POINT('',#3175);
#3175 = CARTESIAN_POINT('',(13.111111111111,18.666666666667,30.));
#3176 = SURFACE_CURVE('',#3177,(#3181,#3188),.PCURVE_S1.);
#3177 = LINE('',#3178,#3179);
#3178 = CARTESIAN_POINT('',(13.111111111111,-18.66666666666,30.));
#3179 = VECTOR('',#3180,1.);
#3180 = DIRECTION('',(0.,1.,0.));
#3181 = PCURVE('',#126,#3182);
#3182 = DEFINITIONAL_REPRESENTATION('',(#3183),#3187);
#3183 = LINE('',#3184,#3185);
#3184 = CARTESIAN_POINT('',(34.977777777778,3.2));
#3185 = VECTOR('',#3186,1.);
#3186 = DIRECTION('',(0.,1.));
#3187 = ( GEOMETRIC_REPRESENTATION_CONTEXT(2) 
PARAMETRIC_REPRESENTATION_CONTEXT() REPRESENTATION_CONTEXT('2D SPACE',''
  ) );
#3188 = PCURVE('',#3189,#3194);
#3189 = PLANE('',#3190);
#3190 = AXIS2_PLACEMENT_3D('',#3191,#3192,#3193);
#3191 = CARTESIAN_POINT('',(13.111111111111,-18.66666666666,0.));
#3192 = DIRECTION('',(1.,0.,0.));
#3193 = DIRECTION('',(0.,0.,1.));
#3194 = DEFINITIONAL_REPRESENTATION('',(#3195),#3199);
#3195 = LINE('',#3196,#3197);
#3196 = CARTESIAN_POINT('',(30.,0.));
#3197 = VECTOR('',#3198,1.);
#3198 = DIRECTION('',(0.,-1.));
#3199 = ( GEOMETRIC_REPRESENTATION_CONTEXT(2) 
PARAMETRIC_REPRESENTATION_CONTEXT() REPRESENTATION_CONTEXT('2D SPACE',''
  ) );
#3200 = ORIENTED_EDGE('',*,*,#3201,.T.);
#3201 = EDGE_CURVE('',#3174,#3118,#3202,.T.);
#3202 = SURFACE_CURVE('',#3203,(#3207,#3214),.PCURVE_S1.);
#3203 = LINE('',#3204,#3205);
#3204 = CARTESIAN_POINT('',(-18.66666666666,18.666666666667,30.));
#3205 = VECTOR('',#3206,1.);
#3206 = DIRECTION('',(1.,0.,0.));
#3207 = PCURVE('',#126,#3208);
#3208 = DEFINITIONAL_REPRESENTATION('',(#3209),#3213);
#3209 = LINE('',#3210,#3211);
#3210 = CARTESIAN_POINT('',(3.2,40.533333333333));
#3211 = VECTOR('',#3212,1.);
#3212 = DIRECTION('',(1.,0.));
#3213 = ( GEOMETRIC_REPRESENTATION_CONTEXT(2) 
PARAMETRIC_REPRESENTATION_CONTEXT() REPRESENTATION_CONTEXT('2D SPACE',''
  ) );
#3214 = PCURVE('',#3215,#3220);
#3215 = PLANE('',#3216);
#3216 = AXIS2_PLACEMENT_3D('',#3217,#3218,#3219);
#3217 = CARTESIAN_POINT('',(-18.66666666666,18.666666666667,0.));
#3218 = DIRECTION('',(0.,1.,0.));
#3219 = DIRECTION('',(0.,0.,1.));
#3220 = DEFINITIONAL_REPRESENTATION('',(#3221),#3225);
#3221 = LINE('',#3222,#3223);
#3222 = CARTESIAN_POINT('',(30.,0.));
#3223 = VECTOR('',#3224,1.);
#3224 = DIRECTION('',(0.,1.));
#3225 = ( GEOMETRIC_REPRESENTATION_CONTEXT(2) 
PARAMETRIC_REPRESENTATION_CONTEXT() REPRESENTATION_CONTEXT('2D SPACE',''
  ) );
#3226 = FACE_BOUND('',#3227,.T.);
#3227 = EDGE_LOOP('',(#3228,#3258,#3286,#3314));
#3228 = ORIENTED_EDGE('',*,*,#3229,.F.);
#3229 = EDGE_CURVE('',#3230,#3232,#3234,.T.);
#3230 = VERTEX_POINT('',#3231);
#3231 = CARTESIAN_POINT('',(12.311111111111,13.111111111111,30.));
#3232 = VERTEX_POINT('',#3233);
#3233 = CARTESIAN_POINT('',(12.311111111111,18.666666666667,30.));
#3234 = SURFACE_CURVE('',#3235,(#3239,#3246),.PCURVE_S1.);
#3235 = LINE('',#3236,#3237);
#3236 = CARTESIAN_POINT('',(12.311111111111,-18.66666666666,30.));
#3237 = VECTOR('',#3238,1.);
#3238 = DIRECTION('',(0.,1.,0.));
#3239 = PCURVE('',#126,#3240);
#3240 = DEFINITIONAL_REPRESENTATION('',(#3241),#3245);
#3241 = LINE('',#3242,#3243);
#3242 = CARTESIAN_POINT('',(34.177777777778,3.2));
#3243 = VECTOR('',#3244,1.);
#3244 = DIRECTION('',(0.,1.));
#3245 = ( GEOMETRIC_REPRESENTATION_CONTEXT(2) 
PARAMETRIC_REPRESENTATION_CONTEXT() REPRESENTATION_CONTEXT('2D SPACE',''
  ) );
#3246 = PCURVE('',#3247,#3252);
#3247 = PLANE('',#3248);
#3248 = AXIS2_PLACEMENT_3D('',#3249,#3250,#3251);
#3249 = CARTESIAN_POINT('',(12.311111111111,-18.66666666666,0.));
#3250 = DIRECTION('',(1.,0.,0.));
#3251 = DIRECTION('',(0.,0.,1.));
#3252 = DEFINITIONAL_REPRESENTATION('',(#3253),#3257);
#3253 = LINE('',#3254,#3255);
#3254 = CARTESIAN_POINT('',(30.,0.));
#3255 = VECTOR('',#3256,1.);
#3256 = DIRECTION('',(0.,-1.));
#3257 = ( GEOMETRIC_REPRESENTATION_CONTEXT(2) 
PARAMETRIC_REPRESENTATION_CONTEXT() REPRESENTATION_CONTEXT('2D SPACE',''
  ) );
#3258 = ORIENTED_EDGE('',*,*,#3259,.F.);
#3259 = EDGE_CURVE('',#3260,#3230,#3262,.T.);
#3260 = VERTEX_POINT('',#3261);
#3261 = CARTESIAN_POINT('',(6.755555555556,13.111111111111,30.));
#3262 = SURFACE_CURVE('',#3263,(#3267,#3274),.PCURVE_S1.);
#3263 = LINE('',#3264,#3265);
#3264 = CARTESIAN_POINT('',(-18.66666666666,13.111111111111,30.));
#3265 = VECTOR('',#3266,1.);
#3266 = DIRECTION('',(1.,0.,0.));
#3267 = PCURVE('',#126,#3268);
#3268 = DEFINITIONAL_REPRESENTATION('',(#3269),#3273);
#3269 = LINE('',#3270,#3271);
#3270 = CARTESIAN_POINT('',(3.2,34.977777777778));
#3271 = VECTOR('',#3272,1.);
#3272 = DIRECTION('',(1.,0.));
#3273 = ( GEOMETRIC_REPRESENTATION_CONTEXT(2) 
PARAMETRIC_REPRESENTATION_CONTEXT() REPRESENTATION_CONTEXT('2D SPACE',''
  ) );
#3274 = PCURVE('',#3275,#3280);
#3275 = PLANE('',#3276);
#3276 = AXIS2_PLACEMENT_3D('',#3277,#3278,#3279);
#3277 = CARTESIAN_POINT('',(-18.66666666666,13.111111111111,0.));
#3278 = DIRECTION('',(0.,1.,0.));
#3279 = DIRECTION('',(0.,0.,1.));
#3280 = DEFINITIONAL_REPRESENTATION('',(#3281),#3285);
#3281 = LINE('',#3282,#3283);
#3282 = CARTESIAN_POINT('',(30.,0.));
#3283 = VECTOR('',#3284,1.);
#3284 = DIRECTION('',(0.,1.));
#3285 = ( GEOMETRIC_REPRESENTATION_CONTEXT(2) 
PARAMETRIC_REPRESENTATION_CONTEXT() REPRESENTATION_CONTEXT('2D SPACE',''
  ) );
#3286 = ORIENTED_EDGE('',*,*,#3287,.T.);
#3287 = EDGE_CURVE('',#3260,#3288,#3290,.T.);
#3288 = VERTEX_POINT('',#3289);
#3289 = CARTESIAN_POINT('',(6.755555555556,18.666666666667,30.));
#3290 = SURFACE_CURVE('',#3291,(#3295,#3302),.PCURVE_S1.);
#3291 = LINE('',#3292,#3293);
#3292 = CARTESIAN_POINT('',(6.755555555556,-18.66666666666,30.));
#3293 = VECTOR('',#3294,1.);
#3294 = DIRECTION('',(0.,1.,0.));
#3295 = PCURVE('',#126,#3296);
#3296 = DEFINITIONAL_REPRESENTATION('',(#3297),#3301);
#3297 = LINE('',#3298,#3299);
#3298 = CARTESIAN_POINT('',(28.622222222222,3.2));
#3299 = VECTOR('',#3300,1.);
#3300 = DIRECTION('',(0.,1.));
#3301 = ( GEOMETRIC_REPRESENTATION_CONTEXT(2) 
PARAMETRIC_REPRESENTATION_CONTEXT() REPRESENTATION_CONTEXT('2D SPACE',''
  ) );
#3302 = PCURVE('',#3303,#3308);
#3303 = PLANE('',#3304);
#3304 = AXIS2_PLACEMENT_3D('',#3305,#3306,#3307);
#3305 = CARTESIAN_POINT('',(6.755555555556,-18.66666666666,0.));
#3306 = DIRECTION('',(1.,0.,0.));
#3307 = DIRECTION('',(0.,0.,1.));
#3308 = DEFINITIONAL_REPRESENTATION('',(#3309),#3313);
#3309 = LINE('',#3310,#3311);
#3310 = CARTESIAN_POINT('',(30.,0.));
#3311 = VECTOR('',#3312,1.);
#3312 = DIRECTION('',(0.,-1.));
#3313 = ( GEOMETRIC_REPRESENTATION_CONTEXT(2) 
PARAMETRIC_REPRESENTATION_CONTEXT() REPRESENTATION_CONTEXT('2D SPACE',''
  ) );
#3314 = ORIENTED_EDGE('',*,*,#3315,.T.);
#3315 = EDGE_CURVE('',#3288,#3232,#3316,.T.);
#3316 = SURFACE_CURVE('',#3317,(#3321,#3328),.PCURVE_S1.);
#3317 = LINE('',#3318,#3319);
#3318 = CARTESIAN_POINT('',(-18.66666666666,18.666666666667,30.));
#3319 = VECTOR('',#3320,1.);
#3320 = DIRECTION('',(1.,0.,0.));
#3321 = PCURVE('',#126,#3322);
#3322 = DEFINITIONAL_REPRESENTATION('',(#3323),#3327);
#3323 = LINE('',#3324,#3325);
#3324 = CARTESIAN_POINT('',(3.2,40.533333333333));
#3325 = VECTOR('',#3326,1.);
#3326 = DIRECTION('',(1.,0.));
#3327 = ( GEOMETRIC_REPRESENTATION_CONTEXT(2) 
PARAMETRIC_REPRESENTATION_CONTEXT() REPRESENTATION_CONTEXT('2D SPACE',''
  ) );
#3328 = PCURVE('',#3329,#3334);
#3329 = PLANE('',#3330);
#3330 = AXIS2_PLACEMENT_3D('',#3331,#3332,#3333);
#3331 = CARTESIAN_POINT('',(-18.66666666666,18.666666666667,0.));
#3332 = DIRECTION('',(0.,1.,0.));
#3333 = DIRECTION('',(0.,0.,1.));
#3334 = DEFINITIONAL_REPRESENTATION('',(#3335),#3339);
#3335 = LINE('',#3336,#3337);
#3336 = CARTESIAN_POINT('',(30.,0.));
#3337 = VECTOR('',#3338,1.);
#3338 = DIRECTION('',(0.,1.));
#3339 = ( GEOMETRIC_REPRESENTATION_CONTEXT(2) 
PARAMETRIC_REPRESENTATION_CONTEXT() REPRESENTATION_CONTEXT('2D SPACE',''
  ) );
#3340 = FACE_BOUND('',#3341,.T.);
#3341 = EDGE_LOOP('',(#3342,#3372,#3400,#3428));
#3342 = ORIENTED_EDGE('',*,*,#3343,.F.);
#3343 = EDGE_CURVE('',#3344,#3346,#3348,.T.);
#3344 = VERTEX_POINT('',#3345);
#3345 = CARTESIAN_POINT('',(5.955555555556,13.111111111111,30.));
#3346 = VERTEX_POINT('',#3347);
#3347 = CARTESIAN_POINT('',(5.955555555556,18.666666666667,30.));
#3348 = SURFACE_CURVE('',#3349,(#3353,#3360),.PCURVE_S1.);
#3349 = LINE('',#3350,#3351);
#3350 = CARTESIAN_POINT('',(5.955555555556,-18.66666666666,30.));
#3351 = VECTOR('',#3352,1.);
#3352 = DIRECTION('',(0.,1.,0.));
#3353 = PCURVE('',#126,#3354);
#3354 = DEFINITIONAL_REPRESENTATION('',(#3355),#3359);
#3355 = LINE('',#3356,#3357);
#3356 = CARTESIAN_POINT('',(27.822222222222,3.2));
#3357 = VECTOR('',#3358,1.);
#3358 = DIRECTION('',(0.,1.));
#3359 = ( GEOMETRIC_REPRESENTATION_CONTEXT(2) 
PARAMETRIC_REPRESENTATION_CONTEXT() REPRESENTATION_CONTEXT('2D SPACE',''
  ) );
#3360 = PCURVE('',#3361,#3366);
#3361 = PLANE('',#3362);
#3362 = AXIS2_PLACEMENT_3D('',#3363,#3364,#3365);
#3363 = CARTESIAN_POINT('',(5.955555555556,-18.66666666666,0.));
#3364 = DIRECTION('',(1.,0.,0.));
#3365 = DIRECTION('',(0.,0.,1.));
#3366 = DEFINITIONAL_REPRESENTATION('',(#3367),#3371);
#3367 = LINE('',#3368,#3369);
#3368 = CARTESIAN_POINT('',(30.,0.));
#3369 = VECTOR('',#3370,1.);
#3370 = DIRECTION('',(0.,-1.));
#3371 = ( GEOMETRIC_REPRESENTATION_CONTEXT(2) 
PARAMETRIC_REPRESENTATION_CONTEXT() REPRESENTATION_CONTEXT('2D SPACE',''
  ) );
#3372 = ORIENTED_EDGE('',*,*,#3373,.F.);
#3373 = EDGE_CURVE('',#3374,#3344,#3376,.T.);
#3374 = VERTEX_POINT('',#3375);
#3375 = CARTESIAN_POINT('',(0.4,13.111111111111,30.));
#3376 = SURFACE_CURVE('',#3377,(#3381,#3388),.PCURVE_S1.);
#3377 = LINE('',#3378,#3379);
#3378 = CARTESIAN_POINT('',(-18.66666666666,13.111111111111,30.));
#3379 = VECTOR('',#3380,1.);
#3380 = DIRECTION('',(1.,0.,0.));
#3381 = PCURVE('',#126,#3382);
#3382 = DEFINITIONAL_REPRESENTATION('',(#3383),#3387);
#3383 = LINE('',#3384,#3385);
#3384 = CARTESIAN_POINT('',(3.2,34.977777777778));
#3385 = VECTOR('',#3386,1.);
#3386 = DIRECTION('',(1.,0.));
#3387 = ( GEOMETRIC_REPRESENTATION_CONTEXT(2) 
PARAMETRIC_REPRESENTATION_CONTEXT() REPRESENTATION_CONTEXT('2D SPACE',''
  ) );
#3388 = PCURVE('',#3389,#3394);
#3389 = PLANE('',#3390);
#3390 = AXIS2_PLACEMENT_3D('',#3391,#3392,#3393);
#3391 = CARTESIAN_POINT('',(-18.66666666666,13.111111111111,0.));
#3392 = DIRECTION('',(0.,1.,0.));
#3393 = DIRECTION('',(0.,0.,1.));
#3394 = DEFINITIONAL_REPRESENTATION('',(#3395),#3399);
#3395 = LINE('',#3396,#3397);
#3396 = CARTESIAN_POINT('',(30.,0.));
#3397 = VECTOR('',#3398,1.);
#3398 = DIRECTION('',(0.,1.));
#3399 = ( GEOMETRIC_REPRESENTATION_CONTEXT(2) 
PARAMETRIC_REPRESENTATION_CONTEXT() REPRESENTATION_CONTEXT('2D SPACE',''
  ) );
#3400 = ORIENTED_EDGE('',*,*,#3401,.T.);
#3401 = EDGE_CURVE('',#3374,#3402,#3404,.T.);
#3402 = VERTEX_POINT('',#3403);
#3403 = CARTESIAN_POINT('',(0.4,18.666666666667,30.));
#3404 = SURFACE_CURVE('',#3405,(#3409,#3416),.PCURVE_S1.);
#3405 = LINE('',#3406,#3407);
#3406 = CARTESIAN_POINT('',(0.4,-18.66666666666,30.));
#3407 = VECTOR('',#3408,1.);
#3408 = DIRECTION('',(0.,1.,0.));
#3409 = PCURVE('',#126,#3410);
#3410 = DEFINITIONAL_REPRESENTATION('',(#3411),#3415);
#3411 = LINE('',#3412,#3413);
#3412 = CARTESIAN_POINT('',(22.266666666667,3.2));
#3413 = VECTOR('',#3414,1.);
#3414 = DIRECTION('',(0.,1.));
#3415 = ( GEOMETRIC_REPRESENTATION_CONTEXT(2) 
PARAMETRIC_REPRESENTATION_CONTEXT() REPRESENTATION_CONTEXT('2D SPACE',''
  ) );
#3416 = PCURVE('',#3417,#3422);
#3417 = PLANE('',#3418);
#3418 = AXIS2_PLACEMENT_3D('',#3419,#3420,#3421);
#3419 = CARTESIAN_POINT('',(0.4,-18.66666666666,0.));
#3420 = DIRECTION('',(1.,0.,0.));
#3421 = DIRECTION('',(0.,0.,1.));
#3422 = DEFINITIONAL_REPRESENTATION('',(#3423),#3427);
#3423 = LINE('',#3424,#3425);
#3424 = CARTESIAN_POINT('',(30.,0.));
#3425 = VECTOR('',#3426,1.);
#3426 = DIRECTION('',(0.,-1.));
#3427 = ( GEOMETRIC_REPRESENTATION_CONTEXT(2) 
PARAMETRIC_REPRESENTATION_CONTEXT() REPRESENTATION_CONTEXT('2D SPACE',''
  ) );
#3428 = ORIENTED_EDGE('',*,*,#3429,.T.);
#3429 = EDGE_CURVE('',#3402,#3346,#3430,.T.);
#3430 = SURFACE_CURVE('',#3431,(#3435,#3442),.PCURVE_S1.);
#3431 = LINE('',#3432,#3433);
#3432 = CARTESIAN_POINT('',(-18.66666666666,18.666666666667,30.));
#3433 = VECTOR('',#3434,1.);
#3434 = DIRECTION('',(1.,0.,0.));
#3435 = PCURVE('',#126,#3436);
#3436 = DEFINITIONAL_REPRESENTATION('',(#3437),#3441);
#3437 = LINE('',#3438,#3439);
#3438 = CARTESIAN_POINT('',(3.2,40.533333333333));
#3439 = VECTOR('',#3440,1.);
#3440 = DIRECTION('',(1.,0.));
#3441 = ( GEOMETRIC_REPRESENTATION_CONTEXT(2) 
PARAMETRIC_REPRESENTATION_CONTEXT() REPRESENTATION_CONTEXT('2D SPACE',''
  ) );
#3442 = PCURVE('',#3443,#3448);
#3443 = PLANE('',#3444);
#3444 = AXIS2_PLACEMENT_3D('',#3445,#3446,#3447);
#3445 = CARTESIAN_POINT('',(-18.66666666666,18.666666666667,0.));
#3446 = DIRECTION('',(0.,1.,0.));
#3447 = DIRECTION('',(0.,0.,1.));
#3448 = DEFINITIONAL_REPRESENTATION('',(#3449),#3453);
#3449 = LINE('',#3450,#3451);
#3450 = CARTESIAN_POINT('',(30.,0.));
#3451 = VECTOR('',#3452,1.);
#3452 = DIRECTION('',(0.,1.));
#3453 = ( GEOMETRIC_REPRESENTATION_CONTEXT(2) 
PARAMETRIC_REPRESENTATION_CONTEXT() REPRESENTATION_CONTEXT('2D SPACE',''
  ) );
#3454 = FACE_BOUND('',#3455,.T.);
#3455 = EDGE_LOOP('',(#3456,#3486,#3514,#3542));
#3456 = ORIENTED_EDGE('',*,*,#3457,.F.);
#3457 = EDGE_CURVE('',#3458,#3460,#3462,.T.);
#3458 = VERTEX_POINT('',#3459);
#3459 = CARTESIAN_POINT('',(-0.4,13.111111111111,30.));
#3460 = VERTEX_POINT('',#3461);
#3461 = CARTESIAN_POINT('',(-0.4,18.666666666667,30.));
#3462 = SURFACE_CURVE('',#3463,(#3467,#3474),.PCURVE_S1.);
#3463 = LINE('',#3464,#3465);
#3464 = CARTESIAN_POINT('',(-0.4,-18.66666666666,30.));
#3465 = VECTOR('',#3466,1.);
#3466 = DIRECTION('',(0.,1.,0.));
#3467 = PCURVE('',#126,#3468);
#3468 = DEFINITIONAL_REPRESENTATION('',(#3469),#3473);
#3469 = LINE('',#3470,#3471);
#3470 = CARTESIAN_POINT('',(21.466666666667,3.2));
#3471 = VECTOR('',#3472,1.);
#3472 = DIRECTION('',(0.,1.));
#3473 = ( GEOMETRIC_REPRESENTATION_CONTEXT(2) 
PARAMETRIC_REPRESENTATION_CONTEXT() REPRESENTATION_CONTEXT('2D SPACE',''
  ) );
#3474 = PCURVE('',#3475,#3480);
#3475 = PLANE('',#3476);
#3476 = AXIS2_PLACEMENT_3D('',#3477,#3478,#3479);
#3477 = CARTESIAN_POINT('',(-0.4,-18.66666666666,0.));
#3478 = DIRECTION('',(1.,0.,0.));
#3479 = DIRECTION('',(0.,0.,1.));
#3480 = DEFINITIONAL_REPRESENTATION('',(#3481),#3485);
#3481 = LINE('',#3482,#3483);
#3482 = CARTESIAN_POINT('',(30.,0.));
#3483 = VECTOR('',#3484,1.);
#3484 = DIRECTION('',(0.,-1.));
#3485 = ( GEOMETRIC_REPRESENTATION_CONTEXT(2) 
PARAMETRIC_REPRESENTATION_CONTEXT() REPRESENTATION_CONTEXT('2D SPACE',''
  ) );
#3486 = ORIENTED_EDGE('',*,*,#3487,.F.);
#3487 = EDGE_CURVE('',#3488,#3458,#3490,.T.);
#3488 = VERTEX_POINT('',#3489);
#3489 = CARTESIAN_POINT('',(-5.955555555556,13.111111111111,30.));
#3490 = SURFACE_CURVE('',#3491,(#3495,#3502),.PCURVE_S1.);
#3491 = LINE('',#3492,#3493);
#3492 = CARTESIAN_POINT('',(-18.66666666666,13.111111111111,30.));
#3493 = VECTOR('',#3494,1.);
#3494 = DIRECTION('',(1.,0.,0.));
#3495 = PCURVE('',#126,#3496);
#3496 = DEFINITIONAL_REPRESENTATION('',(#3497),#3501);
#3497 = LINE('',#3498,#3499);
#3498 = CARTESIAN_POINT('',(3.2,34.977777777778));
#3499 = VECTOR('',#3500,1.);
#3500 = DIRECTION('',(1.,0.));
#3501 = ( GEOMETRIC_REPRESENTATION_CONTEXT(2) 
PARAMETRIC_REPRESENTATION_CONTEXT() REPRESENTATION_CONTEXT('2D SPACE',''
  ) );
#3502 = PCURVE('',#3503,#3508);
#3503 = PLANE('',#3504);
#3504 = AXIS2_PLACEMENT_3D('',#3505,#3506,#3507);
#3505 = CARTESIAN_POINT('',(-18.66666666666,13.111111111111,0.));
#3506 = DIRECTION('',(0.,1.,0.));
#3507 = DIRECTION('',(0.,0.,1.));
#3508 = DEFINITIONAL_REPRESENTATION('',(#3509),#3513);
#3509 = LINE('',#3510,#3511);
#3510 = CARTESIAN_POINT('',(30.,0.));
#3511 = VECTOR('',#3512,1.);
#3512 = DIRECTION('',(0.,1.));
#3513 = ( GEOMETRIC_REPRESENTATION_CONTEXT(2) 
PARAMETRIC_REPRESENTATION_CONTEXT() REPRESENTATION_CONTEXT('2D SPACE',''
  ) );
#3514 = ORIENTED_EDGE('',*,*,#3515,.T.);
#3515 = EDGE_CURVE('',#3488,#3516,#3518,.T.);
#3516 = VERTEX_POINT('',#3517);
#3517 = CARTESIAN_POINT('',(-5.955555555556,18.666666666667,30.));
#3518 = SURFACE_CURVE('',#3519,(#3523,#3530),.PCURVE_S1.);
#3519 = LINE('',#3520,#3521);
#3520 = CARTESIAN_POINT('',(-5.955555555556,-18.66666666666,30.));
#3521 = VECTOR('',#3522,1.);
#3522 = DIRECTION('',(0.,1.,0.));
#3523 = PCURVE('',#126,#3524);
#3524 = DEFINITIONAL_REPRESENTATION('',(#3525),#3529);
#3525 = LINE('',#3526,#3527);
#3526 = CARTESIAN_POINT('',(15.911111111111,3.2));
#3527 = VECTOR('',#3528,1.);
#3528 = DIRECTION('',(0.,1.));
#3529 = ( GEOMETRIC_REPRESENTATION_CONTEXT(2) 
PARAMETRIC_REPRESENTATION_CONTEXT() REPRESENTATION_CONTEXT('2D SPACE',''
  ) );
#3530 = PCURVE('',#3531,#3536);
#3531 = PLANE('',#3532);
#3532 = AXIS2_PLACEMENT_3D('',#3533,#3534,#3535);
#3533 = CARTESIAN_POINT('',(-5.955555555556,-18.66666666666,0.));
#3534 = DIRECTION('',(1.,0.,0.));
#3535 = DIRECTION('',(0.,0.,1.));
#3536 = DEFINITIONAL_REPRESENTATION('',(#3537),#3541);
#3537 = LINE('',#3538,#3539);
#3538 = CARTESIAN_POINT('',(30.,0.));
#3539 = VECTOR('',#3540,1.);
#3540 = DIRECTION('',(0.,-1.));
#3541 = ( GEOMETRIC_REPRESENTATION_CONTEXT(2) 
PARAMETRIC_REPRESENTATION_CONTEXT() REPRESENTATION_CONTEXT('2D SPACE',''
  ) );
#3542 = ORIENTED_EDGE('',*,*,#3543,.T.);
#3543 = EDGE_CURVE('',#3516,#3460,#3544,.T.);
#3544 = SURFACE_CURVE('',#3545,(#3549,#3556),.PCURVE_S1.);
#3545 = LINE('',#3546,#3547);
#3546 = CARTESIAN_POINT('',(-18.66666666666,18.666666666667,30.));
#3547 = VECTOR('',#3548,1.);
#3548 = DIRECTION('',(1.,0.,0.));
#3549 = PCURVE('',#126,#3550);
#3550 = DEFINITIONAL_REPRESENTATION('',(#3551),#3555);
#3551 = LINE('',#3552,#3553);
#3552 = CARTESIAN_POINT('',(3.2,40.533333333333));
#3553 = VECTOR('',#3554,1.);
#3554 = DIRECTION('',(1.,0.));
#3555 = ( GEOMETRIC_REPRESENTATION_CONTEXT(2) 
PARAMETRIC_REPRESENTATION_CONTEXT() REPRESENTATION_CONTEXT('2D SPACE',''
  ) );
#3556 = PCURVE('',#3557,#3562);
#3557 = PLANE('',#3558);
#3558 = AXIS2_PLACEMENT_3D('',#3559,#3560,#3561);
#3559 = CARTESIAN_POINT('',(-18.66666666666,18.666666666667,0.));
#3560 = DIRECTION('',(0.,1.,0.));
#3561 = DIRECTION('',(0.,0.,1.));
#3562 = DEFINITIONAL_REPRESENTATION('',(#3563),#3567);
#3563 = LINE('',#3564,#3565);
#3564 = CARTESIAN_POINT('',(30.,0.));
#3565 = VECTOR('',#3566,1.);
#3566 = DIRECTION('',(0.,1.));
#3567 = ( GEOMETRIC_REPRESENTATION_CONTEXT(2) 
PARAMETRIC_REPRESENTATION_CONTEXT() REPRESENTATION_CONTEXT('2D SPACE',''
  ) );
#3568 = FACE_BOUND('',#3569,.T.);
#3569 = EDGE_LOOP('',(#3570,#3600,#3628,#3656));
#3570 = ORIENTED_EDGE('',*,*,#3571,.F.);
#3571 = EDGE_CURVE('',#3572,#3574,#3576,.T.);
#3572 = VERTEX_POINT('',#3573);
#3573 = CARTESIAN_POINT('',(-6.755555555556,13.111111111111,30.));
#3574 = VERTEX_POINT('',#3575);
#3575 = CARTESIAN_POINT('',(-6.755555555556,18.666666666667,30.));
#3576 = SURFACE_CURVE('',#3577,(#3581,#3588),.PCURVE_S1.);
#3577 = LINE('',#3578,#3579);
#3578 = CARTESIAN_POINT('',(-6.755555555556,-18.66666666666,30.));
#3579 = VECTOR('',#3580,1.);
#3580 = DIRECTION('',(0.,1.,0.));
#3581 = PCURVE('',#126,#3582);
#3582 = DEFINITIONAL_REPRESENTATION('',(#3583),#3587);
#3583 = LINE('',#3584,#3585);
#3584 = CARTESIAN_POINT('',(15.111111111111,3.2));
#3585 = VECTOR('',#3586,1.);
#3586 = DIRECTION('',(0.,1.));
#3587 = ( GEOMETRIC_REPRESENTATION_CONTEXT(2) 
PARAMETRIC_REPRESENTATION_CONTEXT() REPRESENTATION_CONTEXT('2D SPACE',''
  ) );
#3588 = PCURVE('',#3589,#3594);
#3589 = PLANE('',#3590);
#3590 = AXIS2_PLACEMENT_3D('',#3591,#3592,#3593);
#3591 = CARTESIAN_POINT('',(-6.755555555556,-18.66666666666,0.));
#3592 = DIRECTION('',(1.,0.,0.));
#3593 = DIRECTION('',(0.,0.,1.));
#3594 = DEFINITIONAL_REPRESENTATION('',(#3595),#3599);
#3595 = LINE('',#3596,#3597);
#3596 = CARTESIAN_POINT('',(30.,0.));
#3597 = VECTOR('',#3598,1.);
#3598 = DIRECTION('',(0.,-1.));
#3599 = ( GEOMETRIC_REPRESENTATION_CONTEXT(2) 
PARAMETRIC_REPRESENTATION_CONTEXT() REPRESENTATION_CONTEXT('2D SPACE',''
  ) );
#3600 = ORIENTED_EDGE('',*,*,#3601,.F.);
#3601 = EDGE_CURVE('',#3602,#3572,#3604,.T.);
#3602 = VERTEX_POINT('',#3603);
#3603 = CARTESIAN_POINT('',(-12.31111111111,13.111111111111,30.));
#3604 = SURFACE_CURVE('',#3605,(#3609,#3616),.PCURVE_S1.);
#3605 = LINE('',#3606,#3607);
#3606 = CARTESIAN_POINT('',(-18.66666666666,13.111111111111,30.));
#3607 = VECTOR('',#3608,1.);
#3608 = DIRECTION('',(1.,0.,0.));
#3609 = PCURVE('',#126,#3610);
#3610 = DEFINITIONAL_REPRESENTATION('',(#3611),#3615);
#3611 = LINE('',#3612,#3613);
#3612 = CARTESIAN_POINT('',(3.2,34.977777777778));
#3613 = VECTOR('',#3614,1.);
#3614 = DIRECTION('',(1.,0.));
#3615 = ( GEOMETRIC_REPRESENTATION_CONTEXT(2) 
PARAMETRIC_REPRESENTATION_CONTEXT() REPRESENTATION_CONTEXT('2D SPACE',''
  ) );
#3616 = PCURVE('',#3617,#3622);
#3617 = PLANE('',#3618);
#3618 = AXIS2_PLACEMENT_3D('',#3619,#3620,#3621);
#3619 = CARTESIAN_POINT('',(-18.66666666666,13.111111111111,0.));
#3620 = DIRECTION('',(0.,1.,0.));
#3621 = DIRECTION('',(0.,0.,1.));
#3622 = DEFINITIONAL_REPRESENTATION('',(#3623),#3627);
#3623 = LINE('',#3624,#3625);
#3624 = CARTESIAN_POINT('',(30.,0.));
#3625 = VECTOR('',#3626,1.);
#3626 = DIRECTION('',(0.,1.));
#3627 = ( GEOMETRIC_REPRESENTATION_CONTEXT(2) 
PARAMETRIC_REPRESENTATION_CONTEXT() REPRESENTATION_CONTEXT('2D SPACE',''
  ) );
#3628 = ORIENTED_EDGE('',*,*,#3629,.T.);
#3629 = EDGE_CURVE('',#3602,#3630,#3632,.T.);
#3630 = VERTEX_POINT('',#3631);
#3631 = CARTESIAN_POINT('',(-12.31111111111,18.666666666667,30.));
#3632 = SURFACE_CURVE('',#3633,(#3637,#3644),.PCURVE_S1.);
#3633 = LINE('',#3634,#3635);
#3634 = CARTESIAN_POINT('',(-12.31111111111,-18.66666666666,30.));
#3635 = VECTOR('',#3636,1.);
#3636 = DIRECTION('',(0.,1.,0.));
#3637 = PCURVE('',#126,#3638);
#3638 = DEFINITIONAL_REPRESENTATION('',(#3639),#3643);
#3639 = LINE('',#3640,#3641);
#3640 = CARTESIAN_POINT('',(9.555555555556,3.2));
#3641 = VECTOR('',#3642,1.);
#3642 = DIRECTION('',(0.,1.));
#3643 = ( GEOMETRIC_REPRESENTATION_CONTEXT(2) 
PARAMETRIC_REPRESENTATION_CONTEXT() REPRESENTATION_CONTEXT('2D SPACE',''
  ) );
#3644 = PCURVE('',#3645,#3650);
#3645 = PLANE('',#3646);
#3646 = AXIS2_PLACEMENT_3D('',#3647,#3648,#3649);
#3647 = CARTESIAN_POINT('',(-12.31111111111,-18.66666666666,0.));
#3648 = DIRECTION('',(1.,0.,0.));
#3649 = DIRECTION('',(0.,0.,1.));
#3650 = DEFINITIONAL_REPRESENTATION('',(#3651),#3655);
#3651 = LINE('',#3652,#3653);
#3652 = CARTESIAN_POINT('',(30.,0.));
#3653 = VECTOR('',#3654,1.);
#3654 = DIRECTION('',(0.,-1.));
#3655 = ( GEOMETRIC_REPRESENTATION_CONTEXT(2) 
PARAMETRIC_REPRESENTATION_CONTEXT() REPRESENTATION_CONTEXT('2D SPACE',''
  ) );
#3656 = ORIENTED_EDGE('',*,*,#3657,.T.);
#3657 = EDGE_CURVE('',#3630,#3574,#3658,.T.);
#3658 = SURFACE_CURVE('',#3659,(#3663,#3670),.PCURVE_S1.);
#3659 = LINE('',#3660,#3661);
#3660 = CARTESIAN_POINT('',(-18.66666666666,18.666666666667,30.));
#3661 = VECTOR('',#3662,1.);
#3662 = DIRECTION('',(1.,0.,0.));
#3663 = PCURVE('',#126,#3664);
#3664 = DEFINITIONAL_REPRESENTATION('',(#3665),#3669);
#3665 = LINE('',#3666,#3667);
#3666 = CARTESIAN_POINT('',(3.2,40.533333333333));
#3667 = VECTOR('',#3668,1.);
#3668 = DIRECTION('',(1.,0.));
#3669 = ( GEOMETRIC_REPRESENTATION_CONTEXT(2) 
PARAMETRIC_REPRESENTATION_CONTEXT() REPRESENTATION_CONTEXT('2D SPACE',''
  ) );
#3670 = PCURVE('',#3671,#3676);
#3671 = PLANE('',#3672);
#3672 = AXIS2_PLACEMENT_3D('',#3673,#3674,#3675);
#3673 = CARTESIAN_POINT('',(-18.66666666666,18.666666666667,0.));
#3674 = DIRECTION('',(0.,1.,0.));
#3675 = DIRECTION('',(0.,0.,1.));
#3676 = DEFINITIONAL_REPRESENTATION('',(#3677),#3681);
#3677 = LINE('',#3678,#3679);
#3678 = CARTESIAN_POINT('',(30.,0.));
#3679 = VECTOR('',#3680,1.);
#3680 = DIRECTION('',(0.,1.));
#3681 = ( GEOMETRIC_REPRESENTATION_CONTEXT(2) 
PARAMETRIC_REPRESENTATION_CONTEXT() REPRESENTATION_CONTEXT('2D SPACE',''
  ) );
#3682 = FACE_BOUND('',#3683,.T.);
#3683 = EDGE_LOOP('',(#3684,#3714,#3742,#3770));
#3684 = ORIENTED_EDGE('',*,*,#3685,.F.);
#3685 = EDGE_CURVE('',#3686,#3688,#3690,.T.);
#3686 = VERTEX_POINT('',#3687);
#3687 = CARTESIAN_POINT('',(-13.11111111111,13.111111111111,30.));
#3688 = VERTEX_POINT('',#3689);
#3689 = CARTESIAN_POINT('',(-13.11111111111,18.666666666667,30.));
#3690 = SURFACE_CURVE('',#3691,(#3695,#3702),.PCURVE_S1.);
#3691 = LINE('',#3692,#3693);
#3692 = CARTESIAN_POINT('',(-13.11111111111,-18.66666666666,30.));
#3693 = VECTOR('',#3694,1.);
#3694 = DIRECTION('',(0.,1.,0.));
#3695 = PCURVE('',#126,#3696);
#3696 = DEFINITIONAL_REPRESENTATION('',(#3697),#3701);
#3697 = LINE('',#3698,#3699);
#3698 = CARTESIAN_POINT('',(8.755555555556,3.2));
#3699 = VECTOR('',#3700,1.);
#3700 = DIRECTION('',(0.,1.));
#3701 = ( GEOMETRIC_REPRESENTATION_CONTEXT(2) 
PARAMETRIC_REPRESENTATION_CONTEXT() REPRESENTATION_CONTEXT('2D SPACE',''
  ) );
#3702 = PCURVE('',#3703,#3708);
#3703 = PLANE('',#3704);
#3704 = AXIS2_PLACEMENT_3D('',#3705,#3706,#3707);
#3705 = CARTESIAN_POINT('',(-13.11111111111,-18.66666666666,0.));
#3706 = DIRECTION('',(1.,0.,0.));
#3707 = DIRECTION('',(0.,0.,1.));
#3708 = DEFINITIONAL_REPRESENTATION('',(#3709),#3713);
#3709 = LINE('',#3710,#3711);
#3710 = CARTESIAN_POINT('',(30.,0.));
#3711 = VECTOR('',#3712,1.);
#3712 = DIRECTION('',(0.,-1.));
#3713 = ( GEOMETRIC_REPRESENTATION_CONTEXT(2) 
PARAMETRIC_REPRESENTATION_CONTEXT() REPRESENTATION_CONTEXT('2D SPACE',''
  ) );
#3714 = ORIENTED_EDGE('',*,*,#3715,.F.);
#3715 = EDGE_CURVE('',#3716,#3686,#3718,.T.);
#3716 = VERTEX_POINT('',#3717);
#3717 = CARTESIAN_POINT('',(-18.66666666666,13.111111111111,30.));
#3718 = SURFACE_CURVE('',#3719,(#3723,#3730),.PCURVE_S1.);
#3719 = LINE('',#3720,#3721);
#3720 = CARTESIAN_POINT('',(-18.66666666666,13.111111111111,30.));
#3721 = VECTOR('',#3722,1.);
#3722 = DIRECTION('',(1.,0.,0.));
#3723 = PCURVE('',#126,#3724);
#3724 = DEFINITIONAL_REPRESENTATION('',(#3725),#3729);
#3725 = LINE('',#3726,#3727);
#3726 = CARTESIAN_POINT('',(3.2,34.977777777778));
#3727 = VECTOR('',#3728,1.);
#3728 = DIRECTION('',(1.,0.));
#3729 = ( GEOMETRIC_REPRESENTATION_CONTEXT(2) 
PARAMETRIC_REPRESENTATION_CONTEXT() REPRESENTATION_CONTEXT('2D SPACE',''
  ) );
#3730 = PCURVE('',#3731,#3736);
#3731 = PLANE('',#3732);
#3732 = AXIS2_PLACEMENT_3D('',#3733,#3734,#3735);
#3733 = CARTESIAN_POINT('',(-18.66666666666,13.111111111111,0.));
#3734 = DIRECTION('',(0.,1.,0.));
#3735 = DIRECTION('',(0.,0.,1.));
#3736 = DEFINITIONAL_REPRESENTATION('',(#3737),#3741);
#3737 = LINE('',#3738,#3739);
#3738 = CARTESIAN_POINT('',(30.,0.));
#3739 = VECTOR('',#3740,1.);
#3740 = DIRECTION('',(0.,1.));
#3741 = ( GEOMETRIC_REPRESENTATION_CONTEXT(2) 
PARAMETRIC_REPRESENTATION_CONTEXT() REPRESENTATION_CONTEXT('2D SPACE',''
  ) );
#3742 = ORIENTED_EDGE('',*,*,#3743,.T.);
#3743 = EDGE_CURVE('',#3716,#3744,#3746,.T.);
#3744 = VERTEX_POINT('',#3745);
#3745 = CARTESIAN_POINT('',(-18.66666666666,18.666666666667,30.));
#3746 = SURFACE_CURVE('',#3747,(#3751,#3758),.PCURVE_S1.);
#3747 = LINE('',#3748,#3749);
#3748 = CARTESIAN_POINT('',(-18.66666666666,-18.66666666666,30.));
#3749 = VECTOR('',#3750,1.);
#3750 = DIRECTION('',(0.,1.,0.));
#3751 = PCURVE('',#126,#3752);
#3752 = DEFINITIONAL_REPRESENTATION('',(#3753),#3757);
#3753 = LINE('',#3754,#3755);
#3754 = CARTESIAN_POINT('',(3.2,3.2));
#3755 = VECTOR('',#3756,1.);
#3756 = DIRECTION('',(0.,1.));
#3757 = ( GEOMETRIC_REPRESENTATION_CONTEXT(2) 
PARAMETRIC_REPRESENTATION_CONTEXT() REPRESENTATION_CONTEXT('2D SPACE',''
  ) );
#3758 = PCURVE('',#3759,#3764);
#3759 = PLANE('',#3760);
#3760 = AXIS2_PLACEMENT_3D('',#3761,#3762,#3763);
#3761 = CARTESIAN_POINT('',(-18.66666666666,-18.66666666666,0.));
#3762 = DIRECTION('',(1.,0.,0.));
#3763 = DIRECTION('',(0.,0.,1.));
#3764 = DEFINITIONAL_REPRESENTATION('',(#3765),#3769);
#3765 = LINE('',#3766,#3767);
#3766 = CARTESIAN_POINT('',(30.,0.));
#3767 = VECTOR('',#3768,1.);
#3768 = DIRECTION('',(0.,-1.));
#3769 = ( GEOMETRIC_REPRESENTATION_CONTEXT(2) 
PARAMETRIC_REPRESENTATION_CONTEXT() REPRESENTATION_CONTEXT('2D SPACE',''
  ) );
#3770 = ORIENTED_EDGE('',*,*,#3771,.T.);
#3771 = EDGE_CURVE('',#3744,#3688,#3772,.T.);
#3772 = SURFACE_CURVE('',#3773,(#3777,#3784),.PCURVE_S1.);
#3773 = LINE('',#3774,#3775);
#3774 = CARTESIAN_POINT('',(-18.66666666666,18.666666666667,30.));
#3775 = VECTOR('',#3776,1.);
#3776 = DIRECTION('',(1.,0.,0.));
#3777 = PCURVE('',#126,#3778);
#3778 = DEFINITIONAL_REPRESENTATION('',(#3779),#3783);
#3779 = LINE('',#3780,#3781);
#3780 = CARTESIAN_POINT('',(3.2,40.533333333333));
#3781 = VECTOR('',#3782,1.);
#3782 = DIRECTION('',(1.,0.));
#3783 = ( GEOMETRIC_REPRESENTATION_CONTEXT(2) 
PARAMETRIC_REPRESENTATION_CONTEXT() REPRESENTATION_CONTEXT('2D SPACE',''
  ) );
#3784 = PCURVE('',#3785,#3790);
#3785 = PLANE('',#3786);
#3786 = AXIS2_PLACEMENT_3D('',#3787,#3788,#3789);
#3787 = CARTESIAN_POINT('',(-18.66666666666,18.666666666667,0.));
#3788 = DIRECTION('',(0.,1.,0.));
#3789 = DIRECTION('',(0.,0.,1.));
#3790 = DEFINITIONAL_REPRESENTATION('',(#3791),#3795);
#3791 = LINE('',#3792,#3793);
#3792 = CARTESIAN_POINT('',(30.,0.));
#3793 = VECTOR('',#3794,1.);
#3794 = DIRECTION('',(0.,1.));
#3795 = ( GEOMETRIC_REPRESENTATION_CONTEXT(2) 
PARAMETRIC_REPRESENTATION_CONTEXT() REPRESENTATION_CONTEXT('2D SPACE',''
  ) );
#3796 = FACE_BOUND('',#3797,.T.);
#3797 = EDGE_LOOP('',(#3798,#3828,#3856,#3884));
#3798 = ORIENTED_EDGE('',*,*,#3799,.T.);
#3799 = EDGE_CURVE('',#3800,#3802,#3804,.T.);
#3800 = VERTEX_POINT('',#3801);
#3801 = CARTESIAN_POINT('',(-18.66666666666,6.755555555556,30.));
#3802 = VERTEX_POINT('',#3803);
#3803 = CARTESIAN_POINT('',(-18.66666666666,12.311111111111,30.));
#3804 = SURFACE_CURVE('',#3805,(#3809,#3816),.PCURVE_S1.);
#3805 = LINE('',#3806,#3807);
#3806 = CARTESIAN_POINT('',(-18.66666666666,-18.66666666666,30.));
#3807 = VECTOR('',#3808,1.);
#3808 = DIRECTION('',(0.,1.,0.));
#3809 = PCURVE('',#126,#3810);
#3810 = DEFINITIONAL_REPRESENTATION('',(#3811),#3815);
#3811 = LINE('',#3812,#3813);
#3812 = CARTESIAN_POINT('',(3.2,3.2));
#3813 = VECTOR('',#3814,1.);
#3814 = DIRECTION('',(0.,1.));
#3815 = ( GEOMETRIC_REPRESENTATION_CONTEXT(2) 
PARAMETRIC_REPRESENTATION_CONTEXT() REPRESENTATION_CONTEXT('2D SPACE',''
  ) );
#3816 = PCURVE('',#3817,#3822);
#3817 = PLANE('',#3818);
#3818 = AXIS2_PLACEMENT_3D('',#3819,#3820,#3821);
#3819 = CARTESIAN_POINT('',(-18.66666666666,-18.66666666666,0.));
#3820 = DIRECTION('',(1.,0.,0.));
#3821 = DIRECTION('',(0.,0.,1.));
#3822 = DEFINITIONAL_REPRESENTATION('',(#3823),#3827);
#3823 = LINE('',#3824,#3825);
#3824 = CARTESIAN_POINT('',(30.,0.));
#3825 = VECTOR('',#3826,1.);
#3826 = DIRECTION('',(0.,-1.));
#3827 = ( GEOMETRIC_REPRESENTATION_CONTEXT(2) 
PARAMETRIC_REPRESENTATION_CONTEXT() REPRESENTATION_CONTEXT('2D SPACE',''
  ) );
#3828 = ORIENTED_EDGE('',*,*,#3829,.T.);
#3829 = EDGE_CURVE('',#3802,#3830,#3832,.T.);
#3830 = VERTEX_POINT('',#3831);
#3831 = CARTESIAN_POINT('',(-13.11111111111,12.311111111111,30.));
#3832 = SURFACE_CURVE('',#3833,(#3837,#3844),.PCURVE_S1.);
#3833 = LINE('',#3834,#3835);
#3834 = CARTESIAN_POINT('',(-18.66666666666,12.311111111111,30.));
#3835 = VECTOR('',#3836,1.);
#3836 = DIRECTION('',(1.,0.,0.));
#3837 = PCURVE('',#126,#3838);
#3838 = DEFINITIONAL_REPRESENTATION('',(#3839),#3843);
#3839 = LINE('',#3840,#3841);
#3840 = CARTESIAN_POINT('',(3.2,34.177777777778));
#3841 = VECTOR('',#3842,1.);
#3842 = DIRECTION('',(1.,0.));
#3843 = ( GEOMETRIC_REPRESENTATION_CONTEXT(2) 
PARAMETRIC_REPRESENTATION_CONTEXT() REPRESENTATION_CONTEXT('2D SPACE',''
  ) );
#3844 = PCURVE('',#3845,#3850);
#3845 = PLANE('',#3846);
#3846 = AXIS2_PLACEMENT_3D('',#3847,#3848,#3849);
#3847 = CARTESIAN_POINT('',(-18.66666666666,12.311111111111,0.));
#3848 = DIRECTION('',(0.,1.,0.));
#3849 = DIRECTION('',(0.,0.,1.));
#3850 = DEFINITIONAL_REPRESENTATION('',(#3851),#3855);
#3851 = LINE('',#3852,#3853);
#3852 = CARTESIAN_POINT('',(30.,0.));
#3853 = VECTOR('',#3854,1.);
#3854 = DIRECTION('',(0.,1.));
#3855 = ( GEOMETRIC_REPRESENTATION_CONTEXT(2) 
PARAMETRIC_REPRESENTATION_CONTEXT() REPRESENTATION_CONTEXT('2D SPACE',''
  ) );
#3856 = ORIENTED_EDGE('',*,*,#3857,.F.);
#3857 = EDGE_CURVE('',#3858,#3830,#3860,.T.);
#3858 = VERTEX_POINT('',#3859);
#3859 = CARTESIAN_POINT('',(-13.11111111111,6.755555555556,30.));
#3860 = SURFACE_CURVE('',#3861,(#3865,#3872),.PCURVE_S1.);
#3861 = LINE('',#3862,#3863);
#3862 = CARTESIAN_POINT('',(-13.11111111111,-18.66666666666,30.));
#3863 = VECTOR('',#3864,1.);
#3864 = DIRECTION('',(0.,1.,0.));
#3865 = PCURVE('',#126,#3866);
#3866 = DEFINITIONAL_REPRESENTATION('',(#3867),#3871);
#3867 = LINE('',#3868,#3869);
#3868 = CARTESIAN_POINT('',(8.755555555556,3.2));
#3869 = VECTOR('',#3870,1.);
#3870 = DIRECTION('',(0.,1.));
#3871 = ( GEOMETRIC_REPRESENTATION_CONTEXT(2) 
PARAMETRIC_REPRESENTATION_CONTEXT() REPRESENTATION_CONTEXT('2D SPACE',''
  ) );
#3872 = PCURVE('',#3873,#3878);
#3873 = PLANE('',#3874);
#3874 = AXIS2_PLACEMENT_3D('',#3875,#3876,#3877);
#3875 = CARTESIAN_POINT('',(-13.11111111111,-18.66666666666,0.));
#3876 = DIRECTION('',(1.,0.,0.));
#3877 = DIRECTION('',(0.,0.,1.));
#3878 = DEFINITIONAL_REPRESENTATION('',(#3879),#3883);
#3879 = LINE('',#3880,#3881);
#3880 = CARTESIAN_POINT('',(30.,0.));
#3881 = VECTOR('',#3882,1.);
#3882 = DIRECTION('',(0.,-1.));
#3883 = ( GEOMETRIC_REPRESENTATION_CONTEXT(2) 
PARAMETRIC_REPRESENTATION_CONTEXT() REPRESENTATION_CONTEXT('2D SPACE',''
  ) );
#3884 = ORIENTED_EDGE('',*,*,#3885,.F.);
#3885 = EDGE_CURVE('',#3800,#3858,#3886,.T.);
#3886 = SURFACE_CURVE('',#3887,(#3891,#3898),.PCURVE_S1.);
#3887 = LINE('',#3888,#3889);
#3888 = CARTESIAN_POINT('',(-18.66666666666,6.755555555556,30.));
#3889 = VECTOR('',#3890,1.);
#3890 = DIRECTION('',(1.,0.,0.));
#3891 = PCURVE('',#126,#3892);
#3892 = DEFINITIONAL_REPRESENTATION('',(#3893),#3897);
#3893 = LINE('',#3894,#3895);
#3894 = CARTESIAN_POINT('',(3.2,28.622222222222));
#3895 = VECTOR('',#3896,1.);
#3896 = DIRECTION('',(1.,0.));
#3897 = ( GEOMETRIC_REPRESENTATION_CONTEXT(2) 
PARAMETRIC_REPRESENTATION_CONTEXT() REPRESENTATION_CONTEXT('2D SPACE',''
  ) );
#3898 = PCURVE('',#3899,#3904);
#3899 = PLANE('',#3900);
#3900 = AXIS2_PLACEMENT_3D('',#3901,#3902,#3903);
#3901 = CARTESIAN_POINT('',(-18.66666666666,6.755555555556,0.));
#3902 = DIRECTION('',(0.,1.,0.));
#3903 = DIRECTION('',(0.,0.,1.));
#3904 = DEFINITIONAL_REPRESENTATION('',(#3905),#3909);
#3905 = LINE('',#3906,#3907);
#3906 = CARTESIAN_POINT('',(30.,0.));
#3907 = VECTOR('',#3908,1.);
#3908 = DIRECTION('',(0.,1.));
#3909 = ( GEOMETRIC_REPRESENTATION_CONTEXT(2) 
PARAMETRIC_REPRESENTATION_CONTEXT() REPRESENTATION_CONTEXT('2D SPACE',''
  ) );
#3910 = FACE_BOUND('',#3911,.T.);
#3911 = EDGE_LOOP('',(#3912,#3942,#3970,#3998));
#3912 = ORIENTED_EDGE('',*,*,#3913,.T.);
#3913 = EDGE_CURVE('',#3914,#3916,#3918,.T.);
#3914 = VERTEX_POINT('',#3915);
#3915 = CARTESIAN_POINT('',(-12.31111111111,6.755555555556,30.));
#3916 = VERTEX_POINT('',#3917);
#3917 = CARTESIAN_POINT('',(-12.31111111111,12.311111111111,30.));
#3918 = SURFACE_CURVE('',#3919,(#3923,#3930),.PCURVE_S1.);
#3919 = LINE('',#3920,#3921);
#3920 = CARTESIAN_POINT('',(-12.31111111111,-18.66666666666,30.));
#3921 = VECTOR('',#3922,1.);
#3922 = DIRECTION('',(0.,1.,0.));
#3923 = PCURVE('',#126,#3924);
#3924 = DEFINITIONAL_REPRESENTATION('',(#3925),#3929);
#3925 = LINE('',#3926,#3927);
#3926 = CARTESIAN_POINT('',(9.555555555556,3.2));
#3927 = VECTOR('',#3928,1.);
#3928 = DIRECTION('',(0.,1.));
#3929 = ( GEOMETRIC_REPRESENTATION_CONTEXT(2) 
PARAMETRIC_REPRESENTATION_CONTEXT() REPRESENTATION_CONTEXT('2D SPACE',''
  ) );
#3930 = PCURVE('',#3931,#3936);
#3931 = PLANE('',#3932);
#3932 = AXIS2_PLACEMENT_3D('',#3933,#3934,#3935);
#3933 = CARTESIAN_POINT('',(-12.31111111111,-18.66666666666,0.));
#3934 = DIRECTION('',(1.,0.,0.));
#3935 = DIRECTION('',(0.,0.,1.));
#3936 = DEFINITIONAL_REPRESENTATION('',(#3937),#3941);
#3937 = LINE('',#3938,#3939);
#3938 = CARTESIAN_POINT('',(30.,0.));
#3939 = VECTOR('',#3940,1.);
#3940 = DIRECTION('',(0.,-1.));
#3941 = ( GEOMETRIC_REPRESENTATION_CONTEXT(2) 
PARAMETRIC_REPRESENTATION_CONTEXT() REPRESENTATION_CONTEXT('2D SPACE',''
  ) );
#3942 = ORIENTED_EDGE('',*,*,#3943,.T.);
#3943 = EDGE_CURVE('',#3916,#3944,#3946,.T.);
#3944 = VERTEX_POINT('',#3945);
#3945 = CARTESIAN_POINT('',(-6.755555555556,12.311111111111,30.));
#3946 = SURFACE_CURVE('',#3947,(#3951,#3958),.PCURVE_S1.);
#3947 = LINE('',#3948,#3949);
#3948 = CARTESIAN_POINT('',(-18.66666666666,12.311111111111,30.));
#3949 = VECTOR('',#3950,1.);
#3950 = DIRECTION('',(1.,0.,0.));
#3951 = PCURVE('',#126,#3952);
#3952 = DEFINITIONAL_REPRESENTATION('',(#3953),#3957);
#3953 = LINE('',#3954,#3955);
#3954 = CARTESIAN_POINT('',(3.2,34.177777777778));
#3955 = VECTOR('',#3956,1.);
#3956 = DIRECTION('',(1.,0.));
#3957 = ( GEOMETRIC_REPRESENTATION_CONTEXT(2) 
PARAMETRIC_REPRESENTATION_CONTEXT() REPRESENTATION_CONTEXT('2D SPACE',''
  ) );
#3958 = PCURVE('',#3959,#3964);
#3959 = PLANE('',#3960);
#3960 = AXIS2_PLACEMENT_3D('',#3961,#3962,#3963);
#3961 = CARTESIAN_POINT('',(-18.66666666666,12.311111111111,0.));
#3962 = DIRECTION('',(0.,1.,0.));
#3963 = DIRECTION('',(0.,0.,1.));
#3964 = DEFINITIONAL_REPRESENTATION('',(#3965),#3969);
#3965 = LINE('',#3966,#3967);
#3966 = CARTESIAN_POINT('',(30.,0.));
#3967 = VECTOR('',#3968,1.);
#3968 = DIRECTION('',(0.,1.));
#3969 = ( GEOMETRIC_REPRESENTATION_CONTEXT(2) 
PARAMETRIC_REPRESENTATION_CONTEXT() REPRESENTATION_CONTEXT('2D SPACE',''
  ) );
#3970 = ORIENTED_EDGE('',*,*,#3971,.F.);
#3971 = EDGE_CURVE('',#3972,#3944,#3974,.T.);
#3972 = VERTEX_POINT('',#3973);
#3973 = CARTESIAN_POINT('',(-6.755555555556,6.755555555556,30.));
#3974 = SURFACE_CURVE('',#3975,(#3979,#3986),.PCURVE_S1.);
#3975 = LINE('',#3976,#3977);
#3976 = CARTESIAN_POINT('',(-6.755555555556,-18.66666666666,30.));
#3977 = VECTOR('',#3978,1.);
#3978 = DIRECTION('',(0.,1.,0.));
#3979 = PCURVE('',#126,#3980);
#3980 = DEFINITIONAL_REPRESENTATION('',(#3981),#3985);
#3981 = LINE('',#3982,#3983);
#3982 = CARTESIAN_POINT('',(15.111111111111,3.2));
#3983 = VECTOR('',#3984,1.);
#3984 = DIRECTION('',(0.,1.));
#3985 = ( GEOMETRIC_REPRESENTATION_CONTEXT(2) 
PARAMETRIC_REPRESENTATION_CONTEXT() REPRESENTATION_CONTEXT('2D SPACE',''
  ) );
#3986 = PCURVE('',#3987,#3992);
#3987 = PLANE('',#3988);
#3988 = AXIS2_PLACEMENT_3D('',#3989,#3990,#3991);
#3989 = CARTESIAN_POINT('',(-6.755555555556,-18.66666666666,0.));
#3990 = DIRECTION('',(1.,0.,0.));
#3991 = DIRECTION('',(0.,0.,1.));
#3992 = DEFINITIONAL_REPRESENTATION('',(#3993),#3997);
#3993 = LINE('',#3994,#3995);
#3994 = CARTESIAN_POINT('',(30.,0.));
#3995 = VECTOR('',#3996,1.);
#3996 = DIRECTION('',(0.,-1.));
#3997 = ( GEOMETRIC_REPRESENTATION_CONTEXT(2) 
PARAMETRIC_REPRESENTATION_CONTEXT() REPRESENTATION_CONTEXT('2D SPACE',''
  ) );
#3998 = ORIENTED_EDGE('',*,*,#3999,.F.);
#3999 = EDGE_CURVE('',#3914,#3972,#4000,.T.);
#4000 = SURFACE_CURVE('',#4001,(#4005,#4012),.PCURVE_S1.);
#4001 = LINE('',#4002,#4003);
#4002 = CARTESIAN_POINT('',(-18.66666666666,6.755555555556,30.));
#4003 = VECTOR('',#4004,1.);
#4004 = DIRECTION('',(1.,0.,0.));
#4005 = PCURVE('',#126,#4006);
#4006 = DEFINITIONAL_REPRESENTATION('',(#4007),#4011);
#4007 = LINE('',#4008,#4009);
#4008 = CARTESIAN_POINT('',(3.2,28.622222222222));
#4009 = VECTOR('',#4010,1.);
#4010 = DIRECTION('',(1.,0.));
#4011 = ( GEOMETRIC_REPRESENTATION_CONTEXT(2) 
PARAMETRIC_REPRESENTATION_CONTEXT() REPRESENTATION_CONTEXT('2D SPACE',''
  ) );
#4012 = PCURVE('',#4013,#4018);
#4013 = PLANE('',#4014);
#4014 = AXIS2_PLACEMENT_3D('',#4015,#4016,#4017);
#4015 = CARTESIAN_POINT('',(-18.66666666666,6.755555555556,0.));
#4016 = DIRECTION('',(0.,1.,0.));
#4017 = DIRECTION('',(0.,0.,1.));
#4018 = DEFINITIONAL_REPRESENTATION('',(#4019),#4023);
#4019 = LINE('',#4020,#4021);
#4020 = CARTESIAN_POINT('',(30.,0.));
#4021 = VECTOR('',#4022,1.);
#4022 = DIRECTION('',(0.,1.));
#4023 = ( GEOMETRIC_REPRESENTATION_CONTEXT(2) 
PARAMETRIC_REPRESENTATION_CONTEXT() REPRESENTATION_CONTEXT('2D SPACE',''
  ) );
#4024 = FACE_BOUND('',#4025,.T.);
#4025 = EDGE_LOOP('',(#4026,#4056,#4084,#4112));
#4026 = ORIENTED_EDGE('',*,*,#4027,.T.);
#4027 = EDGE_CURVE('',#4028,#4030,#4032,.T.);
#4028 = VERTEX_POINT('',#4029);
#4029 = CARTESIAN_POINT('',(-5.955555555556,6.755555555556,30.));
#4030 = VERTEX_POINT('',#4031);
#4031 = CARTESIAN_POINT('',(-5.955555555556,12.311111111111,30.));
#4032 = SURFACE_CURVE('',#4033,(#4037,#4044),.PCURVE_S1.);
#4033 = LINE('',#4034,#4035);
#4034 = CARTESIAN_POINT('',(-5.955555555556,-18.66666666666,30.));
#4035 = VECTOR('',#4036,1.);
#4036 = DIRECTION('',(0.,1.,0.));
#4037 = PCURVE('',#126,#4038);
#4038 = DEFINITIONAL_REPRESENTATION('',(#4039),#4043);
#4039 = LINE('',#4040,#4041);
#4040 = CARTESIAN_POINT('',(15.911111111111,3.2));
#4041 = VECTOR('',#4042,1.);
#4042 = DIRECTION('',(0.,1.));
#4043 = ( GEOMETRIC_REPRESENTATION_CONTEXT(2) 
PARAMETRIC_REPRESENTATION_CONTEXT() REPRESENTATION_CONTEXT('2D SPACE',''
  ) );
#4044 = PCURVE('',#4045,#4050);
#4045 = PLANE('',#4046);
#4046 = AXIS2_PLACEMENT_3D('',#4047,#4048,#4049);
#4047 = CARTESIAN_POINT('',(-5.955555555556,-18.66666666666,0.));
#4048 = DIRECTION('',(1.,0.,0.));
#4049 = DIRECTION('',(0.,0.,1.));
#4050 = DEFINITIONAL_REPRESENTATION('',(#4051),#4055);
#4051 = LINE('',#4052,#4053);
#4052 = CARTESIAN_POINT('',(30.,0.));
#4053 = VECTOR('',#4054,1.);
#4054 = DIRECTION('',(0.,-1.));
#4055 = ( GEOMETRIC_REPRESENTATION_CONTEXT(2) 
PARAMETRIC_REPRESENTATION_CONTEXT() REPRESENTATION_CONTEXT('2D SPACE',''
  ) );
#4056 = ORIENTED_EDGE('',*,*,#4057,.T.);
#4057 = EDGE_CURVE('',#4030,#4058,#4060,.T.);
#4058 = VERTEX_POINT('',#4059);
#4059 = CARTESIAN_POINT('',(-0.4,12.311111111111,30.));
#4060 = SURFACE_CURVE('',#4061,(#4065,#4072),.PCURVE_S1.);
#4061 = LINE('',#4062,#4063);
#4062 = CARTESIAN_POINT('',(-18.66666666666,12.311111111111,30.));
#4063 = VECTOR('',#4064,1.);
#4064 = DIRECTION('',(1.,0.,0.));
#4065 = PCURVE('',#126,#4066);
#4066 = DEFINITIONAL_REPRESENTATION('',(#4067),#4071);
#4067 = LINE('',#4068,#4069);
#4068 = CARTESIAN_POINT('',(3.2,34.177777777778));
#4069 = VECTOR('',#4070,1.);
#4070 = DIRECTION('',(1.,0.));
#4071 = ( GEOMETRIC_REPRESENTATION_CONTEXT(2) 
PARAMETRIC_REPRESENTATION_CONTEXT() REPRESENTATION_CONTEXT('2D SPACE',''
  ) );
#4072 = PCURVE('',#4073,#4078);
#4073 = PLANE('',#4074);
#4074 = AXIS2_PLACEMENT_3D('',#4075,#4076,#4077);
#4075 = CARTESIAN_POINT('',(-18.66666666666,12.311111111111,0.));
#4076 = DIRECTION('',(0.,1.,0.));
#4077 = DIRECTION('',(0.,0.,1.));
#4078 = DEFINITIONAL_REPRESENTATION('',(#4079),#4083);
#4079 = LINE('',#4080,#4081);
#4080 = CARTESIAN_POINT('',(30.,0.));
#4081 = VECTOR('',#4082,1.);
#4082 = DIRECTION('',(0.,1.));
#4083 = ( GEOMETRIC_REPRESENTATION_CONTEXT(2) 
PARAMETRIC_REPRESENTATION_CONTEXT() REPRESENTATION_CONTEXT('2D SPACE',''
  ) );
#4084 = ORIENTED_EDGE('',*,*,#4085,.F.);
#4085 = EDGE_CURVE('',#4086,#4058,#4088,.T.);
#4086 = VERTEX_POINT('',#4087);
#4087 = CARTESIAN_POINT('',(-0.4,6.755555555556,30.));
#4088 = SURFACE_CURVE('',#4089,(#4093,#4100),.PCURVE_S1.);
#4089 = LINE('',#4090,#4091);
#4090 = CARTESIAN_POINT('',(-0.4,-18.66666666666,30.));
#4091 = VECTOR('',#4092,1.);
#4092 = DIRECTION('',(0.,1.,0.));
#4093 = PCURVE('',#126,#4094);
#4094 = DEFINITIONAL_REPRESENTATION('',(#4095),#4099);
#4095 = LINE('',#4096,#4097);
#4096 = CARTESIAN_POINT('',(21.466666666667,3.2));
#4097 = VECTOR('',#4098,1.);
#4098 = DIRECTION('',(0.,1.));
#4099 = ( GEOMETRIC_REPRESENTATION_CONTEXT(2) 
PARAMETRIC_REPRESENTATION_CONTEXT() REPRESENTATION_CONTEXT('2D SPACE',''
  ) );
#4100 = PCURVE('',#4101,#4106);
#4101 = PLANE('',#4102);
#4102 = AXIS2_PLACEMENT_3D('',#4103,#4104,#4105);
#4103 = CARTESIAN_POINT('',(-0.4,-18.66666666666,0.));
#4104 = DIRECTION('',(1.,0.,0.));
#4105 = DIRECTION('',(0.,0.,1.));
#4106 = DEFINITIONAL_REPRESENTATION('',(#4107),#4111);
#4107 = LINE('',#4108,#4109);
#4108 = CARTESIAN_POINT('',(30.,0.));
#4109 = VECTOR('',#4110,1.);
#4110 = DIRECTION('',(0.,-1.));
#4111 = ( GEOMETRIC_REPRESENTATION_CONTEXT(2) 
PARAMETRIC_REPRESENTATION_CONTEXT() REPRESENTATION_CONTEXT('2D SPACE',''
  ) );
#4112 = ORIENTED_EDGE('',*,*,#4113,.F.);
#4113 = EDGE_CURVE('',#4028,#4086,#4114,.T.);
#4114 = SURFACE_CURVE('',#4115,(#4119,#4126),.PCURVE_S1.);
#4115 = LINE('',#4116,#4117);
#4116 = CARTESIAN_POINT('',(-18.66666666666,6.755555555556,30.));
#4117 = VECTOR('',#4118,1.);
#4118 = DIRECTION('',(1.,0.,0.));
#4119 = PCURVE('',#126,#4120);
#4120 = DEFINITIONAL_REPRESENTATION('',(#4121),#4125);
#4121 = LINE('',#4122,#4123);
#4122 = CARTESIAN_POINT('',(3.2,28.622222222222));
#4123 = VECTOR('',#4124,1.);
#4124 = DIRECTION('',(1.,0.));
#4125 = ( GEOMETRIC_REPRESENTATION_CONTEXT(2) 
PARAMETRIC_REPRESENTATION_CONTEXT() REPRESENTATION_CONTEXT('2D SPACE',''
  ) );
#4126 = PCURVE('',#4127,#4132);
#4127 = PLANE('',#4128);
#4128 = AXIS2_PLACEMENT_3D('',#4129,#4130,#4131);
#4129 = CARTESIAN_POINT('',(-18.66666666666,6.755555555556,0.));
#4130 = DIRECTION('',(0.,1.,0.));
#4131 = DIRECTION('',(0.,0.,1.));
#4132 = DEFINITIONAL_REPRESENTATION('',(#4133),#4137);
#4133 = LINE('',#4134,#4135);
#4134 = CARTESIAN_POINT('',(30.,0.));
#4135 = VECTOR('',#4136,1.);
#4136 = DIRECTION('',(0.,1.));
#4137 = ( GEOMETRIC_REPRESENTATION_CONTEXT(2) 
PARAMETRIC_REPRESENTATION_CONTEXT() REPRESENTATION_CONTEXT('2D SPACE',''
  ) );
#4138 = FACE_BOUND('',#4139,.T.);
#4139 = EDGE_LOOP('',(#4140,#4170,#4198,#4226));
#4140 = ORIENTED_EDGE('',*,*,#4141,.T.);
#4141 = EDGE_CURVE('',#4142,#4144,#4146,.T.);
#4142 = VERTEX_POINT('',#4143);
#4143 = CARTESIAN_POINT('',(0.4,6.755555555556,30.));
#4144 = VERTEX_POINT('',#4145);
#4145 = CARTESIAN_POINT('',(0.4,12.311111111111,30.));
#4146 = SURFACE_CURVE('',#4147,(#4151,#4158),.PCURVE_S1.);
#4147 = LINE('',#4148,#4149);
#4148 = CARTESIAN_POINT('',(0.4,-18.66666666666,30.));
#4149 = VECTOR('',#4150,1.);
#4150 = DIRECTION('',(0.,1.,0.));
#4151 = PCURVE('',#126,#4152);
#4152 = DEFINITIONAL_REPRESENTATION('',(#4153),#4157);
#4153 = LINE('',#4154,#4155);
#4154 = CARTESIAN_POINT('',(22.266666666667,3.2));
#4155 = VECTOR('',#4156,1.);
#4156 = DIRECTION('',(0.,1.));
#4157 = ( GEOMETRIC_REPRESENTATION_CONTEXT(2) 
PARAMETRIC_REPRESENTATION_CONTEXT() REPRESENTATION_CONTEXT('2D SPACE',''
  ) );
#4158 = PCURVE('',#4159,#4164);
#4159 = PLANE('',#4160);
#4160 = AXIS2_PLACEMENT_3D('',#4161,#4162,#4163);
#4161 = CARTESIAN_POINT('',(0.4,-18.66666666666,0.));
#4162 = DIRECTION('',(1.,0.,0.));
#4163 = DIRECTION('',(0.,0.,1.));
#4164 = DEFINITIONAL_REPRESENTATION('',(#4165),#4169);
#4165 = LINE('',#4166,#4167);
#4166 = CARTESIAN_POINT('',(30.,0.));
#4167 = VECTOR('',#4168,1.);
#4168 = DIRECTION('',(0.,-1.));
#4169 = ( GEOMETRIC_REPRESENTATION_CONTEXT(2) 
PARAMETRIC_REPRESENTATION_CONTEXT() REPRESENTATION_CONTEXT('2D SPACE',''
  ) );
#4170 = ORIENTED_EDGE('',*,*,#4171,.T.);
#4171 = EDGE_CURVE('',#4144,#4172,#4174,.T.);
#4172 = VERTEX_POINT('',#4173);
#4173 = CARTESIAN_POINT('',(5.955555555556,12.311111111111,30.));
#4174 = SURFACE_CURVE('',#4175,(#4179,#4186),.PCURVE_S1.);
#4175 = LINE('',#4176,#4177);
#4176 = CARTESIAN_POINT('',(-18.66666666666,12.311111111111,30.));
#4177 = VECTOR('',#4178,1.);
#4178 = DIRECTION('',(1.,0.,0.));
#4179 = PCURVE('',#126,#4180);
#4180 = DEFINITIONAL_REPRESENTATION('',(#4181),#4185);
#4181 = LINE('',#4182,#4183);
#4182 = CARTESIAN_POINT('',(3.2,34.177777777778));
#4183 = VECTOR('',#4184,1.);
#4184 = DIRECTION('',(1.,0.));
#4185 = ( GEOMETRIC_REPRESENTATION_CONTEXT(2) 
PARAMETRIC_REPRESENTATION_CONTEXT() REPRESENTATION_CONTEXT('2D SPACE',''
  ) );
#4186 = PCURVE('',#4187,#4192);
#4187 = PLANE('',#4188);
#4188 = AXIS2_PLACEMENT_3D('',#4189,#4190,#4191);
#4189 = CARTESIAN_POINT('',(-18.66666666666,12.311111111111,0.));
#4190 = DIRECTION('',(0.,1.,0.));
#4191 = DIRECTION('',(0.,0.,1.));
#4192 = DEFINITIONAL_REPRESENTATION('',(#4193),#4197);
#4193 = LINE('',#4194,#4195);
#4194 = CARTESIAN_POINT('',(30.,0.));
#4195 = VECTOR('',#4196,1.);
#4196 = DIRECTION('',(0.,1.));
#4197 = ( GEOMETRIC_REPRESENTATION_CONTEXT(2) 
PARAMETRIC_REPRESENTATION_CONTEXT() REPRESENTATION_CONTEXT('2D SPACE',''
  ) );
#4198 = ORIENTED_EDGE('',*,*,#4199,.F.);
#4199 = EDGE_CURVE('',#4200,#4172,#4202,.T.);
#4200 = VERTEX_POINT('',#4201);
#4201 = CARTESIAN_POINT('',(5.955555555556,6.755555555556,30.));
#4202 = SURFACE_CURVE('',#4203,(#4207,#4214),.PCURVE_S1.);
#4203 = LINE('',#4204,#4205);
#4204 = CARTESIAN_POINT('',(5.955555555556,-18.66666666666,30.));
#4205 = VECTOR('',#4206,1.);
#4206 = DIRECTION('',(0.,1.,0.));
#4207 = PCURVE('',#126,#4208);
#4208 = DEFINITIONAL_REPRESENTATION('',(#4209),#4213);
#4209 = LINE('',#4210,#4211);
#4210 = CARTESIAN_POINT('',(27.822222222222,3.2));
#4211 = VECTOR('',#4212,1.);
#4212 = DIRECTION('',(0.,1.));
#4213 = ( GEOMETRIC_REPRESENTATION_CONTEXT(2) 
PARAMETRIC_REPRESENTATION_CONTEXT() REPRESENTATION_CONTEXT('2D SPACE',''
  ) );
#4214 = PCURVE('',#4215,#4220);
#4215 = PLANE('',#4216);
#4216 = AXIS2_PLACEMENT_3D('',#4217,#4218,#4219);
#4217 = CARTESIAN_POINT('',(5.955555555556,-18.66666666666,0.));
#4218 = DIRECTION('',(1.,0.,0.));
#4219 = DIRECTION('',(0.,0.,1.));
#4220 = DEFINITIONAL_REPRESENTATION('',(#4221),#4225);
#4221 = LINE('',#4222,#4223);
#4222 = CARTESIAN_POINT('',(30.,0.));
#4223 = VECTOR('',#4224,1.);
#4224 = DIRECTION('',(0.,-1.));
#4225 = ( GEOMETRIC_REPRESENTATION_CONTEXT(2) 
PARAMETRIC_REPRESENTATION_CONTEXT() REPRESENTATION_CONTEXT('2D SPACE',''
  ) );
#4226 = ORIENTED_EDGE('',*,*,#4227,.F.);
#4227 = EDGE_CURVE('',#4142,#4200,#4228,.T.);
#4228 = SURFACE_CURVE('',#4229,(#4233,#4240),.PCURVE_S1.);
#4229 = LINE('',#4230,#4231);
#4230 = CARTESIAN_POINT('',(-18.66666666666,6.755555555556,30.));
#4231 = VECTOR('',#4232,1.);
#4232 = DIRECTION('',(1.,0.,0.));
#4233 = PCURVE('',#126,#4234);
#4234 = DEFINITIONAL_REPRESENTATION('',(#4235),#4239);
#4235 = LINE('',#4236,#4237);
#4236 = CARTESIAN_POINT('',(3.2,28.622222222222));
#4237 = VECTOR('',#4238,1.);
#4238 = DIRECTION('',(1.,0.));
#4239 = ( GEOMETRIC_REPRESENTATION_CONTEXT(2) 
PARAMETRIC_REPRESENTATION_CONTEXT() REPRESENTATION_CONTEXT('2D SPACE',''
  ) );
#4240 = PCURVE('',#4241,#4246);
#4241 = PLANE('',#4242);
#4242 = AXIS2_PLACEMENT_3D('',#4243,#4244,#4245);
#4243 = CARTESIAN_POINT('',(-18.66666666666,6.755555555556,0.));
#4244 = DIRECTION('',(0.,1.,0.));
#4245 = DIRECTION('',(0.,0.,1.));
#4246 = DEFINITIONAL_REPRESENTATION('',(#4247),#4251);
#4247 = LINE('',#4248,#4249);
#4248 = CARTESIAN_POINT('',(30.,0.));
#4249 = VECTOR('',#4250,1.);
#4250 = DIRECTION('',(0.,1.));
#4251 = ( GEOMETRIC_REPRESENTATION_CONTEXT(2) 
PARAMETRIC_REPRESENTATION_CONTEXT() REPRESENTATION_CONTEXT('2D SPACE',''
  ) );
#4252 = FACE_BOUND('',#4253,.T.);
#4253 = EDGE_LOOP('',(#4254,#4284,#4312,#4340));
#4254 = ORIENTED_EDGE('',*,*,#4255,.T.);
#4255 = EDGE_CURVE('',#4256,#4258,#4260,.T.);
#4256 = VERTEX_POINT('',#4257);
#4257 = CARTESIAN_POINT('',(6.755555555556,6.755555555556,30.));
#4258 = VERTEX_POINT('',#4259);
#4259 = CARTESIAN_POINT('',(6.755555555556,12.311111111111,30.));
#4260 = SURFACE_CURVE('',#4261,(#4265,#4272),.PCURVE_S1.);
#4261 = LINE('',#4262,#4263);
#4262 = CARTESIAN_POINT('',(6.755555555556,-18.66666666666,30.));
#4263 = VECTOR('',#4264,1.);
#4264 = DIRECTION('',(0.,1.,0.));
#4265 = PCURVE('',#126,#4266);
#4266 = DEFINITIONAL_REPRESENTATION('',(#4267),#4271);
#4267 = LINE('',#4268,#4269);
#4268 = CARTESIAN_POINT('',(28.622222222222,3.2));
#4269 = VECTOR('',#4270,1.);
#4270 = DIRECTION('',(0.,1.));
#4271 = ( GEOMETRIC_REPRESENTATION_CONTEXT(2) 
PARAMETRIC_REPRESENTATION_CONTEXT() REPRESENTATION_CONTEXT('2D SPACE',''
  ) );
#4272 = PCURVE('',#4273,#4278);
#4273 = PLANE('',#4274);
#4274 = AXIS2_PLACEMENT_3D('',#4275,#4276,#4277);
#4275 = CARTESIAN_POINT('',(6.755555555556,-18.66666666666,0.));
#4276 = DIRECTION('',(1.,0.,0.));
#4277 = DIRECTION('',(0.,0.,1.));
#4278 = DEFINITIONAL_REPRESENTATION('',(#4279),#4283);
#4279 = LINE('',#4280,#4281);
#4280 = CARTESIAN_POINT('',(30.,0.));
#4281 = VECTOR('',#4282,1.);
#4282 = DIRECTION('',(0.,-1.));
#4283 = ( GEOMETRIC_REPRESENTATION_CONTEXT(2) 
PARAMETRIC_REPRESENTATION_CONTEXT() REPRESENTATION_CONTEXT('2D SPACE',''
  ) );
#4284 = ORIENTED_EDGE('',*,*,#4285,.T.);
#4285 = EDGE_CURVE('',#4258,#4286,#4288,.T.);
#4286 = VERTEX_POINT('',#4287);
#4287 = CARTESIAN_POINT('',(12.311111111111,12.311111111111,30.));
#4288 = SURFACE_CURVE('',#4289,(#4293,#4300),.PCURVE_S1.);
#4289 = LINE('',#4290,#4291);
#4290 = CARTESIAN_POINT('',(-18.66666666666,12.311111111111,30.));
#4291 = VECTOR('',#4292,1.);
#4292 = DIRECTION('',(1.,0.,0.));
#4293 = PCURVE('',#126,#4294);
#4294 = DEFINITIONAL_REPRESENTATION('',(#4295),#4299);
#4295 = LINE('',#4296,#4297);
#4296 = CARTESIAN_POINT('',(3.2,34.177777777778));
#4297 = VECTOR('',#4298,1.);
#4298 = DIRECTION('',(1.,0.));
#4299 = ( GEOMETRIC_REPRESENTATION_CONTEXT(2) 
PARAMETRIC_REPRESENTATION_CONTEXT() REPRESENTATION_CONTEXT('2D SPACE',''
  ) );
#4300 = PCURVE('',#4301,#4306);
#4301 = PLANE('',#4302);
#4302 = AXIS2_PLACEMENT_3D('',#4303,#4304,#4305);
#4303 = CARTESIAN_POINT('',(-18.66666666666,12.311111111111,0.));
#4304 = DIRECTION('',(0.,1.,0.));
#4305 = DIRECTION('',(0.,0.,1.));
#4306 = DEFINITIONAL_REPRESENTATION('',(#4307),#4311);
#4307 = LINE('',#4308,#4309);
#4308 = CARTESIAN_POINT('',(30.,0.));
#4309 = VECTOR('',#4310,1.);
#4310 = DIRECTION('',(0.,1.));
#4311 = ( GEOMETRIC_REPRESENTATION_CONTEXT(2) 
PARAMETRIC_REPRESENTATION_CONTEXT() REPRESENTATION_CONTEXT('2D SPACE',''
  ) );
#4312 = ORIENTED_EDGE('',*,*,#4313,.F.);
#4313 = EDGE_CURVE('',#4314,#4286,#4316,.T.);
#4314 = VERTEX_POINT('',#4315);
#4315 = CARTESIAN_POINT('',(12.311111111111,6.755555555556,30.));
#4316 = SURFACE_CURVE('',#4317,(#4321,#4328),.PCURVE_S1.);
#4317 = LINE('',#4318,#4319);
#4318 = CARTESIAN_POINT('',(12.311111111111,-18.66666666666,30.));
#4319 = VECTOR('',#4320,1.);
#4320 = DIRECTION('',(0.,1.,0.));
#4321 = PCURVE('',#126,#4322);
#4322 = DEFINITIONAL_REPRESENTATION('',(#4323),#4327);
#4323 = LINE('',#4324,#4325);
#4324 = CARTESIAN_POINT('',(34.177777777778,3.2));
#4325 = VECTOR('',#4326,1.);
#4326 = DIRECTION('',(0.,1.));
#4327 = ( GEOMETRIC_REPRESENTATION_CONTEXT(2) 
PARAMETRIC_REPRESENTATION_CONTEXT() REPRESENTATION_CONTEXT('2D SPACE',''
  ) );
#4328 = PCURVE('',#4329,#4334);
#4329 = PLANE('',#4330);
#4330 = AXIS2_PLACEMENT_3D('',#4331,#4332,#4333);
#4331 = CARTESIAN_POINT('',(12.311111111111,-18.66666666666,0.));
#4332 = DIRECTION('',(1.,0.,0.));
#4333 = DIRECTION('',(0.,0.,1.));
#4334 = DEFINITIONAL_REPRESENTATION('',(#4335),#4339);
#4335 = LINE('',#4336,#4337);
#4336 = CARTESIAN_POINT('',(30.,0.));
#4337 = VECTOR('',#4338,1.);
#4338 = DIRECTION('',(0.,-1.));
#4339 = ( GEOMETRIC_REPRESENTATION_CONTEXT(2) 
PARAMETRIC_REPRESENTATION_CONTEXT() REPRESENTATION_CONTEXT('2D SPACE',''
  ) );
#4340 = ORIENTED_EDGE('',*,*,#4341,.F.);
#4341 = EDGE_CURVE('',#4256,#4314,#4342,.T.);
#4342 = SURFACE_CURVE('',#4343,(#4347,#4354),.PCURVE_S1.);
#4343 = LINE('',#4344,#4345);
#4344 = CARTESIAN_POINT('',(-18.66666666666,6.755555555556,30.));
#4345 = VECTOR('',#4346,1.);
#4346 = DIRECTION('',(1.,0.,0.));
#4347 = PCURVE('',#126,#4348);
#4348 = DEFINITIONAL_REPRESENTATION('',(#4349),#4353);
#4349 = LINE('',#4350,#4351);
#4350 = CARTESIAN_POINT('',(3.2,28.622222222222));
#4351 = VECTOR('',#4352,1.);
#4352 = DIRECTION('',(1.,0.));
#4353 = ( GEOMETRIC_REPRESENTATION_CONTEXT(2) 
PARAMETRIC_REPRESENTATION_CONTEXT() REPRESENTATION_CONTEXT('2D SPACE',''
  ) );
#4354 = PCURVE('',#4355,#4360);
#4355 = PLANE('',#4356);
#4356 = AXIS2_PLACEMENT_3D('',#4357,#4358,#4359);
#4357 = CARTESIAN_POINT('',(-18.66666666666,6.755555555556,0.));
#4358 = DIRECTION('',(0.,1.,0.));
#4359 = DIRECTION('',(0.,0.,1.));
#4360 = DEFINITIONAL_REPRESENTATION('',(#4361),#4365);
#4361 = LINE('',#4362,#4363);
#4362 = CARTESIAN_POINT('',(30.,0.));
#4363 = VECTOR('',#4364,1.);
#4364 = DIRECTION('',(0.,1.));
#4365 = ( GEOMETRIC_REPRESENTATION_CONTEXT(2) 
PARAMETRIC_REPRESENTATION_CONTEXT() REPRESENTATION_CONTEXT('2D SPACE',''
  ) );
#4366 = ADVANCED_FACE('',(#4367),#100,.T.);
#4367 = FACE_BOUND('',#4368,.T.);
#4368 = EDGE_LOOP('',(#4369,#4392,#4393,#4394));
#4369 = ORIENTED_EDGE('',*,*,#4370,.F.);
#4370 = EDGE_CURVE('',#57,#4371,#4373,.T.);
#4371 = VERTEX_POINT('',#4372);
#4372 = CARTESIAN_POINT('',(21.866666666667,21.866666666667,0.));
#4373 = SURFACE_CURVE('',#4374,(#4378,#4385),.PCURVE_S1.);
#4374 = LINE('',#4375,#4376);
#4375 = CARTESIAN_POINT('',(-21.86666666666,21.866666666667,0.));
#4376 = VECTOR('',#4377,1.);
#4377 = DIRECTION('',(1.,0.,0.));
#4378 = PCURVE('',#100,#4379);
#4379 = DEFINITIONAL_REPRESENTATION('',(#4380),#4384);
#4380 = LINE('',#4381,#4382);
#4381 = CARTESIAN_POINT('',(0.,0.));
#4382 = VECTOR('',#4383,1.);
#4383 = DIRECTION('',(0.,1.));
#4384 = ( GEOMETRIC_REPRESENTATION_CONTEXT(2) 
PARAMETRIC_REPRESENTATION_CONTEXT() REPRESENTATION_CONTEXT('2D SPACE',''
  ) );
#4385 = PCURVE('',#72,#4386);
#4386 = DEFINITIONAL_REPRESENTATION('',(#4387),#4391);
#4387 = LINE('',#4388,#4389);
#4388 = CARTESIAN_POINT('',(0.,43.733333333333));
#4389 = VECTOR('',#4390,1.);
#4390 = DIRECTION('',(1.,0.));
#4391 = ( GEOMETRIC_REPRESENTATION_CONTEXT(2) 
PARAMETRIC_REPRESENTATION_CONTEXT() REPRESENTATION_CONTEXT('2D SPACE',''
  ) );
#4392 = ORIENTED_EDGE('',*,*,#84,.T.);
#4393 = ORIENTED_EDGE('',*,*,#242,.T.);
#4394 = ORIENTED_EDGE('',*,*,#4395,.F.);
#4395 = EDGE_CURVE('',#4371,#220,#4396,.T.);
#4396 = SURFACE_CURVE('',#4397,(#4401,#4408),.PCURVE_S1.);
#4397 = LINE('',#4398,#4399);
#4398 = CARTESIAN_POINT('',(21.866666666667,21.866666666667,0.));
#4399 = VECTOR('',#4400,1.);
#4400 = DIRECTION('',(0.,0.,1.));
#4401 = PCURVE('',#100,#4402);
#4402 = DEFINITIONAL_REPRESENTATION('',(#4403),#4407);
#4403 = LINE('',#4404,#4405);
#4404 = CARTESIAN_POINT('',(0.,43.733333333333));
#4405 = VECTOR('',#4406,1.);
#4406 = DIRECTION('',(1.,0.));
#4407 = ( GEOMETRIC_REPRESENTATION_CONTEXT(2) 
PARAMETRIC_REPRESENTATION_CONTEXT() REPRESENTATION_CONTEXT('2D SPACE',''
  ) );
#4408 = PCURVE('',#202,#4409);
#4409 = DEFINITIONAL_REPRESENTATION('',(#4410),#4414);
#4410 = LINE('',#4411,#4412);
#4411 = CARTESIAN_POINT('',(0.,-43.73333333333));
#4412 = VECTOR('',#4413,1.);
#4413 = DIRECTION('',(1.,0.));
#4414 = ( GEOMETRIC_REPRESENTATION_CONTEXT(2) 
PARAMETRIC_REPRESENTATION_CONTEXT() REPRESENTATION_CONTEXT('2D SPACE',''
  ) );
#4415 = ADVANCED_FACE('',(#4416,#4442,#4536,#4630,#4724,#4818,#4912,
    #5006,#5100,#5194,#5288,#5382,#5476,#5570,#5664,#5758,#5852,#5946,
    #6040,#6134,#6228,#6322,#6416,#6510,#6604,#6698,#6792,#6886,#6980,
    #7074,#7168,#7262,#7356,#7450,#7544,#7638,#7732),#72,.F.);
#4416 = FACE_BOUND('',#4417,.F.);
#4417 = EDGE_LOOP('',(#4418,#4419,#4420,#4441));
#4418 = ORIENTED_EDGE('',*,*,#56,.F.);
#4419 = ORIENTED_EDGE('',*,*,#141,.T.);
#4420 = ORIENTED_EDGE('',*,*,#4421,.T.);
#4421 = EDGE_CURVE('',#142,#4371,#4422,.T.);
#4422 = SURFACE_CURVE('',#4423,(#4427,#4434),.PCURVE_S1.);
#4423 = LINE('',#4424,#4425);
#4424 = CARTESIAN_POINT('',(21.866666666667,-21.86666666666,0.));
#4425 = VECTOR('',#4426,1.);
#4426 = DIRECTION('',(0.,1.,0.));
#4427 = PCURVE('',#72,#4428);
#4428 = DEFINITIONAL_REPRESENTATION('',(#4429),#4433);
#4429 = LINE('',#4430,#4431);
#4430 = CARTESIAN_POINT('',(43.733333333333,0.));
#4431 = VECTOR('',#4432,1.);
#4432 = DIRECTION('',(0.,1.));
#4433 = ( GEOMETRIC_REPRESENTATION_CONTEXT(2) 
PARAMETRIC_REPRESENTATION_CONTEXT() REPRESENTATION_CONTEXT('2D SPACE',''
  ) );
#4434 = PCURVE('',#202,#4435);
#4435 = DEFINITIONAL_REPRESENTATION('',(#4436),#4440);
#4436 = LINE('',#4437,#4438);
#4437 = CARTESIAN_POINT('',(0.,0.));
#4438 = VECTOR('',#4439,1.);
#4439 = DIRECTION('',(0.,-1.));
#4440 = ( GEOMETRIC_REPRESENTATION_CONTEXT(2) 
PARAMETRIC_REPRESENTATION_CONTEXT() REPRESENTATION_CONTEXT('2D SPACE',''
  ) );
#4441 = ORIENTED_EDGE('',*,*,#4370,.F.);
#4442 = FACE_BOUND('',#4443,.F.);
#4443 = EDGE_LOOP('',(#4444,#4469,#4492,#4515));
#4444 = ORIENTED_EDGE('',*,*,#4445,.F.);
#4445 = EDGE_CURVE('',#4446,#4448,#4450,.T.);
#4446 = VERTEX_POINT('',#4447);
#4447 = CARTESIAN_POINT('',(-18.66666666666,-18.66666666666,0.));
#4448 = VERTEX_POINT('',#4449);
#4449 = CARTESIAN_POINT('',(-13.11111111111,-18.66666666666,0.));
#4450 = SURFACE_CURVE('',#4451,(#4455,#4462),.PCURVE_S1.);
#4451 = LINE('',#4452,#4453);
#4452 = CARTESIAN_POINT('',(-18.66666666666,-18.66666666666,0.));
#4453 = VECTOR('',#4454,1.);
#4454 = DIRECTION('',(1.,0.,0.));
#4455 = PCURVE('',#72,#4456);
#4456 = DEFINITIONAL_REPRESENTATION('',(#4457),#4461);
#4457 = LINE('',#4458,#4459);
#4458 = CARTESIAN_POINT('',(3.2,3.2));
#4459 = VECTOR('',#4460,1.);
#4460 = DIRECTION('',(1.,0.));
#4461 = ( GEOMETRIC_REPRESENTATION_CONTEXT(2) 
PARAMETRIC_REPRESENTATION_CONTEXT() REPRESENTATION_CONTEXT('2D SPACE',''
  ) );
#4462 = PCURVE('',#283,#4463);
#4463 = DEFINITIONAL_REPRESENTATION('',(#4464),#4468);
#4464 = LINE('',#4465,#4466);
#4465 = CARTESIAN_POINT('',(0.,0.));
#4466 = VECTOR('',#4467,1.);
#4467 = DIRECTION('',(0.,1.));
#4468 = ( GEOMETRIC_REPRESENTATION_CONTEXT(2) 
PARAMETRIC_REPRESENTATION_CONTEXT() REPRESENTATION_CONTEXT('2D SPACE',''
  ) );
#4469 = ORIENTED_EDGE('',*,*,#4470,.T.);
#4470 = EDGE_CURVE('',#4446,#4471,#4473,.T.);
#4471 = VERTEX_POINT('',#4472);
#4472 = CARTESIAN_POINT('',(-18.66666666666,-13.11111111111,0.));
#4473 = SURFACE_CURVE('',#4474,(#4478,#4485),.PCURVE_S1.);
#4474 = LINE('',#4475,#4476);
#4475 = CARTESIAN_POINT('',(-18.66666666666,-18.66666666666,0.));
#4476 = VECTOR('',#4477,1.);
#4477 = DIRECTION('',(0.,1.,0.));
#4478 = PCURVE('',#72,#4479);
#4479 = DEFINITIONAL_REPRESENTATION('',(#4480),#4484);
#4480 = LINE('',#4481,#4482);
#4481 = CARTESIAN_POINT('',(3.2,3.2));
#4482 = VECTOR('',#4483,1.);
#4483 = DIRECTION('',(0.,1.));
#4484 = ( GEOMETRIC_REPRESENTATION_CONTEXT(2) 
PARAMETRIC_REPRESENTATION_CONTEXT() REPRESENTATION_CONTEXT('2D SPACE',''
  ) );
#4485 = PCURVE('',#311,#4486);
#4486 = DEFINITIONAL_REPRESENTATION('',(#4487),#4491);
#4487 = LINE('',#4488,#4489);
#4488 = CARTESIAN_POINT('',(0.,0.));
#4489 = VECTOR('',#4490,1.);
#4490 = DIRECTION('',(0.,-1.));
#4491 = ( GEOMETRIC_REPRESENTATION_CONTEXT(2) 
PARAMETRIC_REPRESENTATION_CONTEXT() REPRESENTATION_CONTEXT('2D SPACE',''
  ) );
#4492 = ORIENTED_EDGE('',*,*,#4493,.T.);
#4493 = EDGE_CURVE('',#4471,#4494,#4496,.T.);
#4494 = VERTEX_POINT('',#4495);
#4495 = CARTESIAN_POINT('',(-13.11111111111,-13.11111111111,0.));
#4496 = SURFACE_CURVE('',#4497,(#4501,#4508),.PCURVE_S1.);
#4497 = LINE('',#4498,#4499);
#4498 = CARTESIAN_POINT('',(-18.66666666666,-13.11111111111,0.));
#4499 = VECTOR('',#4500,1.);
#4500 = DIRECTION('',(1.,0.,0.));
#4501 = PCURVE('',#72,#4502);
#4502 = DEFINITIONAL_REPRESENTATION('',(#4503),#4507);
#4503 = LINE('',#4504,#4505);
#4504 = CARTESIAN_POINT('',(3.2,8.755555555556));
#4505 = VECTOR('',#4506,1.);
#4506 = DIRECTION('',(1.,0.));
#4507 = ( GEOMETRIC_REPRESENTATION_CONTEXT(2) 
PARAMETRIC_REPRESENTATION_CONTEXT() REPRESENTATION_CONTEXT('2D SPACE',''
  ) );
#4508 = PCURVE('',#339,#4509);
#4509 = DEFINITIONAL_REPRESENTATION('',(#4510),#4514);
#4510 = LINE('',#4511,#4512);
#4511 = CARTESIAN_POINT('',(0.,0.));
#4512 = VECTOR('',#4513,1.);
#4513 = DIRECTION('',(0.,1.));
#4514 = ( GEOMETRIC_REPRESENTATION_CONTEXT(2) 
PARAMETRIC_REPRESENTATION_CONTEXT() REPRESENTATION_CONTEXT('2D SPACE',''
  ) );
#4515 = ORIENTED_EDGE('',*,*,#4516,.F.);
#4516 = EDGE_CURVE('',#4448,#4494,#4517,.T.);
#4517 = SURFACE_CURVE('',#4518,(#4522,#4529),.PCURVE_S1.);
#4518 = LINE('',#4519,#4520);
#4519 = CARTESIAN_POINT('',(-13.11111111111,-18.66666666666,0.));
#4520 = VECTOR('',#4521,1.);
#4521 = DIRECTION('',(0.,1.,0.));
#4522 = PCURVE('',#72,#4523);
#4523 = DEFINITIONAL_REPRESENTATION('',(#4524),#4528);
#4524 = LINE('',#4525,#4526);
#4525 = CARTESIAN_POINT('',(8.755555555556,3.2));
#4526 = VECTOR('',#4527,1.);
#4527 = DIRECTION('',(0.,1.));
#4528 = ( GEOMETRIC_REPRESENTATION_CONTEXT(2) 
PARAMETRIC_REPRESENTATION_CONTEXT() REPRESENTATION_CONTEXT('2D SPACE',''
  ) );
#4529 = PCURVE('',#365,#4530);
#4530 = DEFINITIONAL_REPRESENTATION('',(#4531),#4535);
#4531 = LINE('',#4532,#4533);
#4532 = CARTESIAN_POINT('',(0.,0.));
#4533 = VECTOR('',#4534,1.);
#4534 = DIRECTION('',(0.,-1.));
#4535 = ( GEOMETRIC_REPRESENTATION_CONTEXT(2) 
PARAMETRIC_REPRESENTATION_CONTEXT() REPRESENTATION_CONTEXT('2D SPACE',''
  ) );
#4536 = FACE_BOUND('',#4537,.F.);
#4537 = EDGE_LOOP('',(#4538,#4563,#4586,#4609));
#4538 = ORIENTED_EDGE('',*,*,#4539,.T.);
#4539 = EDGE_CURVE('',#4540,#4542,#4544,.T.);
#4540 = VERTEX_POINT('',#4541);
#4541 = CARTESIAN_POINT('',(-12.31111111111,-18.66666666666,0.));
#4542 = VERTEX_POINT('',#4543);
#4543 = CARTESIAN_POINT('',(-12.31111111111,-13.11111111111,0.));
#4544 = SURFACE_CURVE('',#4545,(#4549,#4556),.PCURVE_S1.);
#4545 = LINE('',#4546,#4547);
#4546 = CARTESIAN_POINT('',(-12.31111111111,-18.66666666666,0.));
#4547 = VECTOR('',#4548,1.);
#4548 = DIRECTION('',(0.,1.,0.));
#4549 = PCURVE('',#72,#4550);
#4550 = DEFINITIONAL_REPRESENTATION('',(#4551),#4555);
#4551 = LINE('',#4552,#4553);
#4552 = CARTESIAN_POINT('',(9.555555555556,3.2));
#4553 = VECTOR('',#4554,1.);
#4554 = DIRECTION('',(0.,1.));
#4555 = ( GEOMETRIC_REPRESENTATION_CONTEXT(2) 
PARAMETRIC_REPRESENTATION_CONTEXT() REPRESENTATION_CONTEXT('2D SPACE',''
  ) );
#4556 = PCURVE('',#397,#4557);
#4557 = DEFINITIONAL_REPRESENTATION('',(#4558),#4562);
#4558 = LINE('',#4559,#4560);
#4559 = CARTESIAN_POINT('',(0.,0.));
#4560 = VECTOR('',#4561,1.);
#4561 = DIRECTION('',(0.,-1.));
#4562 = ( GEOMETRIC_REPRESENTATION_CONTEXT(2) 
PARAMETRIC_REPRESENTATION_CONTEXT() REPRESENTATION_CONTEXT('2D SPACE',''
  ) );
#4563 = ORIENTED_EDGE('',*,*,#4564,.T.);
#4564 = EDGE_CURVE('',#4542,#4565,#4567,.T.);
#4565 = VERTEX_POINT('',#4566);
#4566 = CARTESIAN_POINT('',(-6.755555555556,-13.11111111111,0.));
#4567 = SURFACE_CURVE('',#4568,(#4572,#4579),.PCURVE_S1.);
#4568 = LINE('',#4569,#4570);
#4569 = CARTESIAN_POINT('',(-18.66666666666,-13.11111111111,0.));
#4570 = VECTOR('',#4571,1.);
#4571 = DIRECTION('',(1.,0.,0.));
#4572 = PCURVE('',#72,#4573);
#4573 = DEFINITIONAL_REPRESENTATION('',(#4574),#4578);
#4574 = LINE('',#4575,#4576);
#4575 = CARTESIAN_POINT('',(3.2,8.755555555556));
#4576 = VECTOR('',#4577,1.);
#4577 = DIRECTION('',(1.,0.));
#4578 = ( GEOMETRIC_REPRESENTATION_CONTEXT(2) 
PARAMETRIC_REPRESENTATION_CONTEXT() REPRESENTATION_CONTEXT('2D SPACE',''
  ) );
#4579 = PCURVE('',#425,#4580);
#4580 = DEFINITIONAL_REPRESENTATION('',(#4581),#4585);
#4581 = LINE('',#4582,#4583);
#4582 = CARTESIAN_POINT('',(0.,0.));
#4583 = VECTOR('',#4584,1.);
#4584 = DIRECTION('',(0.,1.));
#4585 = ( GEOMETRIC_REPRESENTATION_CONTEXT(2) 
PARAMETRIC_REPRESENTATION_CONTEXT() REPRESENTATION_CONTEXT('2D SPACE',''
  ) );
#4586 = ORIENTED_EDGE('',*,*,#4587,.F.);
#4587 = EDGE_CURVE('',#4588,#4565,#4590,.T.);
#4588 = VERTEX_POINT('',#4589);
#4589 = CARTESIAN_POINT('',(-6.755555555556,-18.66666666666,0.));
#4590 = SURFACE_CURVE('',#4591,(#4595,#4602),.PCURVE_S1.);
#4591 = LINE('',#4592,#4593);
#4592 = CARTESIAN_POINT('',(-6.755555555556,-18.66666666666,0.));
#4593 = VECTOR('',#4594,1.);
#4594 = DIRECTION('',(0.,1.,0.));
#4595 = PCURVE('',#72,#4596);
#4596 = DEFINITIONAL_REPRESENTATION('',(#4597),#4601);
#4597 = LINE('',#4598,#4599);
#4598 = CARTESIAN_POINT('',(15.111111111111,3.2));
#4599 = VECTOR('',#4600,1.);
#4600 = DIRECTION('',(0.,1.));
#4601 = ( GEOMETRIC_REPRESENTATION_CONTEXT(2) 
PARAMETRIC_REPRESENTATION_CONTEXT() REPRESENTATION_CONTEXT('2D SPACE',''
  ) );
#4602 = PCURVE('',#453,#4603);
#4603 = DEFINITIONAL_REPRESENTATION('',(#4604),#4608);
#4604 = LINE('',#4605,#4606);
#4605 = CARTESIAN_POINT('',(0.,0.));
#4606 = VECTOR('',#4607,1.);
#4607 = DIRECTION('',(0.,-1.));
#4608 = ( GEOMETRIC_REPRESENTATION_CONTEXT(2) 
PARAMETRIC_REPRESENTATION_CONTEXT() REPRESENTATION_CONTEXT('2D SPACE',''
  ) );
#4609 = ORIENTED_EDGE('',*,*,#4610,.F.);
#4610 = EDGE_CURVE('',#4540,#4588,#4611,.T.);
#4611 = SURFACE_CURVE('',#4612,(#4616,#4623),.PCURVE_S1.);
#4612 = LINE('',#4613,#4614);
#4613 = CARTESIAN_POINT('',(-18.66666666666,-18.66666666666,0.));
#4614 = VECTOR('',#4615,1.);
#4615 = DIRECTION('',(1.,0.,0.));
#4616 = PCURVE('',#72,#4617);
#4617 = DEFINITIONAL_REPRESENTATION('',(#4618),#4622);
#4618 = LINE('',#4619,#4620);
#4619 = CARTESIAN_POINT('',(3.2,3.2));
#4620 = VECTOR('',#4621,1.);
#4621 = DIRECTION('',(1.,0.));
#4622 = ( GEOMETRIC_REPRESENTATION_CONTEXT(2) 
PARAMETRIC_REPRESENTATION_CONTEXT() REPRESENTATION_CONTEXT('2D SPACE',''
  ) );
#4623 = PCURVE('',#479,#4624);
#4624 = DEFINITIONAL_REPRESENTATION('',(#4625),#4629);
#4625 = LINE('',#4626,#4627);
#4626 = CARTESIAN_POINT('',(0.,0.));
#4627 = VECTOR('',#4628,1.);
#4628 = DIRECTION('',(0.,1.));
#4629 = ( GEOMETRIC_REPRESENTATION_CONTEXT(2) 
PARAMETRIC_REPRESENTATION_CONTEXT() REPRESENTATION_CONTEXT('2D SPACE',''
  ) );
#4630 = FACE_BOUND('',#4631,.F.);
#4631 = EDGE_LOOP('',(#4632,#4657,#4680,#4703));
#4632 = ORIENTED_EDGE('',*,*,#4633,.T.);
#4633 = EDGE_CURVE('',#4634,#4636,#4638,.T.);
#4634 = VERTEX_POINT('',#4635);
#4635 = CARTESIAN_POINT('',(-18.66666666666,-12.31111111111,0.));
#4636 = VERTEX_POINT('',#4637);
#4637 = CARTESIAN_POINT('',(-18.66666666666,-6.755555555556,0.));
#4638 = SURFACE_CURVE('',#4639,(#4643,#4650),.PCURVE_S1.);
#4639 = LINE('',#4640,#4641);
#4640 = CARTESIAN_POINT('',(-18.66666666666,-18.66666666666,0.));
#4641 = VECTOR('',#4642,1.);
#4642 = DIRECTION('',(0.,1.,0.));
#4643 = PCURVE('',#72,#4644);
#4644 = DEFINITIONAL_REPRESENTATION('',(#4645),#4649);
#4645 = LINE('',#4646,#4647);
#4646 = CARTESIAN_POINT('',(3.2,3.2));
#4647 = VECTOR('',#4648,1.);
#4648 = DIRECTION('',(0.,1.));
#4649 = ( GEOMETRIC_REPRESENTATION_CONTEXT(2) 
PARAMETRIC_REPRESENTATION_CONTEXT() REPRESENTATION_CONTEXT('2D SPACE',''
  ) );
#4650 = PCURVE('',#511,#4651);
#4651 = DEFINITIONAL_REPRESENTATION('',(#4652),#4656);
#4652 = LINE('',#4653,#4654);
#4653 = CARTESIAN_POINT('',(0.,0.));
#4654 = VECTOR('',#4655,1.);
#4655 = DIRECTION('',(0.,-1.));
#4656 = ( GEOMETRIC_REPRESENTATION_CONTEXT(2) 
PARAMETRIC_REPRESENTATION_CONTEXT() REPRESENTATION_CONTEXT('2D SPACE',''
  ) );
#4657 = ORIENTED_EDGE('',*,*,#4658,.T.);
#4658 = EDGE_CURVE('',#4636,#4659,#4661,.T.);
#4659 = VERTEX_POINT('',#4660);
#4660 = CARTESIAN_POINT('',(-13.11111111111,-6.755555555556,0.));
#4661 = SURFACE_CURVE('',#4662,(#4666,#4673),.PCURVE_S1.);
#4662 = LINE('',#4663,#4664);
#4663 = CARTESIAN_POINT('',(-18.66666666666,-6.755555555556,0.));
#4664 = VECTOR('',#4665,1.);
#4665 = DIRECTION('',(1.,0.,0.));
#4666 = PCURVE('',#72,#4667);
#4667 = DEFINITIONAL_REPRESENTATION('',(#4668),#4672);
#4668 = LINE('',#4669,#4670);
#4669 = CARTESIAN_POINT('',(3.2,15.111111111111));
#4670 = VECTOR('',#4671,1.);
#4671 = DIRECTION('',(1.,0.));
#4672 = ( GEOMETRIC_REPRESENTATION_CONTEXT(2) 
PARAMETRIC_REPRESENTATION_CONTEXT() REPRESENTATION_CONTEXT('2D SPACE',''
  ) );
#4673 = PCURVE('',#539,#4674);
#4674 = DEFINITIONAL_REPRESENTATION('',(#4675),#4679);
#4675 = LINE('',#4676,#4677);
#4676 = CARTESIAN_POINT('',(0.,0.));
#4677 = VECTOR('',#4678,1.);
#4678 = DIRECTION('',(0.,1.));
#4679 = ( GEOMETRIC_REPRESENTATION_CONTEXT(2) 
PARAMETRIC_REPRESENTATION_CONTEXT() REPRESENTATION_CONTEXT('2D SPACE',''
  ) );
#4680 = ORIENTED_EDGE('',*,*,#4681,.F.);
#4681 = EDGE_CURVE('',#4682,#4659,#4684,.T.);
#4682 = VERTEX_POINT('',#4683);
#4683 = CARTESIAN_POINT('',(-13.11111111111,-12.31111111111,0.));
#4684 = SURFACE_CURVE('',#4685,(#4689,#4696),.PCURVE_S1.);
#4685 = LINE('',#4686,#4687);
#4686 = CARTESIAN_POINT('',(-13.11111111111,-18.66666666666,0.));
#4687 = VECTOR('',#4688,1.);
#4688 = DIRECTION('',(0.,1.,0.));
#4689 = PCURVE('',#72,#4690);
#4690 = DEFINITIONAL_REPRESENTATION('',(#4691),#4695);
#4691 = LINE('',#4692,#4693);
#4692 = CARTESIAN_POINT('',(8.755555555556,3.2));
#4693 = VECTOR('',#4694,1.);
#4694 = DIRECTION('',(0.,1.));
#4695 = ( GEOMETRIC_REPRESENTATION_CONTEXT(2) 
PARAMETRIC_REPRESENTATION_CONTEXT() REPRESENTATION_CONTEXT('2D SPACE',''
  ) );
#4696 = PCURVE('',#567,#4697);
#4697 = DEFINITIONAL_REPRESENTATION('',(#4698),#4702);
#4698 = LINE('',#4699,#4700);
#4699 = CARTESIAN_POINT('',(0.,0.));
#4700 = VECTOR('',#4701,1.);
#4701 = DIRECTION('',(0.,-1.));
#4702 = ( GEOMETRIC_REPRESENTATION_CONTEXT(2) 
PARAMETRIC_REPRESENTATION_CONTEXT() REPRESENTATION_CONTEXT('2D SPACE',''
  ) );
#4703 = ORIENTED_EDGE('',*,*,#4704,.F.);
#4704 = EDGE_CURVE('',#4634,#4682,#4705,.T.);
#4705 = SURFACE_CURVE('',#4706,(#4710,#4717),.PCURVE_S1.);
#4706 = LINE('',#4707,#4708);
#4707 = CARTESIAN_POINT('',(-18.66666666666,-12.31111111111,0.));
#4708 = VECTOR('',#4709,1.);
#4709 = DIRECTION('',(1.,0.,0.));
#4710 = PCURVE('',#72,#4711);
#4711 = DEFINITIONAL_REPRESENTATION('',(#4712),#4716);
#4712 = LINE('',#4713,#4714);
#4713 = CARTESIAN_POINT('',(3.2,9.555555555556));
#4714 = VECTOR('',#4715,1.);
#4715 = DIRECTION('',(1.,0.));
#4716 = ( GEOMETRIC_REPRESENTATION_CONTEXT(2) 
PARAMETRIC_REPRESENTATION_CONTEXT() REPRESENTATION_CONTEXT('2D SPACE',''
  ) );
#4717 = PCURVE('',#593,#4718);
#4718 = DEFINITIONAL_REPRESENTATION('',(#4719),#4723);
#4719 = LINE('',#4720,#4721);
#4720 = CARTESIAN_POINT('',(0.,0.));
#4721 = VECTOR('',#4722,1.);
#4722 = DIRECTION('',(0.,1.));
#4723 = ( GEOMETRIC_REPRESENTATION_CONTEXT(2) 
PARAMETRIC_REPRESENTATION_CONTEXT() REPRESENTATION_CONTEXT('2D SPACE',''
  ) );
#4724 = FACE_BOUND('',#4725,.F.);
#4725 = EDGE_LOOP('',(#4726,#4751,#4774,#4797));
#4726 = ORIENTED_EDGE('',*,*,#4727,.T.);
#4727 = EDGE_CURVE('',#4728,#4730,#4732,.T.);
#4728 = VERTEX_POINT('',#4729);
#4729 = CARTESIAN_POINT('',(-12.31111111111,-12.31111111111,0.));
#4730 = VERTEX_POINT('',#4731);
#4731 = CARTESIAN_POINT('',(-12.31111111111,-6.755555555556,0.));
#4732 = SURFACE_CURVE('',#4733,(#4737,#4744),.PCURVE_S1.);
#4733 = LINE('',#4734,#4735);
#4734 = CARTESIAN_POINT('',(-12.31111111111,-18.66666666666,0.));
#4735 = VECTOR('',#4736,1.);
#4736 = DIRECTION('',(0.,1.,0.));
#4737 = PCURVE('',#72,#4738);
#4738 = DEFINITIONAL_REPRESENTATION('',(#4739),#4743);
#4739 = LINE('',#4740,#4741);
#4740 = CARTESIAN_POINT('',(9.555555555556,3.2));
#4741 = VECTOR('',#4742,1.);
#4742 = DIRECTION('',(0.,1.));
#4743 = ( GEOMETRIC_REPRESENTATION_CONTEXT(2) 
PARAMETRIC_REPRESENTATION_CONTEXT() REPRESENTATION_CONTEXT('2D SPACE',''
  ) );
#4744 = PCURVE('',#625,#4745);
#4745 = DEFINITIONAL_REPRESENTATION('',(#4746),#4750);
#4746 = LINE('',#4747,#4748);
#4747 = CARTESIAN_POINT('',(0.,0.));
#4748 = VECTOR('',#4749,1.);
#4749 = DIRECTION('',(0.,-1.));
#4750 = ( GEOMETRIC_REPRESENTATION_CONTEXT(2) 
PARAMETRIC_REPRESENTATION_CONTEXT() REPRESENTATION_CONTEXT('2D SPACE',''
  ) );
#4751 = ORIENTED_EDGE('',*,*,#4752,.T.);
#4752 = EDGE_CURVE('',#4730,#4753,#4755,.T.);
#4753 = VERTEX_POINT('',#4754);
#4754 = CARTESIAN_POINT('',(-6.755555555556,-6.755555555556,0.));
#4755 = SURFACE_CURVE('',#4756,(#4760,#4767),.PCURVE_S1.);
#4756 = LINE('',#4757,#4758);
#4757 = CARTESIAN_POINT('',(-18.66666666666,-6.755555555556,0.));
#4758 = VECTOR('',#4759,1.);
#4759 = DIRECTION('',(1.,0.,0.));
#4760 = PCURVE('',#72,#4761);
#4761 = DEFINITIONAL_REPRESENTATION('',(#4762),#4766);
#4762 = LINE('',#4763,#4764);
#4763 = CARTESIAN_POINT('',(3.2,15.111111111111));
#4764 = VECTOR('',#4765,1.);
#4765 = DIRECTION('',(1.,0.));
#4766 = ( GEOMETRIC_REPRESENTATION_CONTEXT(2) 
PARAMETRIC_REPRESENTATION_CONTEXT() REPRESENTATION_CONTEXT('2D SPACE',''
  ) );
#4767 = PCURVE('',#653,#4768);
#4768 = DEFINITIONAL_REPRESENTATION('',(#4769),#4773);
#4769 = LINE('',#4770,#4771);
#4770 = CARTESIAN_POINT('',(0.,0.));
#4771 = VECTOR('',#4772,1.);
#4772 = DIRECTION('',(0.,1.));
#4773 = ( GEOMETRIC_REPRESENTATION_CONTEXT(2) 
PARAMETRIC_REPRESENTATION_CONTEXT() REPRESENTATION_CONTEXT('2D SPACE',''
  ) );
#4774 = ORIENTED_EDGE('',*,*,#4775,.F.);
#4775 = EDGE_CURVE('',#4776,#4753,#4778,.T.);
#4776 = VERTEX_POINT('',#4777);
#4777 = CARTESIAN_POINT('',(-6.755555555556,-12.31111111111,0.));
#4778 = SURFACE_CURVE('',#4779,(#4783,#4790),.PCURVE_S1.);
#4779 = LINE('',#4780,#4781);
#4780 = CARTESIAN_POINT('',(-6.755555555556,-18.66666666666,0.));
#4781 = VECTOR('',#4782,1.);
#4782 = DIRECTION('',(0.,1.,0.));
#4783 = PCURVE('',#72,#4784);
#4784 = DEFINITIONAL_REPRESENTATION('',(#4785),#4789);
#4785 = LINE('',#4786,#4787);
#4786 = CARTESIAN_POINT('',(15.111111111111,3.2));
#4787 = VECTOR('',#4788,1.);
#4788 = DIRECTION('',(0.,1.));
#4789 = ( GEOMETRIC_REPRESENTATION_CONTEXT(2) 
PARAMETRIC_REPRESENTATION_CONTEXT() REPRESENTATION_CONTEXT('2D SPACE',''
  ) );
#4790 = PCURVE('',#681,#4791);
#4791 = DEFINITIONAL_REPRESENTATION('',(#4792),#4796);
#4792 = LINE('',#4793,#4794);
#4793 = CARTESIAN_POINT('',(0.,0.));
#4794 = VECTOR('',#4795,1.);
#4795 = DIRECTION('',(0.,-1.));
#4796 = ( GEOMETRIC_REPRESENTATION_CONTEXT(2) 
PARAMETRIC_REPRESENTATION_CONTEXT() REPRESENTATION_CONTEXT('2D SPACE',''
  ) );
#4797 = ORIENTED_EDGE('',*,*,#4798,.F.);
#4798 = EDGE_CURVE('',#4728,#4776,#4799,.T.);
#4799 = SURFACE_CURVE('',#4800,(#4804,#4811),.PCURVE_S1.);
#4800 = LINE('',#4801,#4802);
#4801 = CARTESIAN_POINT('',(-18.66666666666,-12.31111111111,0.));
#4802 = VECTOR('',#4803,1.);
#4803 = DIRECTION('',(1.,0.,0.));
#4804 = PCURVE('',#72,#4805);
#4805 = DEFINITIONAL_REPRESENTATION('',(#4806),#4810);
#4806 = LINE('',#4807,#4808);
#4807 = CARTESIAN_POINT('',(3.2,9.555555555556));
#4808 = VECTOR('',#4809,1.);
#4809 = DIRECTION('',(1.,0.));
#4810 = ( GEOMETRIC_REPRESENTATION_CONTEXT(2) 
PARAMETRIC_REPRESENTATION_CONTEXT() REPRESENTATION_CONTEXT('2D SPACE',''
  ) );
#4811 = PCURVE('',#707,#4812);
#4812 = DEFINITIONAL_REPRESENTATION('',(#4813),#4817);
#4813 = LINE('',#4814,#4815);
#4814 = CARTESIAN_POINT('',(0.,0.));
#4815 = VECTOR('',#4816,1.);
#4816 = DIRECTION('',(0.,1.));
#4817 = ( GEOMETRIC_REPRESENTATION_CONTEXT(2) 
PARAMETRIC_REPRESENTATION_CONTEXT() REPRESENTATION_CONTEXT('2D SPACE',''
  ) );
#4818 = FACE_BOUND('',#4819,.F.);
#4819 = EDGE_LOOP('',(#4820,#4845,#4868,#4891));
#4820 = ORIENTED_EDGE('',*,*,#4821,.T.);
#4821 = EDGE_CURVE('',#4822,#4824,#4826,.T.);
#4822 = VERTEX_POINT('',#4823);
#4823 = CARTESIAN_POINT('',(-5.955555555556,-18.66666666666,0.));
#4824 = VERTEX_POINT('',#4825);
#4825 = CARTESIAN_POINT('',(-5.955555555556,-13.11111111111,0.));
#4826 = SURFACE_CURVE('',#4827,(#4831,#4838),.PCURVE_S1.);
#4827 = LINE('',#4828,#4829);
#4828 = CARTESIAN_POINT('',(-5.955555555556,-18.66666666666,0.));
#4829 = VECTOR('',#4830,1.);
#4830 = DIRECTION('',(0.,1.,0.));
#4831 = PCURVE('',#72,#4832);
#4832 = DEFINITIONAL_REPRESENTATION('',(#4833),#4837);
#4833 = LINE('',#4834,#4835);
#4834 = CARTESIAN_POINT('',(15.911111111111,3.2));
#4835 = VECTOR('',#4836,1.);
#4836 = DIRECTION('',(0.,1.));
#4837 = ( GEOMETRIC_REPRESENTATION_CONTEXT(2) 
PARAMETRIC_REPRESENTATION_CONTEXT() REPRESENTATION_CONTEXT('2D SPACE',''
  ) );
#4838 = PCURVE('',#739,#4839);
#4839 = DEFINITIONAL_REPRESENTATION('',(#4840),#4844);
#4840 = LINE('',#4841,#4842);
#4841 = CARTESIAN_POINT('',(0.,0.));
#4842 = VECTOR('',#4843,1.);
#4843 = DIRECTION('',(0.,-1.));
#4844 = ( GEOMETRIC_REPRESENTATION_CONTEXT(2) 
PARAMETRIC_REPRESENTATION_CONTEXT() REPRESENTATION_CONTEXT('2D SPACE',''
  ) );
#4845 = ORIENTED_EDGE('',*,*,#4846,.T.);
#4846 = EDGE_CURVE('',#4824,#4847,#4849,.T.);
#4847 = VERTEX_POINT('',#4848);
#4848 = CARTESIAN_POINT('',(-0.4,-13.11111111111,0.));
#4849 = SURFACE_CURVE('',#4850,(#4854,#4861),.PCURVE_S1.);
#4850 = LINE('',#4851,#4852);
#4851 = CARTESIAN_POINT('',(-18.66666666666,-13.11111111111,0.));
#4852 = VECTOR('',#4853,1.);
#4853 = DIRECTION('',(1.,0.,0.));
#4854 = PCURVE('',#72,#4855);
#4855 = DEFINITIONAL_REPRESENTATION('',(#4856),#4860);
#4856 = LINE('',#4857,#4858);
#4857 = CARTESIAN_POINT('',(3.2,8.755555555556));
#4858 = VECTOR('',#4859,1.);
#4859 = DIRECTION('',(1.,0.));
#4860 = ( GEOMETRIC_REPRESENTATION_CONTEXT(2) 
PARAMETRIC_REPRESENTATION_CONTEXT() REPRESENTATION_CONTEXT('2D SPACE',''
  ) );
#4861 = PCURVE('',#767,#4862);
#4862 = DEFINITIONAL_REPRESENTATION('',(#4863),#4867);
#4863 = LINE('',#4864,#4865);
#4864 = CARTESIAN_POINT('',(0.,0.));
#4865 = VECTOR('',#4866,1.);
#4866 = DIRECTION('',(0.,1.));
#4867 = ( GEOMETRIC_REPRESENTATION_CONTEXT(2) 
PARAMETRIC_REPRESENTATION_CONTEXT() REPRESENTATION_CONTEXT('2D SPACE',''
  ) );
#4868 = ORIENTED_EDGE('',*,*,#4869,.F.);
#4869 = EDGE_CURVE('',#4870,#4847,#4872,.T.);
#4870 = VERTEX_POINT('',#4871);
#4871 = CARTESIAN_POINT('',(-0.4,-18.66666666666,0.));
#4872 = SURFACE_CURVE('',#4873,(#4877,#4884),.PCURVE_S1.);
#4873 = LINE('',#4874,#4875);
#4874 = CARTESIAN_POINT('',(-0.4,-18.66666666666,0.));
#4875 = VECTOR('',#4876,1.);
#4876 = DIRECTION('',(0.,1.,0.));
#4877 = PCURVE('',#72,#4878);
#4878 = DEFINITIONAL_REPRESENTATION('',(#4879),#4883);
#4879 = LINE('',#4880,#4881);
#4880 = CARTESIAN_POINT('',(21.466666666667,3.2));
#4881 = VECTOR('',#4882,1.);
#4882 = DIRECTION('',(0.,1.));
#4883 = ( GEOMETRIC_REPRESENTATION_CONTEXT(2) 
PARAMETRIC_REPRESENTATION_CONTEXT() REPRESENTATION_CONTEXT('2D SPACE',''
  ) );
#4884 = PCURVE('',#795,#4885);
#4885 = DEFINITIONAL_REPRESENTATION('',(#4886),#4890);
#4886 = LINE('',#4887,#4888);
#4887 = CARTESIAN_POINT('',(0.,0.));
#4888 = VECTOR('',#4889,1.);
#4889 = DIRECTION('',(0.,-1.));
#4890 = ( GEOMETRIC_REPRESENTATION_CONTEXT(2) 
PARAMETRIC_REPRESENTATION_CONTEXT() REPRESENTATION_CONTEXT('2D SPACE',''
  ) );
#4891 = ORIENTED_EDGE('',*,*,#4892,.F.);
#4892 = EDGE_CURVE('',#4822,#4870,#4893,.T.);
#4893 = SURFACE_CURVE('',#4894,(#4898,#4905),.PCURVE_S1.);
#4894 = LINE('',#4895,#4896);
#4895 = CARTESIAN_POINT('',(-18.66666666666,-18.66666666666,0.));
#4896 = VECTOR('',#4897,1.);
#4897 = DIRECTION('',(1.,0.,0.));
#4898 = PCURVE('',#72,#4899);
#4899 = DEFINITIONAL_REPRESENTATION('',(#4900),#4904);
#4900 = LINE('',#4901,#4902);
#4901 = CARTESIAN_POINT('',(3.2,3.2));
#4902 = VECTOR('',#4903,1.);
#4903 = DIRECTION('',(1.,0.));
#4904 = ( GEOMETRIC_REPRESENTATION_CONTEXT(2) 
PARAMETRIC_REPRESENTATION_CONTEXT() REPRESENTATION_CONTEXT('2D SPACE',''
  ) );
#4905 = PCURVE('',#821,#4906);
#4906 = DEFINITIONAL_REPRESENTATION('',(#4907),#4911);
#4907 = LINE('',#4908,#4909);
#4908 = CARTESIAN_POINT('',(0.,0.));
#4909 = VECTOR('',#4910,1.);
#4910 = DIRECTION('',(0.,1.));
#4911 = ( GEOMETRIC_REPRESENTATION_CONTEXT(2) 
PARAMETRIC_REPRESENTATION_CONTEXT() REPRESENTATION_CONTEXT('2D SPACE',''
  ) );
#4912 = FACE_BOUND('',#4913,.F.);
#4913 = EDGE_LOOP('',(#4914,#4939,#4962,#4985));
#4914 = ORIENTED_EDGE('',*,*,#4915,.T.);
#4915 = EDGE_CURVE('',#4916,#4918,#4920,.T.);
#4916 = VERTEX_POINT('',#4917);
#4917 = CARTESIAN_POINT('',(-5.955555555556,-12.31111111111,0.));
#4918 = VERTEX_POINT('',#4919);
#4919 = CARTESIAN_POINT('',(-5.955555555556,-6.755555555556,0.));
#4920 = SURFACE_CURVE('',#4921,(#4925,#4932),.PCURVE_S1.);
#4921 = LINE('',#4922,#4923);
#4922 = CARTESIAN_POINT('',(-5.955555555556,-18.66666666666,0.));
#4923 = VECTOR('',#4924,1.);
#4924 = DIRECTION('',(0.,1.,0.));
#4925 = PCURVE('',#72,#4926);
#4926 = DEFINITIONAL_REPRESENTATION('',(#4927),#4931);
#4927 = LINE('',#4928,#4929);
#4928 = CARTESIAN_POINT('',(15.911111111111,3.2));
#4929 = VECTOR('',#4930,1.);
#4930 = DIRECTION('',(0.,1.));
#4931 = ( GEOMETRIC_REPRESENTATION_CONTEXT(2) 
PARAMETRIC_REPRESENTATION_CONTEXT() REPRESENTATION_CONTEXT('2D SPACE',''
  ) );
#4932 = PCURVE('',#853,#4933);
#4933 = DEFINITIONAL_REPRESENTATION('',(#4934),#4938);
#4934 = LINE('',#4935,#4936);
#4935 = CARTESIAN_POINT('',(0.,0.));
#4936 = VECTOR('',#4937,1.);
#4937 = DIRECTION('',(0.,-1.));
#4938 = ( GEOMETRIC_REPRESENTATION_CONTEXT(2) 
PARAMETRIC_REPRESENTATION_CONTEXT() REPRESENTATION_CONTEXT('2D SPACE',''
  ) );
#4939 = ORIENTED_EDGE('',*,*,#4940,.T.);
#4940 = EDGE_CURVE('',#4918,#4941,#4943,.T.);
#4941 = VERTEX_POINT('',#4942);
#4942 = CARTESIAN_POINT('',(-0.4,-6.755555555556,0.));
#4943 = SURFACE_CURVE('',#4944,(#4948,#4955),.PCURVE_S1.);
#4944 = LINE('',#4945,#4946);
#4945 = CARTESIAN_POINT('',(-18.66666666666,-6.755555555556,0.));
#4946 = VECTOR('',#4947,1.);
#4947 = DIRECTION('',(1.,0.,0.));
#4948 = PCURVE('',#72,#4949);
#4949 = DEFINITIONAL_REPRESENTATION('',(#4950),#4954);
#4950 = LINE('',#4951,#4952);
#4951 = CARTESIAN_POINT('',(3.2,15.111111111111));
#4952 = VECTOR('',#4953,1.);
#4953 = DIRECTION('',(1.,0.));
#4954 = ( GEOMETRIC_REPRESENTATION_CONTEXT(2) 
PARAMETRIC_REPRESENTATION_CONTEXT() REPRESENTATION_CONTEXT('2D SPACE',''
  ) );
#4955 = PCURVE('',#881,#4956);
#4956 = DEFINITIONAL_REPRESENTATION('',(#4957),#4961);
#4957 = LINE('',#4958,#4959);
#4958 = CARTESIAN_POINT('',(0.,0.));
#4959 = VECTOR('',#4960,1.);
#4960 = DIRECTION('',(0.,1.));
#4961 = ( GEOMETRIC_REPRESENTATION_CONTEXT(2) 
PARAMETRIC_REPRESENTATION_CONTEXT() REPRESENTATION_CONTEXT('2D SPACE',''
  ) );
#4962 = ORIENTED_EDGE('',*,*,#4963,.F.);
#4963 = EDGE_CURVE('',#4964,#4941,#4966,.T.);
#4964 = VERTEX_POINT('',#4965);
#4965 = CARTESIAN_POINT('',(-0.4,-12.31111111111,0.));
#4966 = SURFACE_CURVE('',#4967,(#4971,#4978),.PCURVE_S1.);
#4967 = LINE('',#4968,#4969);
#4968 = CARTESIAN_POINT('',(-0.4,-18.66666666666,0.));
#4969 = VECTOR('',#4970,1.);
#4970 = DIRECTION('',(0.,1.,0.));
#4971 = PCURVE('',#72,#4972);
#4972 = DEFINITIONAL_REPRESENTATION('',(#4973),#4977);
#4973 = LINE('',#4974,#4975);
#4974 = CARTESIAN_POINT('',(21.466666666667,3.2));
#4975 = VECTOR('',#4976,1.);
#4976 = DIRECTION('',(0.,1.));
#4977 = ( GEOMETRIC_REPRESENTATION_CONTEXT(2) 
PARAMETRIC_REPRESENTATION_CONTEXT() REPRESENTATION_CONTEXT('2D SPACE',''
  ) );
#4978 = PCURVE('',#909,#4979);
#4979 = DEFINITIONAL_REPRESENTATION('',(#4980),#4984);
#4980 = LINE('',#4981,#4982);
#4981 = CARTESIAN_POINT('',(0.,0.));
#4982 = VECTOR('',#4983,1.);
#4983 = DIRECTION('',(0.,-1.));
#4984 = ( GEOMETRIC_REPRESENTATION_CONTEXT(2) 
PARAMETRIC_REPRESENTATION_CONTEXT() REPRESENTATION_CONTEXT('2D SPACE',''
  ) );
#4985 = ORIENTED_EDGE('',*,*,#4986,.F.);
#4986 = EDGE_CURVE('',#4916,#4964,#4987,.T.);
#4987 = SURFACE_CURVE('',#4988,(#4992,#4999),.PCURVE_S1.);
#4988 = LINE('',#4989,#4990);
#4989 = CARTESIAN_POINT('',(-18.66666666666,-12.31111111111,0.));
#4990 = VECTOR('',#4991,1.);
#4991 = DIRECTION('',(1.,0.,0.));
#4992 = PCURVE('',#72,#4993);
#4993 = DEFINITIONAL_REPRESENTATION('',(#4994),#4998);
#4994 = LINE('',#4995,#4996);
#4995 = CARTESIAN_POINT('',(3.2,9.555555555556));
#4996 = VECTOR('',#4997,1.);
#4997 = DIRECTION('',(1.,0.));
#4998 = ( GEOMETRIC_REPRESENTATION_CONTEXT(2) 
PARAMETRIC_REPRESENTATION_CONTEXT() REPRESENTATION_CONTEXT('2D SPACE',''
  ) );
#4999 = PCURVE('',#935,#5000);
#5000 = DEFINITIONAL_REPRESENTATION('',(#5001),#5005);
#5001 = LINE('',#5002,#5003);
#5002 = CARTESIAN_POINT('',(0.,0.));
#5003 = VECTOR('',#5004,1.);
#5004 = DIRECTION('',(0.,1.));
#5005 = ( GEOMETRIC_REPRESENTATION_CONTEXT(2) 
PARAMETRIC_REPRESENTATION_CONTEXT() REPRESENTATION_CONTEXT('2D SPACE',''
  ) );
#5006 = FACE_BOUND('',#5007,.F.);
#5007 = EDGE_LOOP('',(#5008,#5033,#5056,#5079));
#5008 = ORIENTED_EDGE('',*,*,#5009,.T.);
#5009 = EDGE_CURVE('',#5010,#5012,#5014,.T.);
#5010 = VERTEX_POINT('',#5011);
#5011 = CARTESIAN_POINT('',(-18.66666666666,-5.955555555556,0.));
#5012 = VERTEX_POINT('',#5013);
#5013 = CARTESIAN_POINT('',(-18.66666666666,-0.4,0.));
#5014 = SURFACE_CURVE('',#5015,(#5019,#5026),.PCURVE_S1.);
#5015 = LINE('',#5016,#5017);
#5016 = CARTESIAN_POINT('',(-18.66666666666,-18.66666666666,0.));
#5017 = VECTOR('',#5018,1.);
#5018 = DIRECTION('',(0.,1.,0.));
#5019 = PCURVE('',#72,#5020);
#5020 = DEFINITIONAL_REPRESENTATION('',(#5021),#5025);
#5021 = LINE('',#5022,#5023);
#5022 = CARTESIAN_POINT('',(3.2,3.2));
#5023 = VECTOR('',#5024,1.);
#5024 = DIRECTION('',(0.,1.));
#5025 = ( GEOMETRIC_REPRESENTATION_CONTEXT(2) 
PARAMETRIC_REPRESENTATION_CONTEXT() REPRESENTATION_CONTEXT('2D SPACE',''
  ) );
#5026 = PCURVE('',#967,#5027);
#5027 = DEFINITIONAL_REPRESENTATION('',(#5028),#5032);
#5028 = LINE('',#5029,#5030);
#5029 = CARTESIAN_POINT('',(0.,0.));
#5030 = VECTOR('',#5031,1.);
#5031 = DIRECTION('',(0.,-1.));
#5032 = ( GEOMETRIC_REPRESENTATION_CONTEXT(2) 
PARAMETRIC_REPRESENTATION_CONTEXT() REPRESENTATION_CONTEXT('2D SPACE',''
  ) );
#5033 = ORIENTED_EDGE('',*,*,#5034,.T.);
#5034 = EDGE_CURVE('',#5012,#5035,#5037,.T.);
#5035 = VERTEX_POINT('',#5036);
#5036 = CARTESIAN_POINT('',(-13.11111111111,-0.4,0.));
#5037 = SURFACE_CURVE('',#5038,(#5042,#5049),.PCURVE_S1.);
#5038 = LINE('',#5039,#5040);
#5039 = CARTESIAN_POINT('',(-18.66666666666,-0.4,0.));
#5040 = VECTOR('',#5041,1.);
#5041 = DIRECTION('',(1.,0.,0.));
#5042 = PCURVE('',#72,#5043);
#5043 = DEFINITIONAL_REPRESENTATION('',(#5044),#5048);
#5044 = LINE('',#5045,#5046);
#5045 = CARTESIAN_POINT('',(3.2,21.466666666667));
#5046 = VECTOR('',#5047,1.);
#5047 = DIRECTION('',(1.,0.));
#5048 = ( GEOMETRIC_REPRESENTATION_CONTEXT(2) 
PARAMETRIC_REPRESENTATION_CONTEXT() REPRESENTATION_CONTEXT('2D SPACE',''
  ) );
#5049 = PCURVE('',#995,#5050);
#5050 = DEFINITIONAL_REPRESENTATION('',(#5051),#5055);
#5051 = LINE('',#5052,#5053);
#5052 = CARTESIAN_POINT('',(0.,0.));
#5053 = VECTOR('',#5054,1.);
#5054 = DIRECTION('',(0.,1.));
#5055 = ( GEOMETRIC_REPRESENTATION_CONTEXT(2) 
PARAMETRIC_REPRESENTATION_CONTEXT() REPRESENTATION_CONTEXT('2D SPACE',''
  ) );
#5056 = ORIENTED_EDGE('',*,*,#5057,.F.);
#5057 = EDGE_CURVE('',#5058,#5035,#5060,.T.);
#5058 = VERTEX_POINT('',#5059);
#5059 = CARTESIAN_POINT('',(-13.11111111111,-5.955555555556,0.));
#5060 = SURFACE_CURVE('',#5061,(#5065,#5072),.PCURVE_S1.);
#5061 = LINE('',#5062,#5063);
#5062 = CARTESIAN_POINT('',(-13.11111111111,-18.66666666666,0.));
#5063 = VECTOR('',#5064,1.);
#5064 = DIRECTION('',(0.,1.,0.));
#5065 = PCURVE('',#72,#5066);
#5066 = DEFINITIONAL_REPRESENTATION('',(#5067),#5071);
#5067 = LINE('',#5068,#5069);
#5068 = CARTESIAN_POINT('',(8.755555555556,3.2));
#5069 = VECTOR('',#5070,1.);
#5070 = DIRECTION('',(0.,1.));
#5071 = ( GEOMETRIC_REPRESENTATION_CONTEXT(2) 
PARAMETRIC_REPRESENTATION_CONTEXT() REPRESENTATION_CONTEXT('2D SPACE',''
  ) );
#5072 = PCURVE('',#1023,#5073);
#5073 = DEFINITIONAL_REPRESENTATION('',(#5074),#5078);
#5074 = LINE('',#5075,#5076);
#5075 = CARTESIAN_POINT('',(0.,0.));
#5076 = VECTOR('',#5077,1.);
#5077 = DIRECTION('',(0.,-1.));
#5078 = ( GEOMETRIC_REPRESENTATION_CONTEXT(2) 
PARAMETRIC_REPRESENTATION_CONTEXT() REPRESENTATION_CONTEXT('2D SPACE',''
  ) );
#5079 = ORIENTED_EDGE('',*,*,#5080,.F.);
#5080 = EDGE_CURVE('',#5010,#5058,#5081,.T.);
#5081 = SURFACE_CURVE('',#5082,(#5086,#5093),.PCURVE_S1.);
#5082 = LINE('',#5083,#5084);
#5083 = CARTESIAN_POINT('',(-18.66666666666,-5.955555555556,0.));
#5084 = VECTOR('',#5085,1.);
#5085 = DIRECTION('',(1.,0.,0.));
#5086 = PCURVE('',#72,#5087);
#5087 = DEFINITIONAL_REPRESENTATION('',(#5088),#5092);
#5088 = LINE('',#5089,#5090);
#5089 = CARTESIAN_POINT('',(3.2,15.911111111111));
#5090 = VECTOR('',#5091,1.);
#5091 = DIRECTION('',(1.,0.));
#5092 = ( GEOMETRIC_REPRESENTATION_CONTEXT(2) 
PARAMETRIC_REPRESENTATION_CONTEXT() REPRESENTATION_CONTEXT('2D SPACE',''
  ) );
#5093 = PCURVE('',#1049,#5094);
#5094 = DEFINITIONAL_REPRESENTATION('',(#5095),#5099);
#5095 = LINE('',#5096,#5097);
#5096 = CARTESIAN_POINT('',(0.,0.));
#5097 = VECTOR('',#5098,1.);
#5098 = DIRECTION('',(0.,1.));
#5099 = ( GEOMETRIC_REPRESENTATION_CONTEXT(2) 
PARAMETRIC_REPRESENTATION_CONTEXT() REPRESENTATION_CONTEXT('2D SPACE',''
  ) );
#5100 = FACE_BOUND('',#5101,.F.);
#5101 = EDGE_LOOP('',(#5102,#5127,#5150,#5173));
#5102 = ORIENTED_EDGE('',*,*,#5103,.T.);
#5103 = EDGE_CURVE('',#5104,#5106,#5108,.T.);
#5104 = VERTEX_POINT('',#5105);
#5105 = CARTESIAN_POINT('',(-12.31111111111,-5.955555555556,0.));
#5106 = VERTEX_POINT('',#5107);
#5107 = CARTESIAN_POINT('',(-12.31111111111,-0.4,0.));
#5108 = SURFACE_CURVE('',#5109,(#5113,#5120),.PCURVE_S1.);
#5109 = LINE('',#5110,#5111);
#5110 = CARTESIAN_POINT('',(-12.31111111111,-18.66666666666,0.));
#5111 = VECTOR('',#5112,1.);
#5112 = DIRECTION('',(0.,1.,0.));
#5113 = PCURVE('',#72,#5114);
#5114 = DEFINITIONAL_REPRESENTATION('',(#5115),#5119);
#5115 = LINE('',#5116,#5117);
#5116 = CARTESIAN_POINT('',(9.555555555556,3.2));
#5117 = VECTOR('',#5118,1.);
#5118 = DIRECTION('',(0.,1.));
#5119 = ( GEOMETRIC_REPRESENTATION_CONTEXT(2) 
PARAMETRIC_REPRESENTATION_CONTEXT() REPRESENTATION_CONTEXT('2D SPACE',''
  ) );
#5120 = PCURVE('',#1081,#5121);
#5121 = DEFINITIONAL_REPRESENTATION('',(#5122),#5126);
#5122 = LINE('',#5123,#5124);
#5123 = CARTESIAN_POINT('',(0.,0.));
#5124 = VECTOR('',#5125,1.);
#5125 = DIRECTION('',(0.,-1.));
#5126 = ( GEOMETRIC_REPRESENTATION_CONTEXT(2) 
PARAMETRIC_REPRESENTATION_CONTEXT() REPRESENTATION_CONTEXT('2D SPACE',''
  ) );
#5127 = ORIENTED_EDGE('',*,*,#5128,.T.);
#5128 = EDGE_CURVE('',#5106,#5129,#5131,.T.);
#5129 = VERTEX_POINT('',#5130);
#5130 = CARTESIAN_POINT('',(-6.755555555556,-0.4,0.));
#5131 = SURFACE_CURVE('',#5132,(#5136,#5143),.PCURVE_S1.);
#5132 = LINE('',#5133,#5134);
#5133 = CARTESIAN_POINT('',(-18.66666666666,-0.4,0.));
#5134 = VECTOR('',#5135,1.);
#5135 = DIRECTION('',(1.,0.,0.));
#5136 = PCURVE('',#72,#5137);
#5137 = DEFINITIONAL_REPRESENTATION('',(#5138),#5142);
#5138 = LINE('',#5139,#5140);
#5139 = CARTESIAN_POINT('',(3.2,21.466666666667));
#5140 = VECTOR('',#5141,1.);
#5141 = DIRECTION('',(1.,0.));
#5142 = ( GEOMETRIC_REPRESENTATION_CONTEXT(2) 
PARAMETRIC_REPRESENTATION_CONTEXT() REPRESENTATION_CONTEXT('2D SPACE',''
  ) );
#5143 = PCURVE('',#1109,#5144);
#5144 = DEFINITIONAL_REPRESENTATION('',(#5145),#5149);
#5145 = LINE('',#5146,#5147);
#5146 = CARTESIAN_POINT('',(0.,0.));
#5147 = VECTOR('',#5148,1.);
#5148 = DIRECTION('',(0.,1.));
#5149 = ( GEOMETRIC_REPRESENTATION_CONTEXT(2) 
PARAMETRIC_REPRESENTATION_CONTEXT() REPRESENTATION_CONTEXT('2D SPACE',''
  ) );
#5150 = ORIENTED_EDGE('',*,*,#5151,.F.);
#5151 = EDGE_CURVE('',#5152,#5129,#5154,.T.);
#5152 = VERTEX_POINT('',#5153);
#5153 = CARTESIAN_POINT('',(-6.755555555556,-5.955555555556,0.));
#5154 = SURFACE_CURVE('',#5155,(#5159,#5166),.PCURVE_S1.);
#5155 = LINE('',#5156,#5157);
#5156 = CARTESIAN_POINT('',(-6.755555555556,-18.66666666666,0.));
#5157 = VECTOR('',#5158,1.);
#5158 = DIRECTION('',(0.,1.,0.));
#5159 = PCURVE('',#72,#5160);
#5160 = DEFINITIONAL_REPRESENTATION('',(#5161),#5165);
#5161 = LINE('',#5162,#5163);
#5162 = CARTESIAN_POINT('',(15.111111111111,3.2));
#5163 = VECTOR('',#5164,1.);
#5164 = DIRECTION('',(0.,1.));
#5165 = ( GEOMETRIC_REPRESENTATION_CONTEXT(2) 
PARAMETRIC_REPRESENTATION_CONTEXT() REPRESENTATION_CONTEXT('2D SPACE',''
  ) );
#5166 = PCURVE('',#1137,#5167);
#5167 = DEFINITIONAL_REPRESENTATION('',(#5168),#5172);
#5168 = LINE('',#5169,#5170);
#5169 = CARTESIAN_POINT('',(0.,0.));
#5170 = VECTOR('',#5171,1.);
#5171 = DIRECTION('',(0.,-1.));
#5172 = ( GEOMETRIC_REPRESENTATION_CONTEXT(2) 
PARAMETRIC_REPRESENTATION_CONTEXT() REPRESENTATION_CONTEXT('2D SPACE',''
  ) );
#5173 = ORIENTED_EDGE('',*,*,#5174,.F.);
#5174 = EDGE_CURVE('',#5104,#5152,#5175,.T.);
#5175 = SURFACE_CURVE('',#5176,(#5180,#5187),.PCURVE_S1.);
#5176 = LINE('',#5177,#5178);
#5177 = CARTESIAN_POINT('',(-18.66666666666,-5.955555555556,0.));
#5178 = VECTOR('',#5179,1.);
#5179 = DIRECTION('',(1.,0.,0.));
#5180 = PCURVE('',#72,#5181);
#5181 = DEFINITIONAL_REPRESENTATION('',(#5182),#5186);
#5182 = LINE('',#5183,#5184);
#5183 = CARTESIAN_POINT('',(3.2,15.911111111111));
#5184 = VECTOR('',#5185,1.);
#5185 = DIRECTION('',(1.,0.));
#5186 = ( GEOMETRIC_REPRESENTATION_CONTEXT(2) 
PARAMETRIC_REPRESENTATION_CONTEXT() REPRESENTATION_CONTEXT('2D SPACE',''
  ) );
#5187 = PCURVE('',#1163,#5188);
#5188 = DEFINITIONAL_REPRESENTATION('',(#5189),#5193);
#5189 = LINE('',#5190,#5191);
#5190 = CARTESIAN_POINT('',(0.,0.));
#5191 = VECTOR('',#5192,1.);
#5192 = DIRECTION('',(0.,1.));
#5193 = ( GEOMETRIC_REPRESENTATION_CONTEXT(2) 
PARAMETRIC_REPRESENTATION_CONTEXT() REPRESENTATION_CONTEXT('2D SPACE',''
  ) );
#5194 = FACE_BOUND('',#5195,.F.);
#5195 = EDGE_LOOP('',(#5196,#5221,#5244,#5267));
#5196 = ORIENTED_EDGE('',*,*,#5197,.T.);
#5197 = EDGE_CURVE('',#5198,#5200,#5202,.T.);
#5198 = VERTEX_POINT('',#5199);
#5199 = CARTESIAN_POINT('',(-5.955555555556,-5.955555555556,0.));
#5200 = VERTEX_POINT('',#5201);
#5201 = CARTESIAN_POINT('',(-5.955555555556,-0.4,0.));
#5202 = SURFACE_CURVE('',#5203,(#5207,#5214),.PCURVE_S1.);
#5203 = LINE('',#5204,#5205);
#5204 = CARTESIAN_POINT('',(-5.955555555556,-18.66666666666,0.));
#5205 = VECTOR('',#5206,1.);
#5206 = DIRECTION('',(0.,1.,0.));
#5207 = PCURVE('',#72,#5208);
#5208 = DEFINITIONAL_REPRESENTATION('',(#5209),#5213);
#5209 = LINE('',#5210,#5211);
#5210 = CARTESIAN_POINT('',(15.911111111111,3.2));
#5211 = VECTOR('',#5212,1.);
#5212 = DIRECTION('',(0.,1.));
#5213 = ( GEOMETRIC_REPRESENTATION_CONTEXT(2) 
PARAMETRIC_REPRESENTATION_CONTEXT() REPRESENTATION_CONTEXT('2D SPACE',''
  ) );
#5214 = PCURVE('',#1195,#5215);
#5215 = DEFINITIONAL_REPRESENTATION('',(#5216),#5220);
#5216 = LINE('',#5217,#5218);
#5217 = CARTESIAN_POINT('',(0.,0.));
#5218 = VECTOR('',#5219,1.);
#5219 = DIRECTION('',(0.,-1.));
#5220 = ( GEOMETRIC_REPRESENTATION_CONTEXT(2) 
PARAMETRIC_REPRESENTATION_CONTEXT() REPRESENTATION_CONTEXT('2D SPACE',''
  ) );
#5221 = ORIENTED_EDGE('',*,*,#5222,.T.);
#5222 = EDGE_CURVE('',#5200,#5223,#5225,.T.);
#5223 = VERTEX_POINT('',#5224);
#5224 = CARTESIAN_POINT('',(-0.4,-0.4,0.));
#5225 = SURFACE_CURVE('',#5226,(#5230,#5237),.PCURVE_S1.);
#5226 = LINE('',#5227,#5228);
#5227 = CARTESIAN_POINT('',(-18.66666666666,-0.4,0.));
#5228 = VECTOR('',#5229,1.);
#5229 = DIRECTION('',(1.,0.,0.));
#5230 = PCURVE('',#72,#5231);
#5231 = DEFINITIONAL_REPRESENTATION('',(#5232),#5236);
#5232 = LINE('',#5233,#5234);
#5233 = CARTESIAN_POINT('',(3.2,21.466666666667));
#5234 = VECTOR('',#5235,1.);
#5235 = DIRECTION('',(1.,0.));
#5236 = ( GEOMETRIC_REPRESENTATION_CONTEXT(2) 
PARAMETRIC_REPRESENTATION_CONTEXT() REPRESENTATION_CONTEXT('2D SPACE',''
  ) );
#5237 = PCURVE('',#1223,#5238);
#5238 = DEFINITIONAL_REPRESENTATION('',(#5239),#5243);
#5239 = LINE('',#5240,#5241);
#5240 = CARTESIAN_POINT('',(0.,0.));
#5241 = VECTOR('',#5242,1.);
#5242 = DIRECTION('',(0.,1.));
#5243 = ( GEOMETRIC_REPRESENTATION_CONTEXT(2) 
PARAMETRIC_REPRESENTATION_CONTEXT() REPRESENTATION_CONTEXT('2D SPACE',''
  ) );
#5244 = ORIENTED_EDGE('',*,*,#5245,.F.);
#5245 = EDGE_CURVE('',#5246,#5223,#5248,.T.);
#5246 = VERTEX_POINT('',#5247);
#5247 = CARTESIAN_POINT('',(-0.4,-5.955555555556,0.));
#5248 = SURFACE_CURVE('',#5249,(#5253,#5260),.PCURVE_S1.);
#5249 = LINE('',#5250,#5251);
#5250 = CARTESIAN_POINT('',(-0.4,-18.66666666666,0.));
#5251 = VECTOR('',#5252,1.);
#5252 = DIRECTION('',(0.,1.,0.));
#5253 = PCURVE('',#72,#5254);
#5254 = DEFINITIONAL_REPRESENTATION('',(#5255),#5259);
#5255 = LINE('',#5256,#5257);
#5256 = CARTESIAN_POINT('',(21.466666666667,3.2));
#5257 = VECTOR('',#5258,1.);
#5258 = DIRECTION('',(0.,1.));
#5259 = ( GEOMETRIC_REPRESENTATION_CONTEXT(2) 
PARAMETRIC_REPRESENTATION_CONTEXT() REPRESENTATION_CONTEXT('2D SPACE',''
  ) );
#5260 = PCURVE('',#1251,#5261);
#5261 = DEFINITIONAL_REPRESENTATION('',(#5262),#5266);
#5262 = LINE('',#5263,#5264);
#5263 = CARTESIAN_POINT('',(0.,0.));
#5264 = VECTOR('',#5265,1.);
#5265 = DIRECTION('',(0.,-1.));
#5266 = ( GEOMETRIC_REPRESENTATION_CONTEXT(2) 
PARAMETRIC_REPRESENTATION_CONTEXT() REPRESENTATION_CONTEXT('2D SPACE',''
  ) );
#5267 = ORIENTED_EDGE('',*,*,#5268,.F.);
#5268 = EDGE_CURVE('',#5198,#5246,#5269,.T.);
#5269 = SURFACE_CURVE('',#5270,(#5274,#5281),.PCURVE_S1.);
#5270 = LINE('',#5271,#5272);
#5271 = CARTESIAN_POINT('',(-18.66666666666,-5.955555555556,0.));
#5272 = VECTOR('',#5273,1.);
#5273 = DIRECTION('',(1.,0.,0.));
#5274 = PCURVE('',#72,#5275);
#5275 = DEFINITIONAL_REPRESENTATION('',(#5276),#5280);
#5276 = LINE('',#5277,#5278);
#5277 = CARTESIAN_POINT('',(3.2,15.911111111111));
#5278 = VECTOR('',#5279,1.);
#5279 = DIRECTION('',(1.,0.));
#5280 = ( GEOMETRIC_REPRESENTATION_CONTEXT(2) 
PARAMETRIC_REPRESENTATION_CONTEXT() REPRESENTATION_CONTEXT('2D SPACE',''
  ) );
#5281 = PCURVE('',#1277,#5282);
#5282 = DEFINITIONAL_REPRESENTATION('',(#5283),#5287);
#5283 = LINE('',#5284,#5285);
#5284 = CARTESIAN_POINT('',(0.,0.));
#5285 = VECTOR('',#5286,1.);
#5286 = DIRECTION('',(0.,1.));
#5287 = ( GEOMETRIC_REPRESENTATION_CONTEXT(2) 
PARAMETRIC_REPRESENTATION_CONTEXT() REPRESENTATION_CONTEXT('2D SPACE',''
  ) );
#5288 = FACE_BOUND('',#5289,.F.);
#5289 = EDGE_LOOP('',(#5290,#5315,#5338,#5361));
#5290 = ORIENTED_EDGE('',*,*,#5291,.T.);
#5291 = EDGE_CURVE('',#5292,#5294,#5296,.T.);
#5292 = VERTEX_POINT('',#5293);
#5293 = CARTESIAN_POINT('',(0.4,-18.66666666666,0.));
#5294 = VERTEX_POINT('',#5295);
#5295 = CARTESIAN_POINT('',(0.4,-13.11111111111,0.));
#5296 = SURFACE_CURVE('',#5297,(#5301,#5308),.PCURVE_S1.);
#5297 = LINE('',#5298,#5299);
#5298 = CARTESIAN_POINT('',(0.4,-18.66666666666,0.));
#5299 = VECTOR('',#5300,1.);
#5300 = DIRECTION('',(0.,1.,0.));
#5301 = PCURVE('',#72,#5302);
#5302 = DEFINITIONAL_REPRESENTATION('',(#5303),#5307);
#5303 = LINE('',#5304,#5305);
#5304 = CARTESIAN_POINT('',(22.266666666667,3.2));
#5305 = VECTOR('',#5306,1.);
#5306 = DIRECTION('',(0.,1.));
#5307 = ( GEOMETRIC_REPRESENTATION_CONTEXT(2) 
PARAMETRIC_REPRESENTATION_CONTEXT() REPRESENTATION_CONTEXT('2D SPACE',''
  ) );
#5308 = PCURVE('',#1309,#5309);
#5309 = DEFINITIONAL_REPRESENTATION('',(#5310),#5314);
#5310 = LINE('',#5311,#5312);
#5311 = CARTESIAN_POINT('',(0.,0.));
#5312 = VECTOR('',#5313,1.);
#5313 = DIRECTION('',(0.,-1.));
#5314 = ( GEOMETRIC_REPRESENTATION_CONTEXT(2) 
PARAMETRIC_REPRESENTATION_CONTEXT() REPRESENTATION_CONTEXT('2D SPACE',''
  ) );
#5315 = ORIENTED_EDGE('',*,*,#5316,.T.);
#5316 = EDGE_CURVE('',#5294,#5317,#5319,.T.);
#5317 = VERTEX_POINT('',#5318);
#5318 = CARTESIAN_POINT('',(5.955555555556,-13.11111111111,0.));
#5319 = SURFACE_CURVE('',#5320,(#5324,#5331),.PCURVE_S1.);
#5320 = LINE('',#5321,#5322);
#5321 = CARTESIAN_POINT('',(-18.66666666666,-13.11111111111,0.));
#5322 = VECTOR('',#5323,1.);
#5323 = DIRECTION('',(1.,0.,0.));
#5324 = PCURVE('',#72,#5325);
#5325 = DEFINITIONAL_REPRESENTATION('',(#5326),#5330);
#5326 = LINE('',#5327,#5328);
#5327 = CARTESIAN_POINT('',(3.2,8.755555555556));
#5328 = VECTOR('',#5329,1.);
#5329 = DIRECTION('',(1.,0.));
#5330 = ( GEOMETRIC_REPRESENTATION_CONTEXT(2) 
PARAMETRIC_REPRESENTATION_CONTEXT() REPRESENTATION_CONTEXT('2D SPACE',''
  ) );
#5331 = PCURVE('',#1337,#5332);
#5332 = DEFINITIONAL_REPRESENTATION('',(#5333),#5337);
#5333 = LINE('',#5334,#5335);
#5334 = CARTESIAN_POINT('',(0.,0.));
#5335 = VECTOR('',#5336,1.);
#5336 = DIRECTION('',(0.,1.));
#5337 = ( GEOMETRIC_REPRESENTATION_CONTEXT(2) 
PARAMETRIC_REPRESENTATION_CONTEXT() REPRESENTATION_CONTEXT('2D SPACE',''
  ) );
#5338 = ORIENTED_EDGE('',*,*,#5339,.F.);
#5339 = EDGE_CURVE('',#5340,#5317,#5342,.T.);
#5340 = VERTEX_POINT('',#5341);
#5341 = CARTESIAN_POINT('',(5.955555555556,-18.66666666666,0.));
#5342 = SURFACE_CURVE('',#5343,(#5347,#5354),.PCURVE_S1.);
#5343 = LINE('',#5344,#5345);
#5344 = CARTESIAN_POINT('',(5.955555555556,-18.66666666666,0.));
#5345 = VECTOR('',#5346,1.);
#5346 = DIRECTION('',(0.,1.,0.));
#5347 = PCURVE('',#72,#5348);
#5348 = DEFINITIONAL_REPRESENTATION('',(#5349),#5353);
#5349 = LINE('',#5350,#5351);
#5350 = CARTESIAN_POINT('',(27.822222222222,3.2));
#5351 = VECTOR('',#5352,1.);
#5352 = DIRECTION('',(0.,1.));
#5353 = ( GEOMETRIC_REPRESENTATION_CONTEXT(2) 
PARAMETRIC_REPRESENTATION_CONTEXT() REPRESENTATION_CONTEXT('2D SPACE',''
  ) );
#5354 = PCURVE('',#1365,#5355);
#5355 = DEFINITIONAL_REPRESENTATION('',(#5356),#5360);
#5356 = LINE('',#5357,#5358);
#5357 = CARTESIAN_POINT('',(0.,0.));
#5358 = VECTOR('',#5359,1.);
#5359 = DIRECTION('',(0.,-1.));
#5360 = ( GEOMETRIC_REPRESENTATION_CONTEXT(2) 
PARAMETRIC_REPRESENTATION_CONTEXT() REPRESENTATION_CONTEXT('2D SPACE',''
  ) );
#5361 = ORIENTED_EDGE('',*,*,#5362,.F.);
#5362 = EDGE_CURVE('',#5292,#5340,#5363,.T.);
#5363 = SURFACE_CURVE('',#5364,(#5368,#5375),.PCURVE_S1.);
#5364 = LINE('',#5365,#5366);
#5365 = CARTESIAN_POINT('',(-18.66666666666,-18.66666666666,0.));
#5366 = VECTOR('',#5367,1.);
#5367 = DIRECTION('',(1.,0.,0.));
#5368 = PCURVE('',#72,#5369);
#5369 = DEFINITIONAL_REPRESENTATION('',(#5370),#5374);
#5370 = LINE('',#5371,#5372);
#5371 = CARTESIAN_POINT('',(3.2,3.2));
#5372 = VECTOR('',#5373,1.);
#5373 = DIRECTION('',(1.,0.));
#5374 = ( GEOMETRIC_REPRESENTATION_CONTEXT(2) 
PARAMETRIC_REPRESENTATION_CONTEXT() REPRESENTATION_CONTEXT('2D SPACE',''
  ) );
#5375 = PCURVE('',#1391,#5376);
#5376 = DEFINITIONAL_REPRESENTATION('',(#5377),#5381);
#5377 = LINE('',#5378,#5379);
#5378 = CARTESIAN_POINT('',(0.,0.));
#5379 = VECTOR('',#5380,1.);
#5380 = DIRECTION('',(0.,1.));
#5381 = ( GEOMETRIC_REPRESENTATION_CONTEXT(2) 
PARAMETRIC_REPRESENTATION_CONTEXT() REPRESENTATION_CONTEXT('2D SPACE',''
  ) );
#5382 = FACE_BOUND('',#5383,.F.);
#5383 = EDGE_LOOP('',(#5384,#5409,#5432,#5455));
#5384 = ORIENTED_EDGE('',*,*,#5385,.T.);
#5385 = EDGE_CURVE('',#5386,#5388,#5390,.T.);
#5386 = VERTEX_POINT('',#5387);
#5387 = CARTESIAN_POINT('',(0.4,-12.31111111111,0.));
#5388 = VERTEX_POINT('',#5389);
#5389 = CARTESIAN_POINT('',(0.4,-6.755555555556,0.));
#5390 = SURFACE_CURVE('',#5391,(#5395,#5402),.PCURVE_S1.);
#5391 = LINE('',#5392,#5393);
#5392 = CARTESIAN_POINT('',(0.4,-18.66666666666,0.));
#5393 = VECTOR('',#5394,1.);
#5394 = DIRECTION('',(0.,1.,0.));
#5395 = PCURVE('',#72,#5396);
#5396 = DEFINITIONAL_REPRESENTATION('',(#5397),#5401);
#5397 = LINE('',#5398,#5399);
#5398 = CARTESIAN_POINT('',(22.266666666667,3.2));
#5399 = VECTOR('',#5400,1.);
#5400 = DIRECTION('',(0.,1.));
#5401 = ( GEOMETRIC_REPRESENTATION_CONTEXT(2) 
PARAMETRIC_REPRESENTATION_CONTEXT() REPRESENTATION_CONTEXT('2D SPACE',''
  ) );
#5402 = PCURVE('',#1423,#5403);
#5403 = DEFINITIONAL_REPRESENTATION('',(#5404),#5408);
#5404 = LINE('',#5405,#5406);
#5405 = CARTESIAN_POINT('',(0.,0.));
#5406 = VECTOR('',#5407,1.);
#5407 = DIRECTION('',(0.,-1.));
#5408 = ( GEOMETRIC_REPRESENTATION_CONTEXT(2) 
PARAMETRIC_REPRESENTATION_CONTEXT() REPRESENTATION_CONTEXT('2D SPACE',''
  ) );
#5409 = ORIENTED_EDGE('',*,*,#5410,.T.);
#5410 = EDGE_CURVE('',#5388,#5411,#5413,.T.);
#5411 = VERTEX_POINT('',#5412);
#5412 = CARTESIAN_POINT('',(5.955555555556,-6.755555555556,0.));
#5413 = SURFACE_CURVE('',#5414,(#5418,#5425),.PCURVE_S1.);
#5414 = LINE('',#5415,#5416);
#5415 = CARTESIAN_POINT('',(-18.66666666666,-6.755555555556,0.));
#5416 = VECTOR('',#5417,1.);
#5417 = DIRECTION('',(1.,0.,0.));
#5418 = PCURVE('',#72,#5419);
#5419 = DEFINITIONAL_REPRESENTATION('',(#5420),#5424);
#5420 = LINE('',#5421,#5422);
#5421 = CARTESIAN_POINT('',(3.2,15.111111111111));
#5422 = VECTOR('',#5423,1.);
#5423 = DIRECTION('',(1.,0.));
#5424 = ( GEOMETRIC_REPRESENTATION_CONTEXT(2) 
PARAMETRIC_REPRESENTATION_CONTEXT() REPRESENTATION_CONTEXT('2D SPACE',''
  ) );
#5425 = PCURVE('',#1451,#5426);
#5426 = DEFINITIONAL_REPRESENTATION('',(#5427),#5431);
#5427 = LINE('',#5428,#5429);
#5428 = CARTESIAN_POINT('',(0.,0.));
#5429 = VECTOR('',#5430,1.);
#5430 = DIRECTION('',(0.,1.));
#5431 = ( GEOMETRIC_REPRESENTATION_CONTEXT(2) 
PARAMETRIC_REPRESENTATION_CONTEXT() REPRESENTATION_CONTEXT('2D SPACE',''
  ) );
#5432 = ORIENTED_EDGE('',*,*,#5433,.F.);
#5433 = EDGE_CURVE('',#5434,#5411,#5436,.T.);
#5434 = VERTEX_POINT('',#5435);
#5435 = CARTESIAN_POINT('',(5.955555555556,-12.31111111111,0.));
#5436 = SURFACE_CURVE('',#5437,(#5441,#5448),.PCURVE_S1.);
#5437 = LINE('',#5438,#5439);
#5438 = CARTESIAN_POINT('',(5.955555555556,-18.66666666666,0.));
#5439 = VECTOR('',#5440,1.);
#5440 = DIRECTION('',(0.,1.,0.));
#5441 = PCURVE('',#72,#5442);
#5442 = DEFINITIONAL_REPRESENTATION('',(#5443),#5447);
#5443 = LINE('',#5444,#5445);
#5444 = CARTESIAN_POINT('',(27.822222222222,3.2));
#5445 = VECTOR('',#5446,1.);
#5446 = DIRECTION('',(0.,1.));
#5447 = ( GEOMETRIC_REPRESENTATION_CONTEXT(2) 
PARAMETRIC_REPRESENTATION_CONTEXT() REPRESENTATION_CONTEXT('2D SPACE',''
  ) );
#5448 = PCURVE('',#1479,#5449);
#5449 = DEFINITIONAL_REPRESENTATION('',(#5450),#5454);
#5450 = LINE('',#5451,#5452);
#5451 = CARTESIAN_POINT('',(0.,0.));
#5452 = VECTOR('',#5453,1.);
#5453 = DIRECTION('',(0.,-1.));
#5454 = ( GEOMETRIC_REPRESENTATION_CONTEXT(2) 
PARAMETRIC_REPRESENTATION_CONTEXT() REPRESENTATION_CONTEXT('2D SPACE',''
  ) );
#5455 = ORIENTED_EDGE('',*,*,#5456,.F.);
#5456 = EDGE_CURVE('',#5386,#5434,#5457,.T.);
#5457 = SURFACE_CURVE('',#5458,(#5462,#5469),.PCURVE_S1.);
#5458 = LINE('',#5459,#5460);
#5459 = CARTESIAN_POINT('',(-18.66666666666,-12.31111111111,0.));
#5460 = VECTOR('',#5461,1.);
#5461 = DIRECTION('',(1.,0.,0.));
#5462 = PCURVE('',#72,#5463);
#5463 = DEFINITIONAL_REPRESENTATION('',(#5464),#5468);
#5464 = LINE('',#5465,#5466);
#5465 = CARTESIAN_POINT('',(3.2,9.555555555556));
#5466 = VECTOR('',#5467,1.);
#5467 = DIRECTION('',(1.,0.));
#5468 = ( GEOMETRIC_REPRESENTATION_CONTEXT(2) 
PARAMETRIC_REPRESENTATION_CONTEXT() REPRESENTATION_CONTEXT('2D SPACE',''
  ) );
#5469 = PCURVE('',#1505,#5470);
#5470 = DEFINITIONAL_REPRESENTATION('',(#5471),#5475);
#5471 = LINE('',#5472,#5473);
#5472 = CARTESIAN_POINT('',(0.,0.));
#5473 = VECTOR('',#5474,1.);
#5474 = DIRECTION('',(0.,1.));
#5475 = ( GEOMETRIC_REPRESENTATION_CONTEXT(2) 
PARAMETRIC_REPRESENTATION_CONTEXT() REPRESENTATION_CONTEXT('2D SPACE',''
  ) );
#5476 = FACE_BOUND('',#5477,.F.);
#5477 = EDGE_LOOP('',(#5478,#5503,#5526,#5549));
#5478 = ORIENTED_EDGE('',*,*,#5479,.T.);
#5479 = EDGE_CURVE('',#5480,#5482,#5484,.T.);
#5480 = VERTEX_POINT('',#5481);
#5481 = CARTESIAN_POINT('',(6.755555555556,-18.66666666666,0.));
#5482 = VERTEX_POINT('',#5483);
#5483 = CARTESIAN_POINT('',(6.755555555556,-13.11111111111,0.));
#5484 = SURFACE_CURVE('',#5485,(#5489,#5496),.PCURVE_S1.);
#5485 = LINE('',#5486,#5487);
#5486 = CARTESIAN_POINT('',(6.755555555556,-18.66666666666,0.));
#5487 = VECTOR('',#5488,1.);
#5488 = DIRECTION('',(0.,1.,0.));
#5489 = PCURVE('',#72,#5490);
#5490 = DEFINITIONAL_REPRESENTATION('',(#5491),#5495);
#5491 = LINE('',#5492,#5493);
#5492 = CARTESIAN_POINT('',(28.622222222222,3.2));
#5493 = VECTOR('',#5494,1.);
#5494 = DIRECTION('',(0.,1.));
#5495 = ( GEOMETRIC_REPRESENTATION_CONTEXT(2) 
PARAMETRIC_REPRESENTATION_CONTEXT() REPRESENTATION_CONTEXT('2D SPACE',''
  ) );
#5496 = PCURVE('',#1537,#5497);
#5497 = DEFINITIONAL_REPRESENTATION('',(#5498),#5502);
#5498 = LINE('',#5499,#5500);
#5499 = CARTESIAN_POINT('',(0.,0.));
#5500 = VECTOR('',#5501,1.);
#5501 = DIRECTION('',(0.,-1.));
#5502 = ( GEOMETRIC_REPRESENTATION_CONTEXT(2) 
PARAMETRIC_REPRESENTATION_CONTEXT() REPRESENTATION_CONTEXT('2D SPACE',''
  ) );
#5503 = ORIENTED_EDGE('',*,*,#5504,.T.);
#5504 = EDGE_CURVE('',#5482,#5505,#5507,.T.);
#5505 = VERTEX_POINT('',#5506);
#5506 = CARTESIAN_POINT('',(12.311111111111,-13.11111111111,0.));
#5507 = SURFACE_CURVE('',#5508,(#5512,#5519),.PCURVE_S1.);
#5508 = LINE('',#5509,#5510);
#5509 = CARTESIAN_POINT('',(-18.66666666666,-13.11111111111,0.));
#5510 = VECTOR('',#5511,1.);
#5511 = DIRECTION('',(1.,0.,0.));
#5512 = PCURVE('',#72,#5513);
#5513 = DEFINITIONAL_REPRESENTATION('',(#5514),#5518);
#5514 = LINE('',#5515,#5516);
#5515 = CARTESIAN_POINT('',(3.2,8.755555555556));
#5516 = VECTOR('',#5517,1.);
#5517 = DIRECTION('',(1.,0.));
#5518 = ( GEOMETRIC_REPRESENTATION_CONTEXT(2) 
PARAMETRIC_REPRESENTATION_CONTEXT() REPRESENTATION_CONTEXT('2D SPACE',''
  ) );
#5519 = PCURVE('',#1565,#5520);
#5520 = DEFINITIONAL_REPRESENTATION('',(#5521),#5525);
#5521 = LINE('',#5522,#5523);
#5522 = CARTESIAN_POINT('',(0.,0.));
#5523 = VECTOR('',#5524,1.);
#5524 = DIRECTION('',(0.,1.));
#5525 = ( GEOMETRIC_REPRESENTATION_CONTEXT(2) 
PARAMETRIC_REPRESENTATION_CONTEXT() REPRESENTATION_CONTEXT('2D SPACE',''
  ) );
#5526 = ORIENTED_EDGE('',*,*,#5527,.F.);
#5527 = EDGE_CURVE('',#5528,#5505,#5530,.T.);
#5528 = VERTEX_POINT('',#5529);
#5529 = CARTESIAN_POINT('',(12.311111111111,-18.66666666666,0.));
#5530 = SURFACE_CURVE('',#5531,(#5535,#5542),.PCURVE_S1.);
#5531 = LINE('',#5532,#5533);
#5532 = CARTESIAN_POINT('',(12.311111111111,-18.66666666666,0.));
#5533 = VECTOR('',#5534,1.);
#5534 = DIRECTION('',(0.,1.,0.));
#5535 = PCURVE('',#72,#5536);
#5536 = DEFINITIONAL_REPRESENTATION('',(#5537),#5541);
#5537 = LINE('',#5538,#5539);
#5538 = CARTESIAN_POINT('',(34.177777777778,3.2));
#5539 = VECTOR('',#5540,1.);
#5540 = DIRECTION('',(0.,1.));
#5541 = ( GEOMETRIC_REPRESENTATION_CONTEXT(2) 
PARAMETRIC_REPRESENTATION_CONTEXT() REPRESENTATION_CONTEXT('2D SPACE',''
  ) );
#5542 = PCURVE('',#1593,#5543);
#5543 = DEFINITIONAL_REPRESENTATION('',(#5544),#5548);
#5544 = LINE('',#5545,#5546);
#5545 = CARTESIAN_POINT('',(0.,0.));
#5546 = VECTOR('',#5547,1.);
#5547 = DIRECTION('',(0.,-1.));
#5548 = ( GEOMETRIC_REPRESENTATION_CONTEXT(2) 
PARAMETRIC_REPRESENTATION_CONTEXT() REPRESENTATION_CONTEXT('2D SPACE',''
  ) );
#5549 = ORIENTED_EDGE('',*,*,#5550,.F.);
#5550 = EDGE_CURVE('',#5480,#5528,#5551,.T.);
#5551 = SURFACE_CURVE('',#5552,(#5556,#5563),.PCURVE_S1.);
#5552 = LINE('',#5553,#5554);
#5553 = CARTESIAN_POINT('',(-18.66666666666,-18.66666666666,0.));
#5554 = VECTOR('',#5555,1.);
#5555 = DIRECTION('',(1.,0.,0.));
#5556 = PCURVE('',#72,#5557);
#5557 = DEFINITIONAL_REPRESENTATION('',(#5558),#5562);
#5558 = LINE('',#5559,#5560);
#5559 = CARTESIAN_POINT('',(3.2,3.2));
#5560 = VECTOR('',#5561,1.);
#5561 = DIRECTION('',(1.,0.));
#5562 = ( GEOMETRIC_REPRESENTATION_CONTEXT(2) 
PARAMETRIC_REPRESENTATION_CONTEXT() REPRESENTATION_CONTEXT('2D SPACE',''
  ) );
#5563 = PCURVE('',#1619,#5564);
#5564 = DEFINITIONAL_REPRESENTATION('',(#5565),#5569);
#5565 = LINE('',#5566,#5567);
#5566 = CARTESIAN_POINT('',(0.,0.));
#5567 = VECTOR('',#5568,1.);
#5568 = DIRECTION('',(0.,1.));
#5569 = ( GEOMETRIC_REPRESENTATION_CONTEXT(2) 
PARAMETRIC_REPRESENTATION_CONTEXT() REPRESENTATION_CONTEXT('2D SPACE',''
  ) );
#5570 = FACE_BOUND('',#5571,.F.);
#5571 = EDGE_LOOP('',(#5572,#5597,#5620,#5643));
#5572 = ORIENTED_EDGE('',*,*,#5573,.T.);
#5573 = EDGE_CURVE('',#5574,#5576,#5578,.T.);
#5574 = VERTEX_POINT('',#5575);
#5575 = CARTESIAN_POINT('',(13.111111111111,-18.66666666666,0.));
#5576 = VERTEX_POINT('',#5577);
#5577 = CARTESIAN_POINT('',(13.111111111111,-13.11111111111,0.));
#5578 = SURFACE_CURVE('',#5579,(#5583,#5590),.PCURVE_S1.);
#5579 = LINE('',#5580,#5581);
#5580 = CARTESIAN_POINT('',(13.111111111111,-18.66666666666,0.));
#5581 = VECTOR('',#5582,1.);
#5582 = DIRECTION('',(0.,1.,0.));
#5583 = PCURVE('',#72,#5584);
#5584 = DEFINITIONAL_REPRESENTATION('',(#5585),#5589);
#5585 = LINE('',#5586,#5587);
#5586 = CARTESIAN_POINT('',(34.977777777778,3.2));
#5587 = VECTOR('',#5588,1.);
#5588 = DIRECTION('',(0.,1.));
#5589 = ( GEOMETRIC_REPRESENTATION_CONTEXT(2) 
PARAMETRIC_REPRESENTATION_CONTEXT() REPRESENTATION_CONTEXT('2D SPACE',''
  ) );
#5590 = PCURVE('',#1651,#5591);
#5591 = DEFINITIONAL_REPRESENTATION('',(#5592),#5596);
#5592 = LINE('',#5593,#5594);
#5593 = CARTESIAN_POINT('',(0.,0.));
#5594 = VECTOR('',#5595,1.);
#5595 = DIRECTION('',(0.,-1.));
#5596 = ( GEOMETRIC_REPRESENTATION_CONTEXT(2) 
PARAMETRIC_REPRESENTATION_CONTEXT() REPRESENTATION_CONTEXT('2D SPACE',''
  ) );
#5597 = ORIENTED_EDGE('',*,*,#5598,.T.);
#5598 = EDGE_CURVE('',#5576,#5599,#5601,.T.);
#5599 = VERTEX_POINT('',#5600);
#5600 = CARTESIAN_POINT('',(18.666666666667,-13.11111111111,0.));
#5601 = SURFACE_CURVE('',#5602,(#5606,#5613),.PCURVE_S1.);
#5602 = LINE('',#5603,#5604);
#5603 = CARTESIAN_POINT('',(-18.66666666666,-13.11111111111,0.));
#5604 = VECTOR('',#5605,1.);
#5605 = DIRECTION('',(1.,0.,0.));
#5606 = PCURVE('',#72,#5607);
#5607 = DEFINITIONAL_REPRESENTATION('',(#5608),#5612);
#5608 = LINE('',#5609,#5610);
#5609 = CARTESIAN_POINT('',(3.2,8.755555555556));
#5610 = VECTOR('',#5611,1.);
#5611 = DIRECTION('',(1.,0.));
#5612 = ( GEOMETRIC_REPRESENTATION_CONTEXT(2) 
PARAMETRIC_REPRESENTATION_CONTEXT() REPRESENTATION_CONTEXT('2D SPACE',''
  ) );
#5613 = PCURVE('',#1679,#5614);
#5614 = DEFINITIONAL_REPRESENTATION('',(#5615),#5619);
#5615 = LINE('',#5616,#5617);
#5616 = CARTESIAN_POINT('',(0.,0.));
#5617 = VECTOR('',#5618,1.);
#5618 = DIRECTION('',(0.,1.));
#5619 = ( GEOMETRIC_REPRESENTATION_CONTEXT(2) 
PARAMETRIC_REPRESENTATION_CONTEXT() REPRESENTATION_CONTEXT('2D SPACE',''
  ) );
#5620 = ORIENTED_EDGE('',*,*,#5621,.F.);
#5621 = EDGE_CURVE('',#5622,#5599,#5624,.T.);
#5622 = VERTEX_POINT('',#5623);
#5623 = CARTESIAN_POINT('',(18.666666666667,-18.66666666666,0.));
#5624 = SURFACE_CURVE('',#5625,(#5629,#5636),.PCURVE_S1.);
#5625 = LINE('',#5626,#5627);
#5626 = CARTESIAN_POINT('',(18.666666666667,-18.66666666666,0.));
#5627 = VECTOR('',#5628,1.);
#5628 = DIRECTION('',(0.,1.,0.));
#5629 = PCURVE('',#72,#5630);
#5630 = DEFINITIONAL_REPRESENTATION('',(#5631),#5635);
#5631 = LINE('',#5632,#5633);
#5632 = CARTESIAN_POINT('',(40.533333333333,3.2));
#5633 = VECTOR('',#5634,1.);
#5634 = DIRECTION('',(0.,1.));
#5635 = ( GEOMETRIC_REPRESENTATION_CONTEXT(2) 
PARAMETRIC_REPRESENTATION_CONTEXT() REPRESENTATION_CONTEXT('2D SPACE',''
  ) );
#5636 = PCURVE('',#1707,#5637);
#5637 = DEFINITIONAL_REPRESENTATION('',(#5638),#5642);
#5638 = LINE('',#5639,#5640);
#5639 = CARTESIAN_POINT('',(0.,0.));
#5640 = VECTOR('',#5641,1.);
#5641 = DIRECTION('',(0.,-1.));
#5642 = ( GEOMETRIC_REPRESENTATION_CONTEXT(2) 
PARAMETRIC_REPRESENTATION_CONTEXT() REPRESENTATION_CONTEXT('2D SPACE',''
  ) );
#5643 = ORIENTED_EDGE('',*,*,#5644,.F.);
#5644 = EDGE_CURVE('',#5574,#5622,#5645,.T.);
#5645 = SURFACE_CURVE('',#5646,(#5650,#5657),.PCURVE_S1.);
#5646 = LINE('',#5647,#5648);
#5647 = CARTESIAN_POINT('',(-18.66666666666,-18.66666666666,0.));
#5648 = VECTOR('',#5649,1.);
#5649 = DIRECTION('',(1.,0.,0.));
#5650 = PCURVE('',#72,#5651);
#5651 = DEFINITIONAL_REPRESENTATION('',(#5652),#5656);
#5652 = LINE('',#5653,#5654);
#5653 = CARTESIAN_POINT('',(3.2,3.2));
#5654 = VECTOR('',#5655,1.);
#5655 = DIRECTION('',(1.,0.));
#5656 = ( GEOMETRIC_REPRESENTATION_CONTEXT(2) 
PARAMETRIC_REPRESENTATION_CONTEXT() REPRESENTATION_CONTEXT('2D SPACE',''
  ) );
#5657 = PCURVE('',#1733,#5658);
#5658 = DEFINITIONAL_REPRESENTATION('',(#5659),#5663);
#5659 = LINE('',#5660,#5661);
#5660 = CARTESIAN_POINT('',(0.,0.));
#5661 = VECTOR('',#5662,1.);
#5662 = DIRECTION('',(0.,1.));
#5663 = ( GEOMETRIC_REPRESENTATION_CONTEXT(2) 
PARAMETRIC_REPRESENTATION_CONTEXT() REPRESENTATION_CONTEXT('2D SPACE',''
  ) );
#5664 = FACE_BOUND('',#5665,.F.);
#5665 = EDGE_LOOP('',(#5666,#5691,#5714,#5737));
#5666 = ORIENTED_EDGE('',*,*,#5667,.T.);
#5667 = EDGE_CURVE('',#5668,#5670,#5672,.T.);
#5668 = VERTEX_POINT('',#5669);
#5669 = CARTESIAN_POINT('',(6.755555555556,-12.31111111111,0.));
#5670 = VERTEX_POINT('',#5671);
#5671 = CARTESIAN_POINT('',(6.755555555556,-6.755555555556,0.));
#5672 = SURFACE_CURVE('',#5673,(#5677,#5684),.PCURVE_S1.);
#5673 = LINE('',#5674,#5675);
#5674 = CARTESIAN_POINT('',(6.755555555556,-18.66666666666,0.));
#5675 = VECTOR('',#5676,1.);
#5676 = DIRECTION('',(0.,1.,0.));
#5677 = PCURVE('',#72,#5678);
#5678 = DEFINITIONAL_REPRESENTATION('',(#5679),#5683);
#5679 = LINE('',#5680,#5681);
#5680 = CARTESIAN_POINT('',(28.622222222222,3.2));
#5681 = VECTOR('',#5682,1.);
#5682 = DIRECTION('',(0.,1.));
#5683 = ( GEOMETRIC_REPRESENTATION_CONTEXT(2) 
PARAMETRIC_REPRESENTATION_CONTEXT() REPRESENTATION_CONTEXT('2D SPACE',''
  ) );
#5684 = PCURVE('',#1765,#5685);
#5685 = DEFINITIONAL_REPRESENTATION('',(#5686),#5690);
#5686 = LINE('',#5687,#5688);
#5687 = CARTESIAN_POINT('',(0.,0.));
#5688 = VECTOR('',#5689,1.);
#5689 = DIRECTION('',(0.,-1.));
#5690 = ( GEOMETRIC_REPRESENTATION_CONTEXT(2) 
PARAMETRIC_REPRESENTATION_CONTEXT() REPRESENTATION_CONTEXT('2D SPACE',''
  ) );
#5691 = ORIENTED_EDGE('',*,*,#5692,.T.);
#5692 = EDGE_CURVE('',#5670,#5693,#5695,.T.);
#5693 = VERTEX_POINT('',#5694);
#5694 = CARTESIAN_POINT('',(12.311111111111,-6.755555555556,0.));
#5695 = SURFACE_CURVE('',#5696,(#5700,#5707),.PCURVE_S1.);
#5696 = LINE('',#5697,#5698);
#5697 = CARTESIAN_POINT('',(-18.66666666666,-6.755555555556,0.));
#5698 = VECTOR('',#5699,1.);
#5699 = DIRECTION('',(1.,0.,0.));
#5700 = PCURVE('',#72,#5701);
#5701 = DEFINITIONAL_REPRESENTATION('',(#5702),#5706);
#5702 = LINE('',#5703,#5704);
#5703 = CARTESIAN_POINT('',(3.2,15.111111111111));
#5704 = VECTOR('',#5705,1.);
#5705 = DIRECTION('',(1.,0.));
#5706 = ( GEOMETRIC_REPRESENTATION_CONTEXT(2) 
PARAMETRIC_REPRESENTATION_CONTEXT() REPRESENTATION_CONTEXT('2D SPACE',''
  ) );
#5707 = PCURVE('',#1793,#5708);
#5708 = DEFINITIONAL_REPRESENTATION('',(#5709),#5713);
#5709 = LINE('',#5710,#5711);
#5710 = CARTESIAN_POINT('',(0.,0.));
#5711 = VECTOR('',#5712,1.);
#5712 = DIRECTION('',(0.,1.));
#5713 = ( GEOMETRIC_REPRESENTATION_CONTEXT(2) 
PARAMETRIC_REPRESENTATION_CONTEXT() REPRESENTATION_CONTEXT('2D SPACE',''
  ) );
#5714 = ORIENTED_EDGE('',*,*,#5715,.F.);
#5715 = EDGE_CURVE('',#5716,#5693,#5718,.T.);
#5716 = VERTEX_POINT('',#5717);
#5717 = CARTESIAN_POINT('',(12.311111111111,-12.31111111111,0.));
#5718 = SURFACE_CURVE('',#5719,(#5723,#5730),.PCURVE_S1.);
#5719 = LINE('',#5720,#5721);
#5720 = CARTESIAN_POINT('',(12.311111111111,-18.66666666666,0.));
#5721 = VECTOR('',#5722,1.);
#5722 = DIRECTION('',(0.,1.,0.));
#5723 = PCURVE('',#72,#5724);
#5724 = DEFINITIONAL_REPRESENTATION('',(#5725),#5729);
#5725 = LINE('',#5726,#5727);
#5726 = CARTESIAN_POINT('',(34.177777777778,3.2));
#5727 = VECTOR('',#5728,1.);
#5728 = DIRECTION('',(0.,1.));
#5729 = ( GEOMETRIC_REPRESENTATION_CONTEXT(2) 
PARAMETRIC_REPRESENTATION_CONTEXT() REPRESENTATION_CONTEXT('2D SPACE',''
  ) );
#5730 = PCURVE('',#1821,#5731);
#5731 = DEFINITIONAL_REPRESENTATION('',(#5732),#5736);
#5732 = LINE('',#5733,#5734);
#5733 = CARTESIAN_POINT('',(0.,0.));
#5734 = VECTOR('',#5735,1.);
#5735 = DIRECTION('',(0.,-1.));
#5736 = ( GEOMETRIC_REPRESENTATION_CONTEXT(2) 
PARAMETRIC_REPRESENTATION_CONTEXT() REPRESENTATION_CONTEXT('2D SPACE',''
  ) );
#5737 = ORIENTED_EDGE('',*,*,#5738,.F.);
#5738 = EDGE_CURVE('',#5668,#5716,#5739,.T.);
#5739 = SURFACE_CURVE('',#5740,(#5744,#5751),.PCURVE_S1.);
#5740 = LINE('',#5741,#5742);
#5741 = CARTESIAN_POINT('',(-18.66666666666,-12.31111111111,0.));
#5742 = VECTOR('',#5743,1.);
#5743 = DIRECTION('',(1.,0.,0.));
#5744 = PCURVE('',#72,#5745);
#5745 = DEFINITIONAL_REPRESENTATION('',(#5746),#5750);
#5746 = LINE('',#5747,#5748);
#5747 = CARTESIAN_POINT('',(3.2,9.555555555556));
#5748 = VECTOR('',#5749,1.);
#5749 = DIRECTION('',(1.,0.));
#5750 = ( GEOMETRIC_REPRESENTATION_CONTEXT(2) 
PARAMETRIC_REPRESENTATION_CONTEXT() REPRESENTATION_CONTEXT('2D SPACE',''
  ) );
#5751 = PCURVE('',#1847,#5752);
#5752 = DEFINITIONAL_REPRESENTATION('',(#5753),#5757);
#5753 = LINE('',#5754,#5755);
#5754 = CARTESIAN_POINT('',(0.,0.));
#5755 = VECTOR('',#5756,1.);
#5756 = DIRECTION('',(0.,1.));
#5757 = ( GEOMETRIC_REPRESENTATION_CONTEXT(2) 
PARAMETRIC_REPRESENTATION_CONTEXT() REPRESENTATION_CONTEXT('2D SPACE',''
  ) );
#5758 = FACE_BOUND('',#5759,.F.);
#5759 = EDGE_LOOP('',(#5760,#5785,#5808,#5831));
#5760 = ORIENTED_EDGE('',*,*,#5761,.F.);
#5761 = EDGE_CURVE('',#5762,#5764,#5766,.T.);
#5762 = VERTEX_POINT('',#5763);
#5763 = CARTESIAN_POINT('',(18.666666666667,-12.31111111111,0.));
#5764 = VERTEX_POINT('',#5765);
#5765 = CARTESIAN_POINT('',(18.666666666667,-6.755555555556,0.));
#5766 = SURFACE_CURVE('',#5767,(#5771,#5778),.PCURVE_S1.);
#5767 = LINE('',#5768,#5769);
#5768 = CARTESIAN_POINT('',(18.666666666667,-18.66666666666,0.));
#5769 = VECTOR('',#5770,1.);
#5770 = DIRECTION('',(0.,1.,0.));
#5771 = PCURVE('',#72,#5772);
#5772 = DEFINITIONAL_REPRESENTATION('',(#5773),#5777);
#5773 = LINE('',#5774,#5775);
#5774 = CARTESIAN_POINT('',(40.533333333333,3.2));
#5775 = VECTOR('',#5776,1.);
#5776 = DIRECTION('',(0.,1.));
#5777 = ( GEOMETRIC_REPRESENTATION_CONTEXT(2) 
PARAMETRIC_REPRESENTATION_CONTEXT() REPRESENTATION_CONTEXT('2D SPACE',''
  ) );
#5778 = PCURVE('',#1879,#5779);
#5779 = DEFINITIONAL_REPRESENTATION('',(#5780),#5784);
#5780 = LINE('',#5781,#5782);
#5781 = CARTESIAN_POINT('',(0.,0.));
#5782 = VECTOR('',#5783,1.);
#5783 = DIRECTION('',(0.,-1.));
#5784 = ( GEOMETRIC_REPRESENTATION_CONTEXT(2) 
PARAMETRIC_REPRESENTATION_CONTEXT() REPRESENTATION_CONTEXT('2D SPACE',''
  ) );
#5785 = ORIENTED_EDGE('',*,*,#5786,.F.);
#5786 = EDGE_CURVE('',#5787,#5762,#5789,.T.);
#5787 = VERTEX_POINT('',#5788);
#5788 = CARTESIAN_POINT('',(13.111111111111,-12.31111111111,0.));
#5789 = SURFACE_CURVE('',#5790,(#5794,#5801),.PCURVE_S1.);
#5790 = LINE('',#5791,#5792);
#5791 = CARTESIAN_POINT('',(-18.66666666666,-12.31111111111,0.));
#5792 = VECTOR('',#5793,1.);
#5793 = DIRECTION('',(1.,0.,0.));
#5794 = PCURVE('',#72,#5795);
#5795 = DEFINITIONAL_REPRESENTATION('',(#5796),#5800);
#5796 = LINE('',#5797,#5798);
#5797 = CARTESIAN_POINT('',(3.2,9.555555555556));
#5798 = VECTOR('',#5799,1.);
#5799 = DIRECTION('',(1.,0.));
#5800 = ( GEOMETRIC_REPRESENTATION_CONTEXT(2) 
PARAMETRIC_REPRESENTATION_CONTEXT() REPRESENTATION_CONTEXT('2D SPACE',''
  ) );
#5801 = PCURVE('',#1907,#5802);
#5802 = DEFINITIONAL_REPRESENTATION('',(#5803),#5807);
#5803 = LINE('',#5804,#5805);
#5804 = CARTESIAN_POINT('',(0.,0.));
#5805 = VECTOR('',#5806,1.);
#5806 = DIRECTION('',(0.,1.));
#5807 = ( GEOMETRIC_REPRESENTATION_CONTEXT(2) 
PARAMETRIC_REPRESENTATION_CONTEXT() REPRESENTATION_CONTEXT('2D SPACE',''
  ) );
#5808 = ORIENTED_EDGE('',*,*,#5809,.T.);
#5809 = EDGE_CURVE('',#5787,#5810,#5812,.T.);
#5810 = VERTEX_POINT('',#5811);
#5811 = CARTESIAN_POINT('',(13.111111111111,-6.755555555556,0.));
#5812 = SURFACE_CURVE('',#5813,(#5817,#5824),.PCURVE_S1.);
#5813 = LINE('',#5814,#5815);
#5814 = CARTESIAN_POINT('',(13.111111111111,-18.66666666666,0.));
#5815 = VECTOR('',#5816,1.);
#5816 = DIRECTION('',(0.,1.,0.));
#5817 = PCURVE('',#72,#5818);
#5818 = DEFINITIONAL_REPRESENTATION('',(#5819),#5823);
#5819 = LINE('',#5820,#5821);
#5820 = CARTESIAN_POINT('',(34.977777777778,3.2));
#5821 = VECTOR('',#5822,1.);
#5822 = DIRECTION('',(0.,1.));
#5823 = ( GEOMETRIC_REPRESENTATION_CONTEXT(2) 
PARAMETRIC_REPRESENTATION_CONTEXT() REPRESENTATION_CONTEXT('2D SPACE',''
  ) );
#5824 = PCURVE('',#1935,#5825);
#5825 = DEFINITIONAL_REPRESENTATION('',(#5826),#5830);
#5826 = LINE('',#5827,#5828);
#5827 = CARTESIAN_POINT('',(0.,0.));
#5828 = VECTOR('',#5829,1.);
#5829 = DIRECTION('',(0.,-1.));
#5830 = ( GEOMETRIC_REPRESENTATION_CONTEXT(2) 
PARAMETRIC_REPRESENTATION_CONTEXT() REPRESENTATION_CONTEXT('2D SPACE',''
  ) );
#5831 = ORIENTED_EDGE('',*,*,#5832,.T.);
#5832 = EDGE_CURVE('',#5810,#5764,#5833,.T.);
#5833 = SURFACE_CURVE('',#5834,(#5838,#5845),.PCURVE_S1.);
#5834 = LINE('',#5835,#5836);
#5835 = CARTESIAN_POINT('',(-18.66666666666,-6.755555555556,0.));
#5836 = VECTOR('',#5837,1.);
#5837 = DIRECTION('',(1.,0.,0.));
#5838 = PCURVE('',#72,#5839);
#5839 = DEFINITIONAL_REPRESENTATION('',(#5840),#5844);
#5840 = LINE('',#5841,#5842);
#5841 = CARTESIAN_POINT('',(3.2,15.111111111111));
#5842 = VECTOR('',#5843,1.);
#5843 = DIRECTION('',(1.,0.));
#5844 = ( GEOMETRIC_REPRESENTATION_CONTEXT(2) 
PARAMETRIC_REPRESENTATION_CONTEXT() REPRESENTATION_CONTEXT('2D SPACE',''
  ) );
#5845 = PCURVE('',#1961,#5846);
#5846 = DEFINITIONAL_REPRESENTATION('',(#5847),#5851);
#5847 = LINE('',#5848,#5849);
#5848 = CARTESIAN_POINT('',(0.,0.));
#5849 = VECTOR('',#5850,1.);
#5850 = DIRECTION('',(0.,1.));
#5851 = ( GEOMETRIC_REPRESENTATION_CONTEXT(2) 
PARAMETRIC_REPRESENTATION_CONTEXT() REPRESENTATION_CONTEXT('2D SPACE',''
  ) );
#5852 = FACE_BOUND('',#5853,.F.);
#5853 = EDGE_LOOP('',(#5854,#5879,#5902,#5925));
#5854 = ORIENTED_EDGE('',*,*,#5855,.T.);
#5855 = EDGE_CURVE('',#5856,#5858,#5860,.T.);
#5856 = VERTEX_POINT('',#5857);
#5857 = CARTESIAN_POINT('',(0.4,-5.955555555556,0.));
#5858 = VERTEX_POINT('',#5859);
#5859 = CARTESIAN_POINT('',(0.4,-0.4,0.));
#5860 = SURFACE_CURVE('',#5861,(#5865,#5872),.PCURVE_S1.);
#5861 = LINE('',#5862,#5863);
#5862 = CARTESIAN_POINT('',(0.4,-18.66666666666,0.));
#5863 = VECTOR('',#5864,1.);
#5864 = DIRECTION('',(0.,1.,0.));
#5865 = PCURVE('',#72,#5866);
#5866 = DEFINITIONAL_REPRESENTATION('',(#5867),#5871);
#5867 = LINE('',#5868,#5869);
#5868 = CARTESIAN_POINT('',(22.266666666667,3.2));
#5869 = VECTOR('',#5870,1.);
#5870 = DIRECTION('',(0.,1.));
#5871 = ( GEOMETRIC_REPRESENTATION_CONTEXT(2) 
PARAMETRIC_REPRESENTATION_CONTEXT() REPRESENTATION_CONTEXT('2D SPACE',''
  ) );
#5872 = PCURVE('',#1993,#5873);
#5873 = DEFINITIONAL_REPRESENTATION('',(#5874),#5878);
#5874 = LINE('',#5875,#5876);
#5875 = CARTESIAN_POINT('',(0.,0.));
#5876 = VECTOR('',#5877,1.);
#5877 = DIRECTION('',(0.,-1.));
#5878 = ( GEOMETRIC_REPRESENTATION_CONTEXT(2) 
PARAMETRIC_REPRESENTATION_CONTEXT() REPRESENTATION_CONTEXT('2D SPACE',''
  ) );
#5879 = ORIENTED_EDGE('',*,*,#5880,.T.);
#5880 = EDGE_CURVE('',#5858,#5881,#5883,.T.);
#5881 = VERTEX_POINT('',#5882);
#5882 = CARTESIAN_POINT('',(5.955555555556,-0.4,0.));
#5883 = SURFACE_CURVE('',#5884,(#5888,#5895),.PCURVE_S1.);
#5884 = LINE('',#5885,#5886);
#5885 = CARTESIAN_POINT('',(-18.66666666666,-0.4,0.));
#5886 = VECTOR('',#5887,1.);
#5887 = DIRECTION('',(1.,0.,0.));
#5888 = PCURVE('',#72,#5889);
#5889 = DEFINITIONAL_REPRESENTATION('',(#5890),#5894);
#5890 = LINE('',#5891,#5892);
#5891 = CARTESIAN_POINT('',(3.2,21.466666666667));
#5892 = VECTOR('',#5893,1.);
#5893 = DIRECTION('',(1.,0.));
#5894 = ( GEOMETRIC_REPRESENTATION_CONTEXT(2) 
PARAMETRIC_REPRESENTATION_CONTEXT() REPRESENTATION_CONTEXT('2D SPACE',''
  ) );
#5895 = PCURVE('',#2021,#5896);
#5896 = DEFINITIONAL_REPRESENTATION('',(#5897),#5901);
#5897 = LINE('',#5898,#5899);
#5898 = CARTESIAN_POINT('',(0.,0.));
#5899 = VECTOR('',#5900,1.);
#5900 = DIRECTION('',(0.,1.));
#5901 = ( GEOMETRIC_REPRESENTATION_CONTEXT(2) 
PARAMETRIC_REPRESENTATION_CONTEXT() REPRESENTATION_CONTEXT('2D SPACE',''
  ) );
#5902 = ORIENTED_EDGE('',*,*,#5903,.F.);
#5903 = EDGE_CURVE('',#5904,#5881,#5906,.T.);
#5904 = VERTEX_POINT('',#5905);
#5905 = CARTESIAN_POINT('',(5.955555555556,-5.955555555556,0.));
#5906 = SURFACE_CURVE('',#5907,(#5911,#5918),.PCURVE_S1.);
#5907 = LINE('',#5908,#5909);
#5908 = CARTESIAN_POINT('',(5.955555555556,-18.66666666666,0.));
#5909 = VECTOR('',#5910,1.);
#5910 = DIRECTION('',(0.,1.,0.));
#5911 = PCURVE('',#72,#5912);
#5912 = DEFINITIONAL_REPRESENTATION('',(#5913),#5917);
#5913 = LINE('',#5914,#5915);
#5914 = CARTESIAN_POINT('',(27.822222222222,3.2));
#5915 = VECTOR('',#5916,1.);
#5916 = DIRECTION('',(0.,1.));
#5917 = ( GEOMETRIC_REPRESENTATION_CONTEXT(2) 
PARAMETRIC_REPRESENTATION_CONTEXT() REPRESENTATION_CONTEXT('2D SPACE',''
  ) );
#5918 = PCURVE('',#2049,#5919);
#5919 = DEFINITIONAL_REPRESENTATION('',(#5920),#5924);
#5920 = LINE('',#5921,#5922);
#5921 = CARTESIAN_POINT('',(0.,0.));
#5922 = VECTOR('',#5923,1.);
#5923 = DIRECTION('',(0.,-1.));
#5924 = ( GEOMETRIC_REPRESENTATION_CONTEXT(2) 
PARAMETRIC_REPRESENTATION_CONTEXT() REPRESENTATION_CONTEXT('2D SPACE',''
  ) );
#5925 = ORIENTED_EDGE('',*,*,#5926,.F.);
#5926 = EDGE_CURVE('',#5856,#5904,#5927,.T.);
#5927 = SURFACE_CURVE('',#5928,(#5932,#5939),.PCURVE_S1.);
#5928 = LINE('',#5929,#5930);
#5929 = CARTESIAN_POINT('',(-18.66666666666,-5.955555555556,0.));
#5930 = VECTOR('',#5931,1.);
#5931 = DIRECTION('',(1.,0.,0.));
#5932 = PCURVE('',#72,#5933);
#5933 = DEFINITIONAL_REPRESENTATION('',(#5934),#5938);
#5934 = LINE('',#5935,#5936);
#5935 = CARTESIAN_POINT('',(3.2,15.911111111111));
#5936 = VECTOR('',#5937,1.);
#5937 = DIRECTION('',(1.,0.));
#5938 = ( GEOMETRIC_REPRESENTATION_CONTEXT(2) 
PARAMETRIC_REPRESENTATION_CONTEXT() REPRESENTATION_CONTEXT('2D SPACE',''
  ) );
#5939 = PCURVE('',#2075,#5940);
#5940 = DEFINITIONAL_REPRESENTATION('',(#5941),#5945);
#5941 = LINE('',#5942,#5943);
#5942 = CARTESIAN_POINT('',(0.,0.));
#5943 = VECTOR('',#5944,1.);
#5944 = DIRECTION('',(0.,1.));
#5945 = ( GEOMETRIC_REPRESENTATION_CONTEXT(2) 
PARAMETRIC_REPRESENTATION_CONTEXT() REPRESENTATION_CONTEXT('2D SPACE',''
  ) );
#5946 = FACE_BOUND('',#5947,.F.);
#5947 = EDGE_LOOP('',(#5948,#5973,#5996,#6019));
#5948 = ORIENTED_EDGE('',*,*,#5949,.T.);
#5949 = EDGE_CURVE('',#5950,#5952,#5954,.T.);
#5950 = VERTEX_POINT('',#5951);
#5951 = CARTESIAN_POINT('',(6.755555555556,-5.955555555556,0.));
#5952 = VERTEX_POINT('',#5953);
#5953 = CARTESIAN_POINT('',(6.755555555556,-0.4,0.));
#5954 = SURFACE_CURVE('',#5955,(#5959,#5966),.PCURVE_S1.);
#5955 = LINE('',#5956,#5957);
#5956 = CARTESIAN_POINT('',(6.755555555556,-18.66666666666,0.));
#5957 = VECTOR('',#5958,1.);
#5958 = DIRECTION('',(0.,1.,0.));
#5959 = PCURVE('',#72,#5960);
#5960 = DEFINITIONAL_REPRESENTATION('',(#5961),#5965);
#5961 = LINE('',#5962,#5963);
#5962 = CARTESIAN_POINT('',(28.622222222222,3.2));
#5963 = VECTOR('',#5964,1.);
#5964 = DIRECTION('',(0.,1.));
#5965 = ( GEOMETRIC_REPRESENTATION_CONTEXT(2) 
PARAMETRIC_REPRESENTATION_CONTEXT() REPRESENTATION_CONTEXT('2D SPACE',''
  ) );
#5966 = PCURVE('',#2107,#5967);
#5967 = DEFINITIONAL_REPRESENTATION('',(#5968),#5972);
#5968 = LINE('',#5969,#5970);
#5969 = CARTESIAN_POINT('',(0.,0.));
#5970 = VECTOR('',#5971,1.);
#5971 = DIRECTION('',(0.,-1.));
#5972 = ( GEOMETRIC_REPRESENTATION_CONTEXT(2) 
PARAMETRIC_REPRESENTATION_CONTEXT() REPRESENTATION_CONTEXT('2D SPACE',''
  ) );
#5973 = ORIENTED_EDGE('',*,*,#5974,.T.);
#5974 = EDGE_CURVE('',#5952,#5975,#5977,.T.);
#5975 = VERTEX_POINT('',#5976);
#5976 = CARTESIAN_POINT('',(12.311111111111,-0.4,0.));
#5977 = SURFACE_CURVE('',#5978,(#5982,#5989),.PCURVE_S1.);
#5978 = LINE('',#5979,#5980);
#5979 = CARTESIAN_POINT('',(-18.66666666666,-0.4,0.));
#5980 = VECTOR('',#5981,1.);
#5981 = DIRECTION('',(1.,0.,0.));
#5982 = PCURVE('',#72,#5983);
#5983 = DEFINITIONAL_REPRESENTATION('',(#5984),#5988);
#5984 = LINE('',#5985,#5986);
#5985 = CARTESIAN_POINT('',(3.2,21.466666666667));
#5986 = VECTOR('',#5987,1.);
#5987 = DIRECTION('',(1.,0.));
#5988 = ( GEOMETRIC_REPRESENTATION_CONTEXT(2) 
PARAMETRIC_REPRESENTATION_CONTEXT() REPRESENTATION_CONTEXT('2D SPACE',''
  ) );
#5989 = PCURVE('',#2135,#5990);
#5990 = DEFINITIONAL_REPRESENTATION('',(#5991),#5995);
#5991 = LINE('',#5992,#5993);
#5992 = CARTESIAN_POINT('',(0.,0.));
#5993 = VECTOR('',#5994,1.);
#5994 = DIRECTION('',(0.,1.));
#5995 = ( GEOMETRIC_REPRESENTATION_CONTEXT(2) 
PARAMETRIC_REPRESENTATION_CONTEXT() REPRESENTATION_CONTEXT('2D SPACE',''
  ) );
#5996 = ORIENTED_EDGE('',*,*,#5997,.F.);
#5997 = EDGE_CURVE('',#5998,#5975,#6000,.T.);
#5998 = VERTEX_POINT('',#5999);
#5999 = CARTESIAN_POINT('',(12.311111111111,-5.955555555556,0.));
#6000 = SURFACE_CURVE('',#6001,(#6005,#6012),.PCURVE_S1.);
#6001 = LINE('',#6002,#6003);
#6002 = CARTESIAN_POINT('',(12.311111111111,-18.66666666666,0.));
#6003 = VECTOR('',#6004,1.);
#6004 = DIRECTION('',(0.,1.,0.));
#6005 = PCURVE('',#72,#6006);
#6006 = DEFINITIONAL_REPRESENTATION('',(#6007),#6011);
#6007 = LINE('',#6008,#6009);
#6008 = CARTESIAN_POINT('',(34.177777777778,3.2));
#6009 = VECTOR('',#6010,1.);
#6010 = DIRECTION('',(0.,1.));
#6011 = ( GEOMETRIC_REPRESENTATION_CONTEXT(2) 
PARAMETRIC_REPRESENTATION_CONTEXT() REPRESENTATION_CONTEXT('2D SPACE',''
  ) );
#6012 = PCURVE('',#2163,#6013);
#6013 = DEFINITIONAL_REPRESENTATION('',(#6014),#6018);
#6014 = LINE('',#6015,#6016);
#6015 = CARTESIAN_POINT('',(0.,0.));
#6016 = VECTOR('',#6017,1.);
#6017 = DIRECTION('',(0.,-1.));
#6018 = ( GEOMETRIC_REPRESENTATION_CONTEXT(2) 
PARAMETRIC_REPRESENTATION_CONTEXT() REPRESENTATION_CONTEXT('2D SPACE',''
  ) );
#6019 = ORIENTED_EDGE('',*,*,#6020,.F.);
#6020 = EDGE_CURVE('',#5950,#5998,#6021,.T.);
#6021 = SURFACE_CURVE('',#6022,(#6026,#6033),.PCURVE_S1.);
#6022 = LINE('',#6023,#6024);
#6023 = CARTESIAN_POINT('',(-18.66666666666,-5.955555555556,0.));
#6024 = VECTOR('',#6025,1.);
#6025 = DIRECTION('',(1.,0.,0.));
#6026 = PCURVE('',#72,#6027);
#6027 = DEFINITIONAL_REPRESENTATION('',(#6028),#6032);
#6028 = LINE('',#6029,#6030);
#6029 = CARTESIAN_POINT('',(3.2,15.911111111111));
#6030 = VECTOR('',#6031,1.);
#6031 = DIRECTION('',(1.,0.));
#6032 = ( GEOMETRIC_REPRESENTATION_CONTEXT(2) 
PARAMETRIC_REPRESENTATION_CONTEXT() REPRESENTATION_CONTEXT('2D SPACE',''
  ) );
#6033 = PCURVE('',#2189,#6034);
#6034 = DEFINITIONAL_REPRESENTATION('',(#6035),#6039);
#6035 = LINE('',#6036,#6037);
#6036 = CARTESIAN_POINT('',(0.,0.));
#6037 = VECTOR('',#6038,1.);
#6038 = DIRECTION('',(0.,1.));
#6039 = ( GEOMETRIC_REPRESENTATION_CONTEXT(2) 
PARAMETRIC_REPRESENTATION_CONTEXT() REPRESENTATION_CONTEXT('2D SPACE',''
  ) );
#6040 = FACE_BOUND('',#6041,.F.);
#6041 = EDGE_LOOP('',(#6042,#6067,#6090,#6113));
#6042 = ORIENTED_EDGE('',*,*,#6043,.F.);
#6043 = EDGE_CURVE('',#6044,#6046,#6048,.T.);
#6044 = VERTEX_POINT('',#6045);
#6045 = CARTESIAN_POINT('',(18.666666666667,-5.955555555556,0.));
#6046 = VERTEX_POINT('',#6047);
#6047 = CARTESIAN_POINT('',(18.666666666667,-0.4,0.));
#6048 = SURFACE_CURVE('',#6049,(#6053,#6060),.PCURVE_S1.);
#6049 = LINE('',#6050,#6051);
#6050 = CARTESIAN_POINT('',(18.666666666667,-18.66666666666,0.));
#6051 = VECTOR('',#6052,1.);
#6052 = DIRECTION('',(0.,1.,0.));
#6053 = PCURVE('',#72,#6054);
#6054 = DEFINITIONAL_REPRESENTATION('',(#6055),#6059);
#6055 = LINE('',#6056,#6057);
#6056 = CARTESIAN_POINT('',(40.533333333333,3.2));
#6057 = VECTOR('',#6058,1.);
#6058 = DIRECTION('',(0.,1.));
#6059 = ( GEOMETRIC_REPRESENTATION_CONTEXT(2) 
PARAMETRIC_REPRESENTATION_CONTEXT() REPRESENTATION_CONTEXT('2D SPACE',''
  ) );
#6060 = PCURVE('',#2221,#6061);
#6061 = DEFINITIONAL_REPRESENTATION('',(#6062),#6066);
#6062 = LINE('',#6063,#6064);
#6063 = CARTESIAN_POINT('',(0.,0.));
#6064 = VECTOR('',#6065,1.);
#6065 = DIRECTION('',(0.,-1.));
#6066 = ( GEOMETRIC_REPRESENTATION_CONTEXT(2) 
PARAMETRIC_REPRESENTATION_CONTEXT() REPRESENTATION_CONTEXT('2D SPACE',''
  ) );
#6067 = ORIENTED_EDGE('',*,*,#6068,.F.);
#6068 = EDGE_CURVE('',#6069,#6044,#6071,.T.);
#6069 = VERTEX_POINT('',#6070);
#6070 = CARTESIAN_POINT('',(13.111111111111,-5.955555555556,0.));
#6071 = SURFACE_CURVE('',#6072,(#6076,#6083),.PCURVE_S1.);
#6072 = LINE('',#6073,#6074);
#6073 = CARTESIAN_POINT('',(-18.66666666666,-5.955555555556,0.));
#6074 = VECTOR('',#6075,1.);
#6075 = DIRECTION('',(1.,0.,0.));
#6076 = PCURVE('',#72,#6077);
#6077 = DEFINITIONAL_REPRESENTATION('',(#6078),#6082);
#6078 = LINE('',#6079,#6080);
#6079 = CARTESIAN_POINT('',(3.2,15.911111111111));
#6080 = VECTOR('',#6081,1.);
#6081 = DIRECTION('',(1.,0.));
#6082 = ( GEOMETRIC_REPRESENTATION_CONTEXT(2) 
PARAMETRIC_REPRESENTATION_CONTEXT() REPRESENTATION_CONTEXT('2D SPACE',''
  ) );
#6083 = PCURVE('',#2249,#6084);
#6084 = DEFINITIONAL_REPRESENTATION('',(#6085),#6089);
#6085 = LINE('',#6086,#6087);
#6086 = CARTESIAN_POINT('',(0.,0.));
#6087 = VECTOR('',#6088,1.);
#6088 = DIRECTION('',(0.,1.));
#6089 = ( GEOMETRIC_REPRESENTATION_CONTEXT(2) 
PARAMETRIC_REPRESENTATION_CONTEXT() REPRESENTATION_CONTEXT('2D SPACE',''
  ) );
#6090 = ORIENTED_EDGE('',*,*,#6091,.T.);
#6091 = EDGE_CURVE('',#6069,#6092,#6094,.T.);
#6092 = VERTEX_POINT('',#6093);
#6093 = CARTESIAN_POINT('',(13.111111111111,-0.4,0.));
#6094 = SURFACE_CURVE('',#6095,(#6099,#6106),.PCURVE_S1.);
#6095 = LINE('',#6096,#6097);
#6096 = CARTESIAN_POINT('',(13.111111111111,-18.66666666666,0.));
#6097 = VECTOR('',#6098,1.);
#6098 = DIRECTION('',(0.,1.,0.));
#6099 = PCURVE('',#72,#6100);
#6100 = DEFINITIONAL_REPRESENTATION('',(#6101),#6105);
#6101 = LINE('',#6102,#6103);
#6102 = CARTESIAN_POINT('',(34.977777777778,3.2));
#6103 = VECTOR('',#6104,1.);
#6104 = DIRECTION('',(0.,1.));
#6105 = ( GEOMETRIC_REPRESENTATION_CONTEXT(2) 
PARAMETRIC_REPRESENTATION_CONTEXT() REPRESENTATION_CONTEXT('2D SPACE',''
  ) );
#6106 = PCURVE('',#2277,#6107);
#6107 = DEFINITIONAL_REPRESENTATION('',(#6108),#6112);
#6108 = LINE('',#6109,#6110);
#6109 = CARTESIAN_POINT('',(0.,0.));
#6110 = VECTOR('',#6111,1.);
#6111 = DIRECTION('',(0.,-1.));
#6112 = ( GEOMETRIC_REPRESENTATION_CONTEXT(2) 
PARAMETRIC_REPRESENTATION_CONTEXT() REPRESENTATION_CONTEXT('2D SPACE',''
  ) );
#6113 = ORIENTED_EDGE('',*,*,#6114,.T.);
#6114 = EDGE_CURVE('',#6092,#6046,#6115,.T.);
#6115 = SURFACE_CURVE('',#6116,(#6120,#6127),.PCURVE_S1.);
#6116 = LINE('',#6117,#6118);
#6117 = CARTESIAN_POINT('',(-18.66666666666,-0.4,0.));
#6118 = VECTOR('',#6119,1.);
#6119 = DIRECTION('',(1.,0.,0.));
#6120 = PCURVE('',#72,#6121);
#6121 = DEFINITIONAL_REPRESENTATION('',(#6122),#6126);
#6122 = LINE('',#6123,#6124);
#6123 = CARTESIAN_POINT('',(3.2,21.466666666667));
#6124 = VECTOR('',#6125,1.);
#6125 = DIRECTION('',(1.,0.));
#6126 = ( GEOMETRIC_REPRESENTATION_CONTEXT(2) 
PARAMETRIC_REPRESENTATION_CONTEXT() REPRESENTATION_CONTEXT('2D SPACE',''
  ) );
#6127 = PCURVE('',#2303,#6128);
#6128 = DEFINITIONAL_REPRESENTATION('',(#6129),#6133);
#6129 = LINE('',#6130,#6131);
#6130 = CARTESIAN_POINT('',(0.,0.));
#6131 = VECTOR('',#6132,1.);
#6132 = DIRECTION('',(0.,1.));
#6133 = ( GEOMETRIC_REPRESENTATION_CONTEXT(2) 
PARAMETRIC_REPRESENTATION_CONTEXT() REPRESENTATION_CONTEXT('2D SPACE',''
  ) );
#6134 = FACE_BOUND('',#6135,.F.);
#6135 = EDGE_LOOP('',(#6136,#6161,#6184,#6207));
#6136 = ORIENTED_EDGE('',*,*,#6137,.T.);
#6137 = EDGE_CURVE('',#6138,#6140,#6142,.T.);
#6138 = VERTEX_POINT('',#6139);
#6139 = CARTESIAN_POINT('',(-18.66666666666,0.4,0.));
#6140 = VERTEX_POINT('',#6141);
#6141 = CARTESIAN_POINT('',(-18.66666666666,5.955555555556,0.));
#6142 = SURFACE_CURVE('',#6143,(#6147,#6154),.PCURVE_S1.);
#6143 = LINE('',#6144,#6145);
#6144 = CARTESIAN_POINT('',(-18.66666666666,-18.66666666666,0.));
#6145 = VECTOR('',#6146,1.);
#6146 = DIRECTION('',(0.,1.,0.));
#6147 = PCURVE('',#72,#6148);
#6148 = DEFINITIONAL_REPRESENTATION('',(#6149),#6153);
#6149 = LINE('',#6150,#6151);
#6150 = CARTESIAN_POINT('',(3.2,3.2));
#6151 = VECTOR('',#6152,1.);
#6152 = DIRECTION('',(0.,1.));
#6153 = ( GEOMETRIC_REPRESENTATION_CONTEXT(2) 
PARAMETRIC_REPRESENTATION_CONTEXT() REPRESENTATION_CONTEXT('2D SPACE',''
  ) );
#6154 = PCURVE('',#2335,#6155);
#6155 = DEFINITIONAL_REPRESENTATION('',(#6156),#6160);
#6156 = LINE('',#6157,#6158);
#6157 = CARTESIAN_POINT('',(0.,0.));
#6158 = VECTOR('',#6159,1.);
#6159 = DIRECTION('',(0.,-1.));
#6160 = ( GEOMETRIC_REPRESENTATION_CONTEXT(2) 
PARAMETRIC_REPRESENTATION_CONTEXT() REPRESENTATION_CONTEXT('2D SPACE',''
  ) );
#6161 = ORIENTED_EDGE('',*,*,#6162,.T.);
#6162 = EDGE_CURVE('',#6140,#6163,#6165,.T.);
#6163 = VERTEX_POINT('',#6164);
#6164 = CARTESIAN_POINT('',(-13.11111111111,5.955555555556,0.));
#6165 = SURFACE_CURVE('',#6166,(#6170,#6177),.PCURVE_S1.);
#6166 = LINE('',#6167,#6168);
#6167 = CARTESIAN_POINT('',(-18.66666666666,5.955555555556,0.));
#6168 = VECTOR('',#6169,1.);
#6169 = DIRECTION('',(1.,0.,0.));
#6170 = PCURVE('',#72,#6171);
#6171 = DEFINITIONAL_REPRESENTATION('',(#6172),#6176);
#6172 = LINE('',#6173,#6174);
#6173 = CARTESIAN_POINT('',(3.2,27.822222222222));
#6174 = VECTOR('',#6175,1.);
#6175 = DIRECTION('',(1.,0.));
#6176 = ( GEOMETRIC_REPRESENTATION_CONTEXT(2) 
PARAMETRIC_REPRESENTATION_CONTEXT() REPRESENTATION_CONTEXT('2D SPACE',''
  ) );
#6177 = PCURVE('',#2363,#6178);
#6178 = DEFINITIONAL_REPRESENTATION('',(#6179),#6183);
#6179 = LINE('',#6180,#6181);
#6180 = CARTESIAN_POINT('',(0.,0.));
#6181 = VECTOR('',#6182,1.);
#6182 = DIRECTION('',(0.,1.));
#6183 = ( GEOMETRIC_REPRESENTATION_CONTEXT(2) 
PARAMETRIC_REPRESENTATION_CONTEXT() REPRESENTATION_CONTEXT('2D SPACE',''
  ) );
#6184 = ORIENTED_EDGE('',*,*,#6185,.F.);
#6185 = EDGE_CURVE('',#6186,#6163,#6188,.T.);
#6186 = VERTEX_POINT('',#6187);
#6187 = CARTESIAN_POINT('',(-13.11111111111,0.4,0.));
#6188 = SURFACE_CURVE('',#6189,(#6193,#6200),.PCURVE_S1.);
#6189 = LINE('',#6190,#6191);
#6190 = CARTESIAN_POINT('',(-13.11111111111,-18.66666666666,0.));
#6191 = VECTOR('',#6192,1.);
#6192 = DIRECTION('',(0.,1.,0.));
#6193 = PCURVE('',#72,#6194);
#6194 = DEFINITIONAL_REPRESENTATION('',(#6195),#6199);
#6195 = LINE('',#6196,#6197);
#6196 = CARTESIAN_POINT('',(8.755555555556,3.2));
#6197 = VECTOR('',#6198,1.);
#6198 = DIRECTION('',(0.,1.));
#6199 = ( GEOMETRIC_REPRESENTATION_CONTEXT(2) 
PARAMETRIC_REPRESENTATION_CONTEXT() REPRESENTATION_CONTEXT('2D SPACE',''
  ) );
#6200 = PCURVE('',#2391,#6201);
#6201 = DEFINITIONAL_REPRESENTATION('',(#6202),#6206);
#6202 = LINE('',#6203,#6204);
#6203 = CARTESIAN_POINT('',(0.,0.));
#6204 = VECTOR('',#6205,1.);
#6205 = DIRECTION('',(0.,-1.));
#6206 = ( GEOMETRIC_REPRESENTATION_CONTEXT(2) 
PARAMETRIC_REPRESENTATION_CONTEXT() REPRESENTATION_CONTEXT('2D SPACE',''
  ) );
#6207 = ORIENTED_EDGE('',*,*,#6208,.F.);
#6208 = EDGE_CURVE('',#6138,#6186,#6209,.T.);
#6209 = SURFACE_CURVE('',#6210,(#6214,#6221),.PCURVE_S1.);
#6210 = LINE('',#6211,#6212);
#6211 = CARTESIAN_POINT('',(-18.66666666666,0.4,0.));
#6212 = VECTOR('',#6213,1.);
#6213 = DIRECTION('',(1.,0.,0.));
#6214 = PCURVE('',#72,#6215);
#6215 = DEFINITIONAL_REPRESENTATION('',(#6216),#6220);
#6216 = LINE('',#6217,#6218);
#6217 = CARTESIAN_POINT('',(3.2,22.266666666667));
#6218 = VECTOR('',#6219,1.);
#6219 = DIRECTION('',(1.,0.));
#6220 = ( GEOMETRIC_REPRESENTATION_CONTEXT(2) 
PARAMETRIC_REPRESENTATION_CONTEXT() REPRESENTATION_CONTEXT('2D SPACE',''
  ) );
#6221 = PCURVE('',#2417,#6222);
#6222 = DEFINITIONAL_REPRESENTATION('',(#6223),#6227);
#6223 = LINE('',#6224,#6225);
#6224 = CARTESIAN_POINT('',(0.,0.));
#6225 = VECTOR('',#6226,1.);
#6226 = DIRECTION('',(0.,1.));
#6227 = ( GEOMETRIC_REPRESENTATION_CONTEXT(2) 
PARAMETRIC_REPRESENTATION_CONTEXT() REPRESENTATION_CONTEXT('2D SPACE',''
  ) );
#6228 = FACE_BOUND('',#6229,.F.);
#6229 = EDGE_LOOP('',(#6230,#6255,#6278,#6301));
#6230 = ORIENTED_EDGE('',*,*,#6231,.T.);
#6231 = EDGE_CURVE('',#6232,#6234,#6236,.T.);
#6232 = VERTEX_POINT('',#6233);
#6233 = CARTESIAN_POINT('',(-12.31111111111,0.4,0.));
#6234 = VERTEX_POINT('',#6235);
#6235 = CARTESIAN_POINT('',(-12.31111111111,5.955555555556,0.));
#6236 = SURFACE_CURVE('',#6237,(#6241,#6248),.PCURVE_S1.);
#6237 = LINE('',#6238,#6239);
#6238 = CARTESIAN_POINT('',(-12.31111111111,-18.66666666666,0.));
#6239 = VECTOR('',#6240,1.);
#6240 = DIRECTION('',(0.,1.,0.));
#6241 = PCURVE('',#72,#6242);
#6242 = DEFINITIONAL_REPRESENTATION('',(#6243),#6247);
#6243 = LINE('',#6244,#6245);
#6244 = CARTESIAN_POINT('',(9.555555555556,3.2));
#6245 = VECTOR('',#6246,1.);
#6246 = DIRECTION('',(0.,1.));
#6247 = ( GEOMETRIC_REPRESENTATION_CONTEXT(2) 
PARAMETRIC_REPRESENTATION_CONTEXT() REPRESENTATION_CONTEXT('2D SPACE',''
  ) );
#6248 = PCURVE('',#2449,#6249);
#6249 = DEFINITIONAL_REPRESENTATION('',(#6250),#6254);
#6250 = LINE('',#6251,#6252);
#6251 = CARTESIAN_POINT('',(0.,0.));
#6252 = VECTOR('',#6253,1.);
#6253 = DIRECTION('',(0.,-1.));
#6254 = ( GEOMETRIC_REPRESENTATION_CONTEXT(2) 
PARAMETRIC_REPRESENTATION_CONTEXT() REPRESENTATION_CONTEXT('2D SPACE',''
  ) );
#6255 = ORIENTED_EDGE('',*,*,#6256,.T.);
#6256 = EDGE_CURVE('',#6234,#6257,#6259,.T.);
#6257 = VERTEX_POINT('',#6258);
#6258 = CARTESIAN_POINT('',(-6.755555555556,5.955555555556,0.));
#6259 = SURFACE_CURVE('',#6260,(#6264,#6271),.PCURVE_S1.);
#6260 = LINE('',#6261,#6262);
#6261 = CARTESIAN_POINT('',(-18.66666666666,5.955555555556,0.));
#6262 = VECTOR('',#6263,1.);
#6263 = DIRECTION('',(1.,0.,0.));
#6264 = PCURVE('',#72,#6265);
#6265 = DEFINITIONAL_REPRESENTATION('',(#6266),#6270);
#6266 = LINE('',#6267,#6268);
#6267 = CARTESIAN_POINT('',(3.2,27.822222222222));
#6268 = VECTOR('',#6269,1.);
#6269 = DIRECTION('',(1.,0.));
#6270 = ( GEOMETRIC_REPRESENTATION_CONTEXT(2) 
PARAMETRIC_REPRESENTATION_CONTEXT() REPRESENTATION_CONTEXT('2D SPACE',''
  ) );
#6271 = PCURVE('',#2477,#6272);
#6272 = DEFINITIONAL_REPRESENTATION('',(#6273),#6277);
#6273 = LINE('',#6274,#6275);
#6274 = CARTESIAN_POINT('',(0.,0.));
#6275 = VECTOR('',#6276,1.);
#6276 = DIRECTION('',(0.,1.));
#6277 = ( GEOMETRIC_REPRESENTATION_CONTEXT(2) 
PARAMETRIC_REPRESENTATION_CONTEXT() REPRESENTATION_CONTEXT('2D SPACE',''
  ) );
#6278 = ORIENTED_EDGE('',*,*,#6279,.F.);
#6279 = EDGE_CURVE('',#6280,#6257,#6282,.T.);
#6280 = VERTEX_POINT('',#6281);
#6281 = CARTESIAN_POINT('',(-6.755555555556,0.4,0.));
#6282 = SURFACE_CURVE('',#6283,(#6287,#6294),.PCURVE_S1.);
#6283 = LINE('',#6284,#6285);
#6284 = CARTESIAN_POINT('',(-6.755555555556,-18.66666666666,0.));
#6285 = VECTOR('',#6286,1.);
#6286 = DIRECTION('',(0.,1.,0.));
#6287 = PCURVE('',#72,#6288);
#6288 = DEFINITIONAL_REPRESENTATION('',(#6289),#6293);
#6289 = LINE('',#6290,#6291);
#6290 = CARTESIAN_POINT('',(15.111111111111,3.2));
#6291 = VECTOR('',#6292,1.);
#6292 = DIRECTION('',(0.,1.));
#6293 = ( GEOMETRIC_REPRESENTATION_CONTEXT(2) 
PARAMETRIC_REPRESENTATION_CONTEXT() REPRESENTATION_CONTEXT('2D SPACE',''
  ) );
#6294 = PCURVE('',#2505,#6295);
#6295 = DEFINITIONAL_REPRESENTATION('',(#6296),#6300);
#6296 = LINE('',#6297,#6298);
#6297 = CARTESIAN_POINT('',(0.,0.));
#6298 = VECTOR('',#6299,1.);
#6299 = DIRECTION('',(0.,-1.));
#6300 = ( GEOMETRIC_REPRESENTATION_CONTEXT(2) 
PARAMETRIC_REPRESENTATION_CONTEXT() REPRESENTATION_CONTEXT('2D SPACE',''
  ) );
#6301 = ORIENTED_EDGE('',*,*,#6302,.F.);
#6302 = EDGE_CURVE('',#6232,#6280,#6303,.T.);
#6303 = SURFACE_CURVE('',#6304,(#6308,#6315),.PCURVE_S1.);
#6304 = LINE('',#6305,#6306);
#6305 = CARTESIAN_POINT('',(-18.66666666666,0.4,0.));
#6306 = VECTOR('',#6307,1.);
#6307 = DIRECTION('',(1.,0.,0.));
#6308 = PCURVE('',#72,#6309);
#6309 = DEFINITIONAL_REPRESENTATION('',(#6310),#6314);
#6310 = LINE('',#6311,#6312);
#6311 = CARTESIAN_POINT('',(3.2,22.266666666667));
#6312 = VECTOR('',#6313,1.);
#6313 = DIRECTION('',(1.,0.));
#6314 = ( GEOMETRIC_REPRESENTATION_CONTEXT(2) 
PARAMETRIC_REPRESENTATION_CONTEXT() REPRESENTATION_CONTEXT('2D SPACE',''
  ) );
#6315 = PCURVE('',#2531,#6316);
#6316 = DEFINITIONAL_REPRESENTATION('',(#6317),#6321);
#6317 = LINE('',#6318,#6319);
#6318 = CARTESIAN_POINT('',(0.,0.));
#6319 = VECTOR('',#6320,1.);
#6320 = DIRECTION('',(0.,1.));
#6321 = ( GEOMETRIC_REPRESENTATION_CONTEXT(2) 
PARAMETRIC_REPRESENTATION_CONTEXT() REPRESENTATION_CONTEXT('2D SPACE',''
  ) );
#6322 = FACE_BOUND('',#6323,.F.);
#6323 = EDGE_LOOP('',(#6324,#6349,#6372,#6395));
#6324 = ORIENTED_EDGE('',*,*,#6325,.T.);
#6325 = EDGE_CURVE('',#6326,#6328,#6330,.T.);
#6326 = VERTEX_POINT('',#6327);
#6327 = CARTESIAN_POINT('',(-5.955555555556,0.4,0.));
#6328 = VERTEX_POINT('',#6329);
#6329 = CARTESIAN_POINT('',(-5.955555555556,5.955555555556,0.));
#6330 = SURFACE_CURVE('',#6331,(#6335,#6342),.PCURVE_S1.);
#6331 = LINE('',#6332,#6333);
#6332 = CARTESIAN_POINT('',(-5.955555555556,-18.66666666666,0.));
#6333 = VECTOR('',#6334,1.);
#6334 = DIRECTION('',(0.,1.,0.));
#6335 = PCURVE('',#72,#6336);
#6336 = DEFINITIONAL_REPRESENTATION('',(#6337),#6341);
#6337 = LINE('',#6338,#6339);
#6338 = CARTESIAN_POINT('',(15.911111111111,3.2));
#6339 = VECTOR('',#6340,1.);
#6340 = DIRECTION('',(0.,1.));
#6341 = ( GEOMETRIC_REPRESENTATION_CONTEXT(2) 
PARAMETRIC_REPRESENTATION_CONTEXT() REPRESENTATION_CONTEXT('2D SPACE',''
  ) );
#6342 = PCURVE('',#2563,#6343);
#6343 = DEFINITIONAL_REPRESENTATION('',(#6344),#6348);
#6344 = LINE('',#6345,#6346);
#6345 = CARTESIAN_POINT('',(0.,0.));
#6346 = VECTOR('',#6347,1.);
#6347 = DIRECTION('',(0.,-1.));
#6348 = ( GEOMETRIC_REPRESENTATION_CONTEXT(2) 
PARAMETRIC_REPRESENTATION_CONTEXT() REPRESENTATION_CONTEXT('2D SPACE',''
  ) );
#6349 = ORIENTED_EDGE('',*,*,#6350,.T.);
#6350 = EDGE_CURVE('',#6328,#6351,#6353,.T.);
#6351 = VERTEX_POINT('',#6352);
#6352 = CARTESIAN_POINT('',(-0.4,5.955555555556,0.));
#6353 = SURFACE_CURVE('',#6354,(#6358,#6365),.PCURVE_S1.);
#6354 = LINE('',#6355,#6356);
#6355 = CARTESIAN_POINT('',(-18.66666666666,5.955555555556,0.));
#6356 = VECTOR('',#6357,1.);
#6357 = DIRECTION('',(1.,0.,0.));
#6358 = PCURVE('',#72,#6359);
#6359 = DEFINITIONAL_REPRESENTATION('',(#6360),#6364);
#6360 = LINE('',#6361,#6362);
#6361 = CARTESIAN_POINT('',(3.2,27.822222222222));
#6362 = VECTOR('',#6363,1.);
#6363 = DIRECTION('',(1.,0.));
#6364 = ( GEOMETRIC_REPRESENTATION_CONTEXT(2) 
PARAMETRIC_REPRESENTATION_CONTEXT() REPRESENTATION_CONTEXT('2D SPACE',''
  ) );
#6365 = PCURVE('',#2591,#6366);
#6366 = DEFINITIONAL_REPRESENTATION('',(#6367),#6371);
#6367 = LINE('',#6368,#6369);
#6368 = CARTESIAN_POINT('',(0.,0.));
#6369 = VECTOR('',#6370,1.);
#6370 = DIRECTION('',(0.,1.));
#6371 = ( GEOMETRIC_REPRESENTATION_CONTEXT(2) 
PARAMETRIC_REPRESENTATION_CONTEXT() REPRESENTATION_CONTEXT('2D SPACE',''
  ) );
#6372 = ORIENTED_EDGE('',*,*,#6373,.F.);
#6373 = EDGE_CURVE('',#6374,#6351,#6376,.T.);
#6374 = VERTEX_POINT('',#6375);
#6375 = CARTESIAN_POINT('',(-0.4,0.4,0.));
#6376 = SURFACE_CURVE('',#6377,(#6381,#6388),.PCURVE_S1.);
#6377 = LINE('',#6378,#6379);
#6378 = CARTESIAN_POINT('',(-0.4,-18.66666666666,0.));
#6379 = VECTOR('',#6380,1.);
#6380 = DIRECTION('',(0.,1.,0.));
#6381 = PCURVE('',#72,#6382);
#6382 = DEFINITIONAL_REPRESENTATION('',(#6383),#6387);
#6383 = LINE('',#6384,#6385);
#6384 = CARTESIAN_POINT('',(21.466666666667,3.2));
#6385 = VECTOR('',#6386,1.);
#6386 = DIRECTION('',(0.,1.));
#6387 = ( GEOMETRIC_REPRESENTATION_CONTEXT(2) 
PARAMETRIC_REPRESENTATION_CONTEXT() REPRESENTATION_CONTEXT('2D SPACE',''
  ) );
#6388 = PCURVE('',#2619,#6389);
#6389 = DEFINITIONAL_REPRESENTATION('',(#6390),#6394);
#6390 = LINE('',#6391,#6392);
#6391 = CARTESIAN_POINT('',(0.,0.));
#6392 = VECTOR('',#6393,1.);
#6393 = DIRECTION('',(0.,-1.));
#6394 = ( GEOMETRIC_REPRESENTATION_CONTEXT(2) 
PARAMETRIC_REPRESENTATION_CONTEXT() REPRESENTATION_CONTEXT('2D SPACE',''
  ) );
#6395 = ORIENTED_EDGE('',*,*,#6396,.F.);
#6396 = EDGE_CURVE('',#6326,#6374,#6397,.T.);
#6397 = SURFACE_CURVE('',#6398,(#6402,#6409),.PCURVE_S1.);
#6398 = LINE('',#6399,#6400);
#6399 = CARTESIAN_POINT('',(-18.66666666666,0.4,0.));
#6400 = VECTOR('',#6401,1.);
#6401 = DIRECTION('',(1.,0.,0.));
#6402 = PCURVE('',#72,#6403);
#6403 = DEFINITIONAL_REPRESENTATION('',(#6404),#6408);
#6404 = LINE('',#6405,#6406);
#6405 = CARTESIAN_POINT('',(3.2,22.266666666667));
#6406 = VECTOR('',#6407,1.);
#6407 = DIRECTION('',(1.,0.));
#6408 = ( GEOMETRIC_REPRESENTATION_CONTEXT(2) 
PARAMETRIC_REPRESENTATION_CONTEXT() REPRESENTATION_CONTEXT('2D SPACE',''
  ) );
#6409 = PCURVE('',#2645,#6410);
#6410 = DEFINITIONAL_REPRESENTATION('',(#6411),#6415);
#6411 = LINE('',#6412,#6413);
#6412 = CARTESIAN_POINT('',(0.,0.));
#6413 = VECTOR('',#6414,1.);
#6414 = DIRECTION('',(0.,1.));
#6415 = ( GEOMETRIC_REPRESENTATION_CONTEXT(2) 
PARAMETRIC_REPRESENTATION_CONTEXT() REPRESENTATION_CONTEXT('2D SPACE',''
  ) );
#6416 = FACE_BOUND('',#6417,.F.);
#6417 = EDGE_LOOP('',(#6418,#6443,#6466,#6489));
#6418 = ORIENTED_EDGE('',*,*,#6419,.T.);
#6419 = EDGE_CURVE('',#6420,#6422,#6424,.T.);
#6420 = VERTEX_POINT('',#6421);
#6421 = CARTESIAN_POINT('',(0.4,0.4,0.));
#6422 = VERTEX_POINT('',#6423);
#6423 = CARTESIAN_POINT('',(0.4,5.955555555556,0.));
#6424 = SURFACE_CURVE('',#6425,(#6429,#6436),.PCURVE_S1.);
#6425 = LINE('',#6426,#6427);
#6426 = CARTESIAN_POINT('',(0.4,-18.66666666666,0.));
#6427 = VECTOR('',#6428,1.);
#6428 = DIRECTION('',(0.,1.,0.));
#6429 = PCURVE('',#72,#6430);
#6430 = DEFINITIONAL_REPRESENTATION('',(#6431),#6435);
#6431 = LINE('',#6432,#6433);
#6432 = CARTESIAN_POINT('',(22.266666666667,3.2));
#6433 = VECTOR('',#6434,1.);
#6434 = DIRECTION('',(0.,1.));
#6435 = ( GEOMETRIC_REPRESENTATION_CONTEXT(2) 
PARAMETRIC_REPRESENTATION_CONTEXT() REPRESENTATION_CONTEXT('2D SPACE',''
  ) );
#6436 = PCURVE('',#2677,#6437);
#6437 = DEFINITIONAL_REPRESENTATION('',(#6438),#6442);
#6438 = LINE('',#6439,#6440);
#6439 = CARTESIAN_POINT('',(0.,0.));
#6440 = VECTOR('',#6441,1.);
#6441 = DIRECTION('',(0.,-1.));
#6442 = ( GEOMETRIC_REPRESENTATION_CONTEXT(2) 
PARAMETRIC_REPRESENTATION_CONTEXT() REPRESENTATION_CONTEXT('2D SPACE',''
  ) );
#6443 = ORIENTED_EDGE('',*,*,#6444,.T.);
#6444 = EDGE_CURVE('',#6422,#6445,#6447,.T.);
#6445 = VERTEX_POINT('',#6446);
#6446 = CARTESIAN_POINT('',(5.955555555556,5.955555555556,0.));
#6447 = SURFACE_CURVE('',#6448,(#6452,#6459),.PCURVE_S1.);
#6448 = LINE('',#6449,#6450);
#6449 = CARTESIAN_POINT('',(-18.66666666666,5.955555555556,0.));
#6450 = VECTOR('',#6451,1.);
#6451 = DIRECTION('',(1.,0.,0.));
#6452 = PCURVE('',#72,#6453);
#6453 = DEFINITIONAL_REPRESENTATION('',(#6454),#6458);
#6454 = LINE('',#6455,#6456);
#6455 = CARTESIAN_POINT('',(3.2,27.822222222222));
#6456 = VECTOR('',#6457,1.);
#6457 = DIRECTION('',(1.,0.));
#6458 = ( GEOMETRIC_REPRESENTATION_CONTEXT(2) 
PARAMETRIC_REPRESENTATION_CONTEXT() REPRESENTATION_CONTEXT('2D SPACE',''
  ) );
#6459 = PCURVE('',#2705,#6460);
#6460 = DEFINITIONAL_REPRESENTATION('',(#6461),#6465);
#6461 = LINE('',#6462,#6463);
#6462 = CARTESIAN_POINT('',(0.,0.));
#6463 = VECTOR('',#6464,1.);
#6464 = DIRECTION('',(0.,1.));
#6465 = ( GEOMETRIC_REPRESENTATION_CONTEXT(2) 
PARAMETRIC_REPRESENTATION_CONTEXT() REPRESENTATION_CONTEXT('2D SPACE',''
  ) );
#6466 = ORIENTED_EDGE('',*,*,#6467,.F.);
#6467 = EDGE_CURVE('',#6468,#6445,#6470,.T.);
#6468 = VERTEX_POINT('',#6469);
#6469 = CARTESIAN_POINT('',(5.955555555556,0.4,0.));
#6470 = SURFACE_CURVE('',#6471,(#6475,#6482),.PCURVE_S1.);
#6471 = LINE('',#6472,#6473);
#6472 = CARTESIAN_POINT('',(5.955555555556,-18.66666666666,0.));
#6473 = VECTOR('',#6474,1.);
#6474 = DIRECTION('',(0.,1.,0.));
#6475 = PCURVE('',#72,#6476);
#6476 = DEFINITIONAL_REPRESENTATION('',(#6477),#6481);
#6477 = LINE('',#6478,#6479);
#6478 = CARTESIAN_POINT('',(27.822222222222,3.2));
#6479 = VECTOR('',#6480,1.);
#6480 = DIRECTION('',(0.,1.));
#6481 = ( GEOMETRIC_REPRESENTATION_CONTEXT(2) 
PARAMETRIC_REPRESENTATION_CONTEXT() REPRESENTATION_CONTEXT('2D SPACE',''
  ) );
#6482 = PCURVE('',#2733,#6483);
#6483 = DEFINITIONAL_REPRESENTATION('',(#6484),#6488);
#6484 = LINE('',#6485,#6486);
#6485 = CARTESIAN_POINT('',(0.,0.));
#6486 = VECTOR('',#6487,1.);
#6487 = DIRECTION('',(0.,-1.));
#6488 = ( GEOMETRIC_REPRESENTATION_CONTEXT(2) 
PARAMETRIC_REPRESENTATION_CONTEXT() REPRESENTATION_CONTEXT('2D SPACE',''
  ) );
#6489 = ORIENTED_EDGE('',*,*,#6490,.F.);
#6490 = EDGE_CURVE('',#6420,#6468,#6491,.T.);
#6491 = SURFACE_CURVE('',#6492,(#6496,#6503),.PCURVE_S1.);
#6492 = LINE('',#6493,#6494);
#6493 = CARTESIAN_POINT('',(-18.66666666666,0.4,0.));
#6494 = VECTOR('',#6495,1.);
#6495 = DIRECTION('',(1.,0.,0.));
#6496 = PCURVE('',#72,#6497);
#6497 = DEFINITIONAL_REPRESENTATION('',(#6498),#6502);
#6498 = LINE('',#6499,#6500);
#6499 = CARTESIAN_POINT('',(3.2,22.266666666667));
#6500 = VECTOR('',#6501,1.);
#6501 = DIRECTION('',(1.,0.));
#6502 = ( GEOMETRIC_REPRESENTATION_CONTEXT(2) 
PARAMETRIC_REPRESENTATION_CONTEXT() REPRESENTATION_CONTEXT('2D SPACE',''
  ) );
#6503 = PCURVE('',#2759,#6504);
#6504 = DEFINITIONAL_REPRESENTATION('',(#6505),#6509);
#6505 = LINE('',#6506,#6507);
#6506 = CARTESIAN_POINT('',(0.,0.));
#6507 = VECTOR('',#6508,1.);
#6508 = DIRECTION('',(0.,1.));
#6509 = ( GEOMETRIC_REPRESENTATION_CONTEXT(2) 
PARAMETRIC_REPRESENTATION_CONTEXT() REPRESENTATION_CONTEXT('2D SPACE',''
  ) );
#6510 = FACE_BOUND('',#6511,.F.);
#6511 = EDGE_LOOP('',(#6512,#6537,#6560,#6583));
#6512 = ORIENTED_EDGE('',*,*,#6513,.T.);
#6513 = EDGE_CURVE('',#6514,#6516,#6518,.T.);
#6514 = VERTEX_POINT('',#6515);
#6515 = CARTESIAN_POINT('',(6.755555555556,0.4,0.));
#6516 = VERTEX_POINT('',#6517);
#6517 = CARTESIAN_POINT('',(6.755555555556,5.955555555556,0.));
#6518 = SURFACE_CURVE('',#6519,(#6523,#6530),.PCURVE_S1.);
#6519 = LINE('',#6520,#6521);
#6520 = CARTESIAN_POINT('',(6.755555555556,-18.66666666666,0.));
#6521 = VECTOR('',#6522,1.);
#6522 = DIRECTION('',(0.,1.,0.));
#6523 = PCURVE('',#72,#6524);
#6524 = DEFINITIONAL_REPRESENTATION('',(#6525),#6529);
#6525 = LINE('',#6526,#6527);
#6526 = CARTESIAN_POINT('',(28.622222222222,3.2));
#6527 = VECTOR('',#6528,1.);
#6528 = DIRECTION('',(0.,1.));
#6529 = ( GEOMETRIC_REPRESENTATION_CONTEXT(2) 
PARAMETRIC_REPRESENTATION_CONTEXT() REPRESENTATION_CONTEXT('2D SPACE',''
  ) );
#6530 = PCURVE('',#2791,#6531);
#6531 = DEFINITIONAL_REPRESENTATION('',(#6532),#6536);
#6532 = LINE('',#6533,#6534);
#6533 = CARTESIAN_POINT('',(0.,0.));
#6534 = VECTOR('',#6535,1.);
#6535 = DIRECTION('',(0.,-1.));
#6536 = ( GEOMETRIC_REPRESENTATION_CONTEXT(2) 
PARAMETRIC_REPRESENTATION_CONTEXT() REPRESENTATION_CONTEXT('2D SPACE',''
  ) );
#6537 = ORIENTED_EDGE('',*,*,#6538,.T.);
#6538 = EDGE_CURVE('',#6516,#6539,#6541,.T.);
#6539 = VERTEX_POINT('',#6540);
#6540 = CARTESIAN_POINT('',(12.311111111111,5.955555555556,0.));
#6541 = SURFACE_CURVE('',#6542,(#6546,#6553),.PCURVE_S1.);
#6542 = LINE('',#6543,#6544);
#6543 = CARTESIAN_POINT('',(-18.66666666666,5.955555555556,0.));
#6544 = VECTOR('',#6545,1.);
#6545 = DIRECTION('',(1.,0.,0.));
#6546 = PCURVE('',#72,#6547);
#6547 = DEFINITIONAL_REPRESENTATION('',(#6548),#6552);
#6548 = LINE('',#6549,#6550);
#6549 = CARTESIAN_POINT('',(3.2,27.822222222222));
#6550 = VECTOR('',#6551,1.);
#6551 = DIRECTION('',(1.,0.));
#6552 = ( GEOMETRIC_REPRESENTATION_CONTEXT(2) 
PARAMETRIC_REPRESENTATION_CONTEXT() REPRESENTATION_CONTEXT('2D SPACE',''
  ) );
#6553 = PCURVE('',#2819,#6554);
#6554 = DEFINITIONAL_REPRESENTATION('',(#6555),#6559);
#6555 = LINE('',#6556,#6557);
#6556 = CARTESIAN_POINT('',(0.,0.));
#6557 = VECTOR('',#6558,1.);
#6558 = DIRECTION('',(0.,1.));
#6559 = ( GEOMETRIC_REPRESENTATION_CONTEXT(2) 
PARAMETRIC_REPRESENTATION_CONTEXT() REPRESENTATION_CONTEXT('2D SPACE',''
  ) );
#6560 = ORIENTED_EDGE('',*,*,#6561,.F.);
#6561 = EDGE_CURVE('',#6562,#6539,#6564,.T.);
#6562 = VERTEX_POINT('',#6563);
#6563 = CARTESIAN_POINT('',(12.311111111111,0.4,0.));
#6564 = SURFACE_CURVE('',#6565,(#6569,#6576),.PCURVE_S1.);
#6565 = LINE('',#6566,#6567);
#6566 = CARTESIAN_POINT('',(12.311111111111,-18.66666666666,0.));
#6567 = VECTOR('',#6568,1.);
#6568 = DIRECTION('',(0.,1.,0.));
#6569 = PCURVE('',#72,#6570);
#6570 = DEFINITIONAL_REPRESENTATION('',(#6571),#6575);
#6571 = LINE('',#6572,#6573);
#6572 = CARTESIAN_POINT('',(34.177777777778,3.2));
#6573 = VECTOR('',#6574,1.);
#6574 = DIRECTION('',(0.,1.));
#6575 = ( GEOMETRIC_REPRESENTATION_CONTEXT(2) 
PARAMETRIC_REPRESENTATION_CONTEXT() REPRESENTATION_CONTEXT('2D SPACE',''
  ) );
#6576 = PCURVE('',#2847,#6577);
#6577 = DEFINITIONAL_REPRESENTATION('',(#6578),#6582);
#6578 = LINE('',#6579,#6580);
#6579 = CARTESIAN_POINT('',(0.,0.));
#6580 = VECTOR('',#6581,1.);
#6581 = DIRECTION('',(0.,-1.));
#6582 = ( GEOMETRIC_REPRESENTATION_CONTEXT(2) 
PARAMETRIC_REPRESENTATION_CONTEXT() REPRESENTATION_CONTEXT('2D SPACE',''
  ) );
#6583 = ORIENTED_EDGE('',*,*,#6584,.F.);
#6584 = EDGE_CURVE('',#6514,#6562,#6585,.T.);
#6585 = SURFACE_CURVE('',#6586,(#6590,#6597),.PCURVE_S1.);
#6586 = LINE('',#6587,#6588);
#6587 = CARTESIAN_POINT('',(-18.66666666666,0.4,0.));
#6588 = VECTOR('',#6589,1.);
#6589 = DIRECTION('',(1.,0.,0.));
#6590 = PCURVE('',#72,#6591);
#6591 = DEFINITIONAL_REPRESENTATION('',(#6592),#6596);
#6592 = LINE('',#6593,#6594);
#6593 = CARTESIAN_POINT('',(3.2,22.266666666667));
#6594 = VECTOR('',#6595,1.);
#6595 = DIRECTION('',(1.,0.));
#6596 = ( GEOMETRIC_REPRESENTATION_CONTEXT(2) 
PARAMETRIC_REPRESENTATION_CONTEXT() REPRESENTATION_CONTEXT('2D SPACE',''
  ) );
#6597 = PCURVE('',#2873,#6598);
#6598 = DEFINITIONAL_REPRESENTATION('',(#6599),#6603);
#6599 = LINE('',#6600,#6601);
#6600 = CARTESIAN_POINT('',(0.,0.));
#6601 = VECTOR('',#6602,1.);
#6602 = DIRECTION('',(0.,1.));
#6603 = ( GEOMETRIC_REPRESENTATION_CONTEXT(2) 
PARAMETRIC_REPRESENTATION_CONTEXT() REPRESENTATION_CONTEXT('2D SPACE',''
  ) );
#6604 = FACE_BOUND('',#6605,.F.);
#6605 = EDGE_LOOP('',(#6606,#6631,#6654,#6677));
#6606 = ORIENTED_EDGE('',*,*,#6607,.F.);
#6607 = EDGE_CURVE('',#6608,#6610,#6612,.T.);
#6608 = VERTEX_POINT('',#6609);
#6609 = CARTESIAN_POINT('',(18.666666666667,0.4,0.));
#6610 = VERTEX_POINT('',#6611);
#6611 = CARTESIAN_POINT('',(18.666666666667,5.955555555556,0.));
#6612 = SURFACE_CURVE('',#6613,(#6617,#6624),.PCURVE_S1.);
#6613 = LINE('',#6614,#6615);
#6614 = CARTESIAN_POINT('',(18.666666666667,-18.66666666666,0.));
#6615 = VECTOR('',#6616,1.);
#6616 = DIRECTION('',(0.,1.,0.));
#6617 = PCURVE('',#72,#6618);
#6618 = DEFINITIONAL_REPRESENTATION('',(#6619),#6623);
#6619 = LINE('',#6620,#6621);
#6620 = CARTESIAN_POINT('',(40.533333333333,3.2));
#6621 = VECTOR('',#6622,1.);
#6622 = DIRECTION('',(0.,1.));
#6623 = ( GEOMETRIC_REPRESENTATION_CONTEXT(2) 
PARAMETRIC_REPRESENTATION_CONTEXT() REPRESENTATION_CONTEXT('2D SPACE',''
  ) );
#6624 = PCURVE('',#2905,#6625);
#6625 = DEFINITIONAL_REPRESENTATION('',(#6626),#6630);
#6626 = LINE('',#6627,#6628);
#6627 = CARTESIAN_POINT('',(0.,0.));
#6628 = VECTOR('',#6629,1.);
#6629 = DIRECTION('',(0.,-1.));
#6630 = ( GEOMETRIC_REPRESENTATION_CONTEXT(2) 
PARAMETRIC_REPRESENTATION_CONTEXT() REPRESENTATION_CONTEXT('2D SPACE',''
  ) );
#6631 = ORIENTED_EDGE('',*,*,#6632,.F.);
#6632 = EDGE_CURVE('',#6633,#6608,#6635,.T.);
#6633 = VERTEX_POINT('',#6634);
#6634 = CARTESIAN_POINT('',(13.111111111111,0.4,0.));
#6635 = SURFACE_CURVE('',#6636,(#6640,#6647),.PCURVE_S1.);
#6636 = LINE('',#6637,#6638);
#6637 = CARTESIAN_POINT('',(-18.66666666666,0.4,0.));
#6638 = VECTOR('',#6639,1.);
#6639 = DIRECTION('',(1.,0.,0.));
#6640 = PCURVE('',#72,#6641);
#6641 = DEFINITIONAL_REPRESENTATION('',(#6642),#6646);
#6642 = LINE('',#6643,#6644);
#6643 = CARTESIAN_POINT('',(3.2,22.266666666667));
#6644 = VECTOR('',#6645,1.);
#6645 = DIRECTION('',(1.,0.));
#6646 = ( GEOMETRIC_REPRESENTATION_CONTEXT(2) 
PARAMETRIC_REPRESENTATION_CONTEXT() REPRESENTATION_CONTEXT('2D SPACE',''
  ) );
#6647 = PCURVE('',#2933,#6648);
#6648 = DEFINITIONAL_REPRESENTATION('',(#6649),#6653);
#6649 = LINE('',#6650,#6651);
#6650 = CARTESIAN_POINT('',(0.,0.));
#6651 = VECTOR('',#6652,1.);
#6652 = DIRECTION('',(0.,1.));
#6653 = ( GEOMETRIC_REPRESENTATION_CONTEXT(2) 
PARAMETRIC_REPRESENTATION_CONTEXT() REPRESENTATION_CONTEXT('2D SPACE',''
  ) );
#6654 = ORIENTED_EDGE('',*,*,#6655,.T.);
#6655 = EDGE_CURVE('',#6633,#6656,#6658,.T.);
#6656 = VERTEX_POINT('',#6657);
#6657 = CARTESIAN_POINT('',(13.111111111111,5.955555555556,0.));
#6658 = SURFACE_CURVE('',#6659,(#6663,#6670),.PCURVE_S1.);
#6659 = LINE('',#6660,#6661);
#6660 = CARTESIAN_POINT('',(13.111111111111,-18.66666666666,0.));
#6661 = VECTOR('',#6662,1.);
#6662 = DIRECTION('',(0.,1.,0.));
#6663 = PCURVE('',#72,#6664);
#6664 = DEFINITIONAL_REPRESENTATION('',(#6665),#6669);
#6665 = LINE('',#6666,#6667);
#6666 = CARTESIAN_POINT('',(34.977777777778,3.2));
#6667 = VECTOR('',#6668,1.);
#6668 = DIRECTION('',(0.,1.));
#6669 = ( GEOMETRIC_REPRESENTATION_CONTEXT(2) 
PARAMETRIC_REPRESENTATION_CONTEXT() REPRESENTATION_CONTEXT('2D SPACE',''
  ) );
#6670 = PCURVE('',#2961,#6671);
#6671 = DEFINITIONAL_REPRESENTATION('',(#6672),#6676);
#6672 = LINE('',#6673,#6674);
#6673 = CARTESIAN_POINT('',(0.,0.));
#6674 = VECTOR('',#6675,1.);
#6675 = DIRECTION('',(0.,-1.));
#6676 = ( GEOMETRIC_REPRESENTATION_CONTEXT(2) 
PARAMETRIC_REPRESENTATION_CONTEXT() REPRESENTATION_CONTEXT('2D SPACE',''
  ) );
#6677 = ORIENTED_EDGE('',*,*,#6678,.T.);
#6678 = EDGE_CURVE('',#6656,#6610,#6679,.T.);
#6679 = SURFACE_CURVE('',#6680,(#6684,#6691),.PCURVE_S1.);
#6680 = LINE('',#6681,#6682);
#6681 = CARTESIAN_POINT('',(-18.66666666666,5.955555555556,0.));
#6682 = VECTOR('',#6683,1.);
#6683 = DIRECTION('',(1.,0.,0.));
#6684 = PCURVE('',#72,#6685);
#6685 = DEFINITIONAL_REPRESENTATION('',(#6686),#6690);
#6686 = LINE('',#6687,#6688);
#6687 = CARTESIAN_POINT('',(3.2,27.822222222222));
#6688 = VECTOR('',#6689,1.);
#6689 = DIRECTION('',(1.,0.));
#6690 = ( GEOMETRIC_REPRESENTATION_CONTEXT(2) 
PARAMETRIC_REPRESENTATION_CONTEXT() REPRESENTATION_CONTEXT('2D SPACE',''
  ) );
#6691 = PCURVE('',#2987,#6692);
#6692 = DEFINITIONAL_REPRESENTATION('',(#6693),#6697);
#6693 = LINE('',#6694,#6695);
#6694 = CARTESIAN_POINT('',(0.,0.));
#6695 = VECTOR('',#6696,1.);
#6696 = DIRECTION('',(0.,1.));
#6697 = ( GEOMETRIC_REPRESENTATION_CONTEXT(2) 
PARAMETRIC_REPRESENTATION_CONTEXT() REPRESENTATION_CONTEXT('2D SPACE',''
  ) );
#6698 = FACE_BOUND('',#6699,.F.);
#6699 = EDGE_LOOP('',(#6700,#6725,#6748,#6771));
#6700 = ORIENTED_EDGE('',*,*,#6701,.F.);
#6701 = EDGE_CURVE('',#6702,#6704,#6706,.T.);
#6702 = VERTEX_POINT('',#6703);
#6703 = CARTESIAN_POINT('',(18.666666666667,6.755555555556,0.));
#6704 = VERTEX_POINT('',#6705);
#6705 = CARTESIAN_POINT('',(18.666666666667,12.311111111111,0.));
#6706 = SURFACE_CURVE('',#6707,(#6711,#6718),.PCURVE_S1.);
#6707 = LINE('',#6708,#6709);
#6708 = CARTESIAN_POINT('',(18.666666666667,-18.66666666666,0.));
#6709 = VECTOR('',#6710,1.);
#6710 = DIRECTION('',(0.,1.,0.));
#6711 = PCURVE('',#72,#6712);
#6712 = DEFINITIONAL_REPRESENTATION('',(#6713),#6717);
#6713 = LINE('',#6714,#6715);
#6714 = CARTESIAN_POINT('',(40.533333333333,3.2));
#6715 = VECTOR('',#6716,1.);
#6716 = DIRECTION('',(0.,1.));
#6717 = ( GEOMETRIC_REPRESENTATION_CONTEXT(2) 
PARAMETRIC_REPRESENTATION_CONTEXT() REPRESENTATION_CONTEXT('2D SPACE',''
  ) );
#6718 = PCURVE('',#3019,#6719);
#6719 = DEFINITIONAL_REPRESENTATION('',(#6720),#6724);
#6720 = LINE('',#6721,#6722);
#6721 = CARTESIAN_POINT('',(0.,0.));
#6722 = VECTOR('',#6723,1.);
#6723 = DIRECTION('',(0.,-1.));
#6724 = ( GEOMETRIC_REPRESENTATION_CONTEXT(2) 
PARAMETRIC_REPRESENTATION_CONTEXT() REPRESENTATION_CONTEXT('2D SPACE',''
  ) );
#6725 = ORIENTED_EDGE('',*,*,#6726,.F.);
#6726 = EDGE_CURVE('',#6727,#6702,#6729,.T.);
#6727 = VERTEX_POINT('',#6728);
#6728 = CARTESIAN_POINT('',(13.111111111111,6.755555555556,0.));
#6729 = SURFACE_CURVE('',#6730,(#6734,#6741),.PCURVE_S1.);
#6730 = LINE('',#6731,#6732);
#6731 = CARTESIAN_POINT('',(-18.66666666666,6.755555555556,0.));
#6732 = VECTOR('',#6733,1.);
#6733 = DIRECTION('',(1.,0.,0.));
#6734 = PCURVE('',#72,#6735);
#6735 = DEFINITIONAL_REPRESENTATION('',(#6736),#6740);
#6736 = LINE('',#6737,#6738);
#6737 = CARTESIAN_POINT('',(3.2,28.622222222222));
#6738 = VECTOR('',#6739,1.);
#6739 = DIRECTION('',(1.,0.));
#6740 = ( GEOMETRIC_REPRESENTATION_CONTEXT(2) 
PARAMETRIC_REPRESENTATION_CONTEXT() REPRESENTATION_CONTEXT('2D SPACE',''
  ) );
#6741 = PCURVE('',#3047,#6742);
#6742 = DEFINITIONAL_REPRESENTATION('',(#6743),#6747);
#6743 = LINE('',#6744,#6745);
#6744 = CARTESIAN_POINT('',(0.,0.));
#6745 = VECTOR('',#6746,1.);
#6746 = DIRECTION('',(0.,1.));
#6747 = ( GEOMETRIC_REPRESENTATION_CONTEXT(2) 
PARAMETRIC_REPRESENTATION_CONTEXT() REPRESENTATION_CONTEXT('2D SPACE',''
  ) );
#6748 = ORIENTED_EDGE('',*,*,#6749,.T.);
#6749 = EDGE_CURVE('',#6727,#6750,#6752,.T.);
#6750 = VERTEX_POINT('',#6751);
#6751 = CARTESIAN_POINT('',(13.111111111111,12.311111111111,0.));
#6752 = SURFACE_CURVE('',#6753,(#6757,#6764),.PCURVE_S1.);
#6753 = LINE('',#6754,#6755);
#6754 = CARTESIAN_POINT('',(13.111111111111,-18.66666666666,0.));
#6755 = VECTOR('',#6756,1.);
#6756 = DIRECTION('',(0.,1.,0.));
#6757 = PCURVE('',#72,#6758);
#6758 = DEFINITIONAL_REPRESENTATION('',(#6759),#6763);
#6759 = LINE('',#6760,#6761);
#6760 = CARTESIAN_POINT('',(34.977777777778,3.2));
#6761 = VECTOR('',#6762,1.);
#6762 = DIRECTION('',(0.,1.));
#6763 = ( GEOMETRIC_REPRESENTATION_CONTEXT(2) 
PARAMETRIC_REPRESENTATION_CONTEXT() REPRESENTATION_CONTEXT('2D SPACE',''
  ) );
#6764 = PCURVE('',#3075,#6765);
#6765 = DEFINITIONAL_REPRESENTATION('',(#6766),#6770);
#6766 = LINE('',#6767,#6768);
#6767 = CARTESIAN_POINT('',(0.,0.));
#6768 = VECTOR('',#6769,1.);
#6769 = DIRECTION('',(0.,-1.));
#6770 = ( GEOMETRIC_REPRESENTATION_CONTEXT(2) 
PARAMETRIC_REPRESENTATION_CONTEXT() REPRESENTATION_CONTEXT('2D SPACE',''
  ) );
#6771 = ORIENTED_EDGE('',*,*,#6772,.T.);
#6772 = EDGE_CURVE('',#6750,#6704,#6773,.T.);
#6773 = SURFACE_CURVE('',#6774,(#6778,#6785),.PCURVE_S1.);
#6774 = LINE('',#6775,#6776);
#6775 = CARTESIAN_POINT('',(-18.66666666666,12.311111111111,0.));
#6776 = VECTOR('',#6777,1.);
#6777 = DIRECTION('',(1.,0.,0.));
#6778 = PCURVE('',#72,#6779);
#6779 = DEFINITIONAL_REPRESENTATION('',(#6780),#6784);
#6780 = LINE('',#6781,#6782);
#6781 = CARTESIAN_POINT('',(3.2,34.177777777778));
#6782 = VECTOR('',#6783,1.);
#6783 = DIRECTION('',(1.,0.));
#6784 = ( GEOMETRIC_REPRESENTATION_CONTEXT(2) 
PARAMETRIC_REPRESENTATION_CONTEXT() REPRESENTATION_CONTEXT('2D SPACE',''
  ) );
#6785 = PCURVE('',#3101,#6786);
#6786 = DEFINITIONAL_REPRESENTATION('',(#6787),#6791);
#6787 = LINE('',#6788,#6789);
#6788 = CARTESIAN_POINT('',(0.,0.));
#6789 = VECTOR('',#6790,1.);
#6790 = DIRECTION('',(0.,1.));
#6791 = ( GEOMETRIC_REPRESENTATION_CONTEXT(2) 
PARAMETRIC_REPRESENTATION_CONTEXT() REPRESENTATION_CONTEXT('2D SPACE',''
  ) );
#6792 = FACE_BOUND('',#6793,.F.);
#6793 = EDGE_LOOP('',(#6794,#6819,#6842,#6865));
#6794 = ORIENTED_EDGE('',*,*,#6795,.F.);
#6795 = EDGE_CURVE('',#6796,#6798,#6800,.T.);
#6796 = VERTEX_POINT('',#6797);
#6797 = CARTESIAN_POINT('',(18.666666666667,13.111111111111,0.));
#6798 = VERTEX_POINT('',#6799);
#6799 = CARTESIAN_POINT('',(18.666666666667,18.666666666667,0.));
#6800 = SURFACE_CURVE('',#6801,(#6805,#6812),.PCURVE_S1.);
#6801 = LINE('',#6802,#6803);
#6802 = CARTESIAN_POINT('',(18.666666666667,-18.66666666666,0.));
#6803 = VECTOR('',#6804,1.);
#6804 = DIRECTION('',(0.,1.,0.));
#6805 = PCURVE('',#72,#6806);
#6806 = DEFINITIONAL_REPRESENTATION('',(#6807),#6811);
#6807 = LINE('',#6808,#6809);
#6808 = CARTESIAN_POINT('',(40.533333333333,3.2));
#6809 = VECTOR('',#6810,1.);
#6810 = DIRECTION('',(0.,1.));
#6811 = ( GEOMETRIC_REPRESENTATION_CONTEXT(2) 
PARAMETRIC_REPRESENTATION_CONTEXT() REPRESENTATION_CONTEXT('2D SPACE',''
  ) );
#6812 = PCURVE('',#3133,#6813);
#6813 = DEFINITIONAL_REPRESENTATION('',(#6814),#6818);
#6814 = LINE('',#6815,#6816);
#6815 = CARTESIAN_POINT('',(0.,0.));
#6816 = VECTOR('',#6817,1.);
#6817 = DIRECTION('',(0.,-1.));
#6818 = ( GEOMETRIC_REPRESENTATION_CONTEXT(2) 
PARAMETRIC_REPRESENTATION_CONTEXT() REPRESENTATION_CONTEXT('2D SPACE',''
  ) );
#6819 = ORIENTED_EDGE('',*,*,#6820,.F.);
#6820 = EDGE_CURVE('',#6821,#6796,#6823,.T.);
#6821 = VERTEX_POINT('',#6822);
#6822 = CARTESIAN_POINT('',(13.111111111111,13.111111111111,0.));
#6823 = SURFACE_CURVE('',#6824,(#6828,#6835),.PCURVE_S1.);
#6824 = LINE('',#6825,#6826);
#6825 = CARTESIAN_POINT('',(-18.66666666666,13.111111111111,0.));
#6826 = VECTOR('',#6827,1.);
#6827 = DIRECTION('',(1.,0.,0.));
#6828 = PCURVE('',#72,#6829);
#6829 = DEFINITIONAL_REPRESENTATION('',(#6830),#6834);
#6830 = LINE('',#6831,#6832);
#6831 = CARTESIAN_POINT('',(3.2,34.977777777778));
#6832 = VECTOR('',#6833,1.);
#6833 = DIRECTION('',(1.,0.));
#6834 = ( GEOMETRIC_REPRESENTATION_CONTEXT(2) 
PARAMETRIC_REPRESENTATION_CONTEXT() REPRESENTATION_CONTEXT('2D SPACE',''
  ) );
#6835 = PCURVE('',#3161,#6836);
#6836 = DEFINITIONAL_REPRESENTATION('',(#6837),#6841);
#6837 = LINE('',#6838,#6839);
#6838 = CARTESIAN_POINT('',(0.,0.));
#6839 = VECTOR('',#6840,1.);
#6840 = DIRECTION('',(0.,1.));
#6841 = ( GEOMETRIC_REPRESENTATION_CONTEXT(2) 
PARAMETRIC_REPRESENTATION_CONTEXT() REPRESENTATION_CONTEXT('2D SPACE',''
  ) );
#6842 = ORIENTED_EDGE('',*,*,#6843,.T.);
#6843 = EDGE_CURVE('',#6821,#6844,#6846,.T.);
#6844 = VERTEX_POINT('',#6845);
#6845 = CARTESIAN_POINT('',(13.111111111111,18.666666666667,0.));
#6846 = SURFACE_CURVE('',#6847,(#6851,#6858),.PCURVE_S1.);
#6847 = LINE('',#6848,#6849);
#6848 = CARTESIAN_POINT('',(13.111111111111,-18.66666666666,0.));
#6849 = VECTOR('',#6850,1.);
#6850 = DIRECTION('',(0.,1.,0.));
#6851 = PCURVE('',#72,#6852);
#6852 = DEFINITIONAL_REPRESENTATION('',(#6853),#6857);
#6853 = LINE('',#6854,#6855);
#6854 = CARTESIAN_POINT('',(34.977777777778,3.2));
#6855 = VECTOR('',#6856,1.);
#6856 = DIRECTION('',(0.,1.));
#6857 = ( GEOMETRIC_REPRESENTATION_CONTEXT(2) 
PARAMETRIC_REPRESENTATION_CONTEXT() REPRESENTATION_CONTEXT('2D SPACE',''
  ) );
#6858 = PCURVE('',#3189,#6859);
#6859 = DEFINITIONAL_REPRESENTATION('',(#6860),#6864);
#6860 = LINE('',#6861,#6862);
#6861 = CARTESIAN_POINT('',(0.,0.));
#6862 = VECTOR('',#6863,1.);
#6863 = DIRECTION('',(0.,-1.));
#6864 = ( GEOMETRIC_REPRESENTATION_CONTEXT(2) 
PARAMETRIC_REPRESENTATION_CONTEXT() REPRESENTATION_CONTEXT('2D SPACE',''
  ) );
#6865 = ORIENTED_EDGE('',*,*,#6866,.T.);
#6866 = EDGE_CURVE('',#6844,#6798,#6867,.T.);
#6867 = SURFACE_CURVE('',#6868,(#6872,#6879),.PCURVE_S1.);
#6868 = LINE('',#6869,#6870);
#6869 = CARTESIAN_POINT('',(-18.66666666666,18.666666666667,0.));
#6870 = VECTOR('',#6871,1.);
#6871 = DIRECTION('',(1.,0.,0.));
#6872 = PCURVE('',#72,#6873);
#6873 = DEFINITIONAL_REPRESENTATION('',(#6874),#6878);
#6874 = LINE('',#6875,#6876);
#6875 = CARTESIAN_POINT('',(3.2,40.533333333333));
#6876 = VECTOR('',#6877,1.);
#6877 = DIRECTION('',(1.,0.));
#6878 = ( GEOMETRIC_REPRESENTATION_CONTEXT(2) 
PARAMETRIC_REPRESENTATION_CONTEXT() REPRESENTATION_CONTEXT('2D SPACE',''
  ) );
#6879 = PCURVE('',#3215,#6880);
#6880 = DEFINITIONAL_REPRESENTATION('',(#6881),#6885);
#6881 = LINE('',#6882,#6883);
#6882 = CARTESIAN_POINT('',(0.,0.));
#6883 = VECTOR('',#6884,1.);
#6884 = DIRECTION('',(0.,1.));
#6885 = ( GEOMETRIC_REPRESENTATION_CONTEXT(2) 
PARAMETRIC_REPRESENTATION_CONTEXT() REPRESENTATION_CONTEXT('2D SPACE',''
  ) );
#6886 = FACE_BOUND('',#6887,.F.);
#6887 = EDGE_LOOP('',(#6888,#6913,#6936,#6959));
#6888 = ORIENTED_EDGE('',*,*,#6889,.F.);
#6889 = EDGE_CURVE('',#6890,#6892,#6894,.T.);
#6890 = VERTEX_POINT('',#6891);
#6891 = CARTESIAN_POINT('',(12.311111111111,13.111111111111,0.));
#6892 = VERTEX_POINT('',#6893);
#6893 = CARTESIAN_POINT('',(12.311111111111,18.666666666667,0.));
#6894 = SURFACE_CURVE('',#6895,(#6899,#6906),.PCURVE_S1.);
#6895 = LINE('',#6896,#6897);
#6896 = CARTESIAN_POINT('',(12.311111111111,-18.66666666666,0.));
#6897 = VECTOR('',#6898,1.);
#6898 = DIRECTION('',(0.,1.,0.));
#6899 = PCURVE('',#72,#6900);
#6900 = DEFINITIONAL_REPRESENTATION('',(#6901),#6905);
#6901 = LINE('',#6902,#6903);
#6902 = CARTESIAN_POINT('',(34.177777777778,3.2));
#6903 = VECTOR('',#6904,1.);
#6904 = DIRECTION('',(0.,1.));
#6905 = ( GEOMETRIC_REPRESENTATION_CONTEXT(2) 
PARAMETRIC_REPRESENTATION_CONTEXT() REPRESENTATION_CONTEXT('2D SPACE',''
  ) );
#6906 = PCURVE('',#3247,#6907);
#6907 = DEFINITIONAL_REPRESENTATION('',(#6908),#6912);
#6908 = LINE('',#6909,#6910);
#6909 = CARTESIAN_POINT('',(0.,0.));
#6910 = VECTOR('',#6911,1.);
#6911 = DIRECTION('',(0.,-1.));
#6912 = ( GEOMETRIC_REPRESENTATION_CONTEXT(2) 
PARAMETRIC_REPRESENTATION_CONTEXT() REPRESENTATION_CONTEXT('2D SPACE',''
  ) );
#6913 = ORIENTED_EDGE('',*,*,#6914,.F.);
#6914 = EDGE_CURVE('',#6915,#6890,#6917,.T.);
#6915 = VERTEX_POINT('',#6916);
#6916 = CARTESIAN_POINT('',(6.755555555556,13.111111111111,0.));
#6917 = SURFACE_CURVE('',#6918,(#6922,#6929),.PCURVE_S1.);
#6918 = LINE('',#6919,#6920);
#6919 = CARTESIAN_POINT('',(-18.66666666666,13.111111111111,0.));
#6920 = VECTOR('',#6921,1.);
#6921 = DIRECTION('',(1.,0.,0.));
#6922 = PCURVE('',#72,#6923);
#6923 = DEFINITIONAL_REPRESENTATION('',(#6924),#6928);
#6924 = LINE('',#6925,#6926);
#6925 = CARTESIAN_POINT('',(3.2,34.977777777778));
#6926 = VECTOR('',#6927,1.);
#6927 = DIRECTION('',(1.,0.));
#6928 = ( GEOMETRIC_REPRESENTATION_CONTEXT(2) 
PARAMETRIC_REPRESENTATION_CONTEXT() REPRESENTATION_CONTEXT('2D SPACE',''
  ) );
#6929 = PCURVE('',#3275,#6930);
#6930 = DEFINITIONAL_REPRESENTATION('',(#6931),#6935);
#6931 = LINE('',#6932,#6933);
#6932 = CARTESIAN_POINT('',(0.,0.));
#6933 = VECTOR('',#6934,1.);
#6934 = DIRECTION('',(0.,1.));
#6935 = ( GEOMETRIC_REPRESENTATION_CONTEXT(2) 
PARAMETRIC_REPRESENTATION_CONTEXT() REPRESENTATION_CONTEXT('2D SPACE',''
  ) );
#6936 = ORIENTED_EDGE('',*,*,#6937,.T.);
#6937 = EDGE_CURVE('',#6915,#6938,#6940,.T.);
#6938 = VERTEX_POINT('',#6939);
#6939 = CARTESIAN_POINT('',(6.755555555556,18.666666666667,0.));
#6940 = SURFACE_CURVE('',#6941,(#6945,#6952),.PCURVE_S1.);
#6941 = LINE('',#6942,#6943);
#6942 = CARTESIAN_POINT('',(6.755555555556,-18.66666666666,0.));
#6943 = VECTOR('',#6944,1.);
#6944 = DIRECTION('',(0.,1.,0.));
#6945 = PCURVE('',#72,#6946);
#6946 = DEFINITIONAL_REPRESENTATION('',(#6947),#6951);
#6947 = LINE('',#6948,#6949);
#6948 = CARTESIAN_POINT('',(28.622222222222,3.2));
#6949 = VECTOR('',#6950,1.);
#6950 = DIRECTION('',(0.,1.));
#6951 = ( GEOMETRIC_REPRESENTATION_CONTEXT(2) 
PARAMETRIC_REPRESENTATION_CONTEXT() REPRESENTATION_CONTEXT('2D SPACE',''
  ) );
#6952 = PCURVE('',#3303,#6953);
#6953 = DEFINITIONAL_REPRESENTATION('',(#6954),#6958);
#6954 = LINE('',#6955,#6956);
#6955 = CARTESIAN_POINT('',(0.,0.));
#6956 = VECTOR('',#6957,1.);
#6957 = DIRECTION('',(0.,-1.));
#6958 = ( GEOMETRIC_REPRESENTATION_CONTEXT(2) 
PARAMETRIC_REPRESENTATION_CONTEXT() REPRESENTATION_CONTEXT('2D SPACE',''
  ) );
#6959 = ORIENTED_EDGE('',*,*,#6960,.T.);
#6960 = EDGE_CURVE('',#6938,#6892,#6961,.T.);
#6961 = SURFACE_CURVE('',#6962,(#6966,#6973),.PCURVE_S1.);
#6962 = LINE('',#6963,#6964);
#6963 = CARTESIAN_POINT('',(-18.66666666666,18.666666666667,0.));
#6964 = VECTOR('',#6965,1.);
#6965 = DIRECTION('',(1.,0.,0.));
#6966 = PCURVE('',#72,#6967);
#6967 = DEFINITIONAL_REPRESENTATION('',(#6968),#6972);
#6968 = LINE('',#6969,#6970);
#6969 = CARTESIAN_POINT('',(3.2,40.533333333333));
#6970 = VECTOR('',#6971,1.);
#6971 = DIRECTION('',(1.,0.));
#6972 = ( GEOMETRIC_REPRESENTATION_CONTEXT(2) 
PARAMETRIC_REPRESENTATION_CONTEXT() REPRESENTATION_CONTEXT('2D SPACE',''
  ) );
#6973 = PCURVE('',#3329,#6974);
#6974 = DEFINITIONAL_REPRESENTATION('',(#6975),#6979);
#6975 = LINE('',#6976,#6977);
#6976 = CARTESIAN_POINT('',(0.,0.));
#6977 = VECTOR('',#6978,1.);
#6978 = DIRECTION('',(0.,1.));
#6979 = ( GEOMETRIC_REPRESENTATION_CONTEXT(2) 
PARAMETRIC_REPRESENTATION_CONTEXT() REPRESENTATION_CONTEXT('2D SPACE',''
  ) );
#6980 = FACE_BOUND('',#6981,.F.);
#6981 = EDGE_LOOP('',(#6982,#7007,#7030,#7053));
#6982 = ORIENTED_EDGE('',*,*,#6983,.F.);
#6983 = EDGE_CURVE('',#6984,#6986,#6988,.T.);
#6984 = VERTEX_POINT('',#6985);
#6985 = CARTESIAN_POINT('',(5.955555555556,13.111111111111,0.));
#6986 = VERTEX_POINT('',#6987);
#6987 = CARTESIAN_POINT('',(5.955555555556,18.666666666667,0.));
#6988 = SURFACE_CURVE('',#6989,(#6993,#7000),.PCURVE_S1.);
#6989 = LINE('',#6990,#6991);
#6990 = CARTESIAN_POINT('',(5.955555555556,-18.66666666666,0.));
#6991 = VECTOR('',#6992,1.);
#6992 = DIRECTION('',(0.,1.,0.));
#6993 = PCURVE('',#72,#6994);
#6994 = DEFINITIONAL_REPRESENTATION('',(#6995),#6999);
#6995 = LINE('',#6996,#6997);
#6996 = CARTESIAN_POINT('',(27.822222222222,3.2));
#6997 = VECTOR('',#6998,1.);
#6998 = DIRECTION('',(0.,1.));
#6999 = ( GEOMETRIC_REPRESENTATION_CONTEXT(2) 
PARAMETRIC_REPRESENTATION_CONTEXT() REPRESENTATION_CONTEXT('2D SPACE',''
  ) );
#7000 = PCURVE('',#3361,#7001);
#7001 = DEFINITIONAL_REPRESENTATION('',(#7002),#7006);
#7002 = LINE('',#7003,#7004);
#7003 = CARTESIAN_POINT('',(0.,0.));
#7004 = VECTOR('',#7005,1.);
#7005 = DIRECTION('',(0.,-1.));
#7006 = ( GEOMETRIC_REPRESENTATION_CONTEXT(2) 
PARAMETRIC_REPRESENTATION_CONTEXT() REPRESENTATION_CONTEXT('2D SPACE',''
  ) );
#7007 = ORIENTED_EDGE('',*,*,#7008,.F.);
#7008 = EDGE_CURVE('',#7009,#6984,#7011,.T.);
#7009 = VERTEX_POINT('',#7010);
#7010 = CARTESIAN_POINT('',(0.4,13.111111111111,0.));
#7011 = SURFACE_CURVE('',#7012,(#7016,#7023),.PCURVE_S1.);
#7012 = LINE('',#7013,#7014);
#7013 = CARTESIAN_POINT('',(-18.66666666666,13.111111111111,0.));
#7014 = VECTOR('',#7015,1.);
#7015 = DIRECTION('',(1.,0.,0.));
#7016 = PCURVE('',#72,#7017);
#7017 = DEFINITIONAL_REPRESENTATION('',(#7018),#7022);
#7018 = LINE('',#7019,#7020);
#7019 = CARTESIAN_POINT('',(3.2,34.977777777778));
#7020 = VECTOR('',#7021,1.);
#7021 = DIRECTION('',(1.,0.));
#7022 = ( GEOMETRIC_REPRESENTATION_CONTEXT(2) 
PARAMETRIC_REPRESENTATION_CONTEXT() REPRESENTATION_CONTEXT('2D SPACE',''
  ) );
#7023 = PCURVE('',#3389,#7024);
#7024 = DEFINITIONAL_REPRESENTATION('',(#7025),#7029);
#7025 = LINE('',#7026,#7027);
#7026 = CARTESIAN_POINT('',(0.,0.));
#7027 = VECTOR('',#7028,1.);
#7028 = DIRECTION('',(0.,1.));
#7029 = ( GEOMETRIC_REPRESENTATION_CONTEXT(2) 
PARAMETRIC_REPRESENTATION_CONTEXT() REPRESENTATION_CONTEXT('2D SPACE',''
  ) );
#7030 = ORIENTED_EDGE('',*,*,#7031,.T.);
#7031 = EDGE_CURVE('',#7009,#7032,#7034,.T.);
#7032 = VERTEX_POINT('',#7033);
#7033 = CARTESIAN_POINT('',(0.4,18.666666666667,0.));
#7034 = SURFACE_CURVE('',#7035,(#7039,#7046),.PCURVE_S1.);
#7035 = LINE('',#7036,#7037);
#7036 = CARTESIAN_POINT('',(0.4,-18.66666666666,0.));
#7037 = VECTOR('',#7038,1.);
#7038 = DIRECTION('',(0.,1.,0.));
#7039 = PCURVE('',#72,#7040);
#7040 = DEFINITIONAL_REPRESENTATION('',(#7041),#7045);
#7041 = LINE('',#7042,#7043);
#7042 = CARTESIAN_POINT('',(22.266666666667,3.2));
#7043 = VECTOR('',#7044,1.);
#7044 = DIRECTION('',(0.,1.));
#7045 = ( GEOMETRIC_REPRESENTATION_CONTEXT(2) 
PARAMETRIC_REPRESENTATION_CONTEXT() REPRESENTATION_CONTEXT('2D SPACE',''
  ) );
#7046 = PCURVE('',#3417,#7047);
#7047 = DEFINITIONAL_REPRESENTATION('',(#7048),#7052);
#7048 = LINE('',#7049,#7050);
#7049 = CARTESIAN_POINT('',(0.,0.));
#7050 = VECTOR('',#7051,1.);
#7051 = DIRECTION('',(0.,-1.));
#7052 = ( GEOMETRIC_REPRESENTATION_CONTEXT(2) 
PARAMETRIC_REPRESENTATION_CONTEXT() REPRESENTATION_CONTEXT('2D SPACE',''
  ) );
#7053 = ORIENTED_EDGE('',*,*,#7054,.T.);
#7054 = EDGE_CURVE('',#7032,#6986,#7055,.T.);
#7055 = SURFACE_CURVE('',#7056,(#7060,#7067),.PCURVE_S1.);
#7056 = LINE('',#7057,#7058);
#7057 = CARTESIAN_POINT('',(-18.66666666666,18.666666666667,0.));
#7058 = VECTOR('',#7059,1.);
#7059 = DIRECTION('',(1.,0.,0.));
#7060 = PCURVE('',#72,#7061);
#7061 = DEFINITIONAL_REPRESENTATION('',(#7062),#7066);
#7062 = LINE('',#7063,#7064);
#7063 = CARTESIAN_POINT('',(3.2,40.533333333333));
#7064 = VECTOR('',#7065,1.);
#7065 = DIRECTION('',(1.,0.));
#7066 = ( GEOMETRIC_REPRESENTATION_CONTEXT(2) 
PARAMETRIC_REPRESENTATION_CONTEXT() REPRESENTATION_CONTEXT('2D SPACE',''
  ) );
#7067 = PCURVE('',#3443,#7068);
#7068 = DEFINITIONAL_REPRESENTATION('',(#7069),#7073);
#7069 = LINE('',#7070,#7071);
#7070 = CARTESIAN_POINT('',(0.,0.));
#7071 = VECTOR('',#7072,1.);
#7072 = DIRECTION('',(0.,1.));
#7073 = ( GEOMETRIC_REPRESENTATION_CONTEXT(2) 
PARAMETRIC_REPRESENTATION_CONTEXT() REPRESENTATION_CONTEXT('2D SPACE',''
  ) );
#7074 = FACE_BOUND('',#7075,.F.);
#7075 = EDGE_LOOP('',(#7076,#7101,#7124,#7147));
#7076 = ORIENTED_EDGE('',*,*,#7077,.F.);
#7077 = EDGE_CURVE('',#7078,#7080,#7082,.T.);
#7078 = VERTEX_POINT('',#7079);
#7079 = CARTESIAN_POINT('',(-0.4,13.111111111111,0.));
#7080 = VERTEX_POINT('',#7081);
#7081 = CARTESIAN_POINT('',(-0.4,18.666666666667,0.));
#7082 = SURFACE_CURVE('',#7083,(#7087,#7094),.PCURVE_S1.);
#7083 = LINE('',#7084,#7085);
#7084 = CARTESIAN_POINT('',(-0.4,-18.66666666666,0.));
#7085 = VECTOR('',#7086,1.);
#7086 = DIRECTION('',(0.,1.,0.));
#7087 = PCURVE('',#72,#7088);
#7088 = DEFINITIONAL_REPRESENTATION('',(#7089),#7093);
#7089 = LINE('',#7090,#7091);
#7090 = CARTESIAN_POINT('',(21.466666666667,3.2));
#7091 = VECTOR('',#7092,1.);
#7092 = DIRECTION('',(0.,1.));
#7093 = ( GEOMETRIC_REPRESENTATION_CONTEXT(2) 
PARAMETRIC_REPRESENTATION_CONTEXT() REPRESENTATION_CONTEXT('2D SPACE',''
  ) );
#7094 = PCURVE('',#3475,#7095);
#7095 = DEFINITIONAL_REPRESENTATION('',(#7096),#7100);
#7096 = LINE('',#7097,#7098);
#7097 = CARTESIAN_POINT('',(0.,0.));
#7098 = VECTOR('',#7099,1.);
#7099 = DIRECTION('',(0.,-1.));
#7100 = ( GEOMETRIC_REPRESENTATION_CONTEXT(2) 
PARAMETRIC_REPRESENTATION_CONTEXT() REPRESENTATION_CONTEXT('2D SPACE',''
  ) );
#7101 = ORIENTED_EDGE('',*,*,#7102,.F.);
#7102 = EDGE_CURVE('',#7103,#7078,#7105,.T.);
#7103 = VERTEX_POINT('',#7104);
#7104 = CARTESIAN_POINT('',(-5.955555555556,13.111111111111,0.));
#7105 = SURFACE_CURVE('',#7106,(#7110,#7117),.PCURVE_S1.);
#7106 = LINE('',#7107,#7108);
#7107 = CARTESIAN_POINT('',(-18.66666666666,13.111111111111,0.));
#7108 = VECTOR('',#7109,1.);
#7109 = DIRECTION('',(1.,0.,0.));
#7110 = PCURVE('',#72,#7111);
#7111 = DEFINITIONAL_REPRESENTATION('',(#7112),#7116);
#7112 = LINE('',#7113,#7114);
#7113 = CARTESIAN_POINT('',(3.2,34.977777777778));
#7114 = VECTOR('',#7115,1.);
#7115 = DIRECTION('',(1.,0.));
#7116 = ( GEOMETRIC_REPRESENTATION_CONTEXT(2) 
PARAMETRIC_REPRESENTATION_CONTEXT() REPRESENTATION_CONTEXT('2D SPACE',''
  ) );
#7117 = PCURVE('',#3503,#7118);
#7118 = DEFINITIONAL_REPRESENTATION('',(#7119),#7123);
#7119 = LINE('',#7120,#7121);
#7120 = CARTESIAN_POINT('',(0.,0.));
#7121 = VECTOR('',#7122,1.);
#7122 = DIRECTION('',(0.,1.));
#7123 = ( GEOMETRIC_REPRESENTATION_CONTEXT(2) 
PARAMETRIC_REPRESENTATION_CONTEXT() REPRESENTATION_CONTEXT('2D SPACE',''
  ) );
#7124 = ORIENTED_EDGE('',*,*,#7125,.T.);
#7125 = EDGE_CURVE('',#7103,#7126,#7128,.T.);
#7126 = VERTEX_POINT('',#7127);
#7127 = CARTESIAN_POINT('',(-5.955555555556,18.666666666667,0.));
#7128 = SURFACE_CURVE('',#7129,(#7133,#7140),.PCURVE_S1.);
#7129 = LINE('',#7130,#7131);
#7130 = CARTESIAN_POINT('',(-5.955555555556,-18.66666666666,0.));
#7131 = VECTOR('',#7132,1.);
#7132 = DIRECTION('',(0.,1.,0.));
#7133 = PCURVE('',#72,#7134);
#7134 = DEFINITIONAL_REPRESENTATION('',(#7135),#7139);
#7135 = LINE('',#7136,#7137);
#7136 = CARTESIAN_POINT('',(15.911111111111,3.2));
#7137 = VECTOR('',#7138,1.);
#7138 = DIRECTION('',(0.,1.));
#7139 = ( GEOMETRIC_REPRESENTATION_CONTEXT(2) 
PARAMETRIC_REPRESENTATION_CONTEXT() REPRESENTATION_CONTEXT('2D SPACE',''
  ) );
#7140 = PCURVE('',#3531,#7141);
#7141 = DEFINITIONAL_REPRESENTATION('',(#7142),#7146);
#7142 = LINE('',#7143,#7144);
#7143 = CARTESIAN_POINT('',(0.,0.));
#7144 = VECTOR('',#7145,1.);
#7145 = DIRECTION('',(0.,-1.));
#7146 = ( GEOMETRIC_REPRESENTATION_CONTEXT(2) 
PARAMETRIC_REPRESENTATION_CONTEXT() REPRESENTATION_CONTEXT('2D SPACE',''
  ) );
#7147 = ORIENTED_EDGE('',*,*,#7148,.T.);
#7148 = EDGE_CURVE('',#7126,#7080,#7149,.T.);
#7149 = SURFACE_CURVE('',#7150,(#7154,#7161),.PCURVE_S1.);
#7150 = LINE('',#7151,#7152);
#7151 = CARTESIAN_POINT('',(-18.66666666666,18.666666666667,0.));
#7152 = VECTOR('',#7153,1.);
#7153 = DIRECTION('',(1.,0.,0.));
#7154 = PCURVE('',#72,#7155);
#7155 = DEFINITIONAL_REPRESENTATION('',(#7156),#7160);
#7156 = LINE('',#7157,#7158);
#7157 = CARTESIAN_POINT('',(3.2,40.533333333333));
#7158 = VECTOR('',#7159,1.);
#7159 = DIRECTION('',(1.,0.));
#7160 = ( GEOMETRIC_REPRESENTATION_CONTEXT(2) 
PARAMETRIC_REPRESENTATION_CONTEXT() REPRESENTATION_CONTEXT('2D SPACE',''
  ) );
#7161 = PCURVE('',#3557,#7162);
#7162 = DEFINITIONAL_REPRESENTATION('',(#7163),#7167);
#7163 = LINE('',#7164,#7165);
#7164 = CARTESIAN_POINT('',(0.,0.));
#7165 = VECTOR('',#7166,1.);
#7166 = DIRECTION('',(0.,1.));
#7167 = ( GEOMETRIC_REPRESENTATION_CONTEXT(2) 
PARAMETRIC_REPRESENTATION_CONTEXT() REPRESENTATION_CONTEXT('2D SPACE',''
  ) );
#7168 = FACE_BOUND('',#7169,.F.);
#7169 = EDGE_LOOP('',(#7170,#7195,#7218,#7241));
#7170 = ORIENTED_EDGE('',*,*,#7171,.F.);
#7171 = EDGE_CURVE('',#7172,#7174,#7176,.T.);
#7172 = VERTEX_POINT('',#7173);
#7173 = CARTESIAN_POINT('',(-6.755555555556,13.111111111111,0.));
#7174 = VERTEX_POINT('',#7175);
#7175 = CARTESIAN_POINT('',(-6.755555555556,18.666666666667,0.));
#7176 = SURFACE_CURVE('',#7177,(#7181,#7188),.PCURVE_S1.);
#7177 = LINE('',#7178,#7179);
#7178 = CARTESIAN_POINT('',(-6.755555555556,-18.66666666666,0.));
#7179 = VECTOR('',#7180,1.);
#7180 = DIRECTION('',(0.,1.,0.));
#7181 = PCURVE('',#72,#7182);
#7182 = DEFINITIONAL_REPRESENTATION('',(#7183),#7187);
#7183 = LINE('',#7184,#7185);
#7184 = CARTESIAN_POINT('',(15.111111111111,3.2));
#7185 = VECTOR('',#7186,1.);
#7186 = DIRECTION('',(0.,1.));
#7187 = ( GEOMETRIC_REPRESENTATION_CONTEXT(2) 
PARAMETRIC_REPRESENTATION_CONTEXT() REPRESENTATION_CONTEXT('2D SPACE',''
  ) );
#7188 = PCURVE('',#3589,#7189);
#7189 = DEFINITIONAL_REPRESENTATION('',(#7190),#7194);
#7190 = LINE('',#7191,#7192);
#7191 = CARTESIAN_POINT('',(0.,0.));
#7192 = VECTOR('',#7193,1.);
#7193 = DIRECTION('',(0.,-1.));
#7194 = ( GEOMETRIC_REPRESENTATION_CONTEXT(2) 
PARAMETRIC_REPRESENTATION_CONTEXT() REPRESENTATION_CONTEXT('2D SPACE',''
  ) );
#7195 = ORIENTED_EDGE('',*,*,#7196,.F.);
#7196 = EDGE_CURVE('',#7197,#7172,#7199,.T.);
#7197 = VERTEX_POINT('',#7198);
#7198 = CARTESIAN_POINT('',(-12.31111111111,13.111111111111,0.));
#7199 = SURFACE_CURVE('',#7200,(#7204,#7211),.PCURVE_S1.);
#7200 = LINE('',#7201,#7202);
#7201 = CARTESIAN_POINT('',(-18.66666666666,13.111111111111,0.));
#7202 = VECTOR('',#7203,1.);
#7203 = DIRECTION('',(1.,0.,0.));
#7204 = PCURVE('',#72,#7205);
#7205 = DEFINITIONAL_REPRESENTATION('',(#7206),#7210);
#7206 = LINE('',#7207,#7208);
#7207 = CARTESIAN_POINT('',(3.2,34.977777777778));
#7208 = VECTOR('',#7209,1.);
#7209 = DIRECTION('',(1.,0.));
#7210 = ( GEOMETRIC_REPRESENTATION_CONTEXT(2) 
PARAMETRIC_REPRESENTATION_CONTEXT() REPRESENTATION_CONTEXT('2D SPACE',''
  ) );
#7211 = PCURVE('',#3617,#7212);
#7212 = DEFINITIONAL_REPRESENTATION('',(#7213),#7217);
#7213 = LINE('',#7214,#7215);
#7214 = CARTESIAN_POINT('',(0.,0.));
#7215 = VECTOR('',#7216,1.);
#7216 = DIRECTION('',(0.,1.));
#7217 = ( GEOMETRIC_REPRESENTATION_CONTEXT(2) 
PARAMETRIC_REPRESENTATION_CONTEXT() REPRESENTATION_CONTEXT('2D SPACE',''
  ) );
#7218 = ORIENTED_EDGE('',*,*,#7219,.T.);
#7219 = EDGE_CURVE('',#7197,#7220,#7222,.T.);
#7220 = VERTEX_POINT('',#7221);
#7221 = CARTESIAN_POINT('',(-12.31111111111,18.666666666667,0.));
#7222 = SURFACE_CURVE('',#7223,(#7227,#7234),.PCURVE_S1.);
#7223 = LINE('',#7224,#7225);
#7224 = CARTESIAN_POINT('',(-12.31111111111,-18.66666666666,0.));
#7225 = VECTOR('',#7226,1.);
#7226 = DIRECTION('',(0.,1.,0.));
#7227 = PCURVE('',#72,#7228);
#7228 = DEFINITIONAL_REPRESENTATION('',(#7229),#7233);
#7229 = LINE('',#7230,#7231);
#7230 = CARTESIAN_POINT('',(9.555555555556,3.2));
#7231 = VECTOR('',#7232,1.);
#7232 = DIRECTION('',(0.,1.));
#7233 = ( GEOMETRIC_REPRESENTATION_CONTEXT(2) 
PARAMETRIC_REPRESENTATION_CONTEXT() REPRESENTATION_CONTEXT('2D SPACE',''
  ) );
#7234 = PCURVE('',#3645,#7235);
#7235 = DEFINITIONAL_REPRESENTATION('',(#7236),#7240);
#7236 = LINE('',#7237,#7238);
#7237 = CARTESIAN_POINT('',(0.,0.));
#7238 = VECTOR('',#7239,1.);
#7239 = DIRECTION('',(0.,-1.));
#7240 = ( GEOMETRIC_REPRESENTATION_CONTEXT(2) 
PARAMETRIC_REPRESENTATION_CONTEXT() REPRESENTATION_CONTEXT('2D SPACE',''
  ) );
#7241 = ORIENTED_EDGE('',*,*,#7242,.T.);
#7242 = EDGE_CURVE('',#7220,#7174,#7243,.T.);
#7243 = SURFACE_CURVE('',#7244,(#7248,#7255),.PCURVE_S1.);
#7244 = LINE('',#7245,#7246);
#7245 = CARTESIAN_POINT('',(-18.66666666666,18.666666666667,0.));
#7246 = VECTOR('',#7247,1.);
#7247 = DIRECTION('',(1.,0.,0.));
#7248 = PCURVE('',#72,#7249);
#7249 = DEFINITIONAL_REPRESENTATION('',(#7250),#7254);
#7250 = LINE('',#7251,#7252);
#7251 = CARTESIAN_POINT('',(3.2,40.533333333333));
#7252 = VECTOR('',#7253,1.);
#7253 = DIRECTION('',(1.,0.));
#7254 = ( GEOMETRIC_REPRESENTATION_CONTEXT(2) 
PARAMETRIC_REPRESENTATION_CONTEXT() REPRESENTATION_CONTEXT('2D SPACE',''
  ) );
#7255 = PCURVE('',#3671,#7256);
#7256 = DEFINITIONAL_REPRESENTATION('',(#7257),#7261);
#7257 = LINE('',#7258,#7259);
#7258 = CARTESIAN_POINT('',(0.,0.));
#7259 = VECTOR('',#7260,1.);
#7260 = DIRECTION('',(0.,1.));
#7261 = ( GEOMETRIC_REPRESENTATION_CONTEXT(2) 
PARAMETRIC_REPRESENTATION_CONTEXT() REPRESENTATION_CONTEXT('2D SPACE',''
  ) );
#7262 = FACE_BOUND('',#7263,.F.);
#7263 = EDGE_LOOP('',(#7264,#7289,#7312,#7335));
#7264 = ORIENTED_EDGE('',*,*,#7265,.F.);
#7265 = EDGE_CURVE('',#7266,#7268,#7270,.T.);
#7266 = VERTEX_POINT('',#7267);
#7267 = CARTESIAN_POINT('',(-13.11111111111,13.111111111111,0.));
#7268 = VERTEX_POINT('',#7269);
#7269 = CARTESIAN_POINT('',(-13.11111111111,18.666666666667,0.));
#7270 = SURFACE_CURVE('',#7271,(#7275,#7282),.PCURVE_S1.);
#7271 = LINE('',#7272,#7273);
#7272 = CARTESIAN_POINT('',(-13.11111111111,-18.66666666666,0.));
#7273 = VECTOR('',#7274,1.);
#7274 = DIRECTION('',(0.,1.,0.));
#7275 = PCURVE('',#72,#7276);
#7276 = DEFINITIONAL_REPRESENTATION('',(#7277),#7281);
#7277 = LINE('',#7278,#7279);
#7278 = CARTESIAN_POINT('',(8.755555555556,3.2));
#7279 = VECTOR('',#7280,1.);
#7280 = DIRECTION('',(0.,1.));
#7281 = ( GEOMETRIC_REPRESENTATION_CONTEXT(2) 
PARAMETRIC_REPRESENTATION_CONTEXT() REPRESENTATION_CONTEXT('2D SPACE',''
  ) );
#7282 = PCURVE('',#3703,#7283);
#7283 = DEFINITIONAL_REPRESENTATION('',(#7284),#7288);
#7284 = LINE('',#7285,#7286);
#7285 = CARTESIAN_POINT('',(0.,0.));
#7286 = VECTOR('',#7287,1.);
#7287 = DIRECTION('',(0.,-1.));
#7288 = ( GEOMETRIC_REPRESENTATION_CONTEXT(2) 
PARAMETRIC_REPRESENTATION_CONTEXT() REPRESENTATION_CONTEXT('2D SPACE',''
  ) );
#7289 = ORIENTED_EDGE('',*,*,#7290,.F.);
#7290 = EDGE_CURVE('',#7291,#7266,#7293,.T.);
#7291 = VERTEX_POINT('',#7292);
#7292 = CARTESIAN_POINT('',(-18.66666666666,13.111111111111,0.));
#7293 = SURFACE_CURVE('',#7294,(#7298,#7305),.PCURVE_S1.);
#7294 = LINE('',#7295,#7296);
#7295 = CARTESIAN_POINT('',(-18.66666666666,13.111111111111,0.));
#7296 = VECTOR('',#7297,1.);
#7297 = DIRECTION('',(1.,0.,0.));
#7298 = PCURVE('',#72,#7299);
#7299 = DEFINITIONAL_REPRESENTATION('',(#7300),#7304);
#7300 = LINE('',#7301,#7302);
#7301 = CARTESIAN_POINT('',(3.2,34.977777777778));
#7302 = VECTOR('',#7303,1.);
#7303 = DIRECTION('',(1.,0.));
#7304 = ( GEOMETRIC_REPRESENTATION_CONTEXT(2) 
PARAMETRIC_REPRESENTATION_CONTEXT() REPRESENTATION_CONTEXT('2D SPACE',''
  ) );
#7305 = PCURVE('',#3731,#7306);
#7306 = DEFINITIONAL_REPRESENTATION('',(#7307),#7311);
#7307 = LINE('',#7308,#7309);
#7308 = CARTESIAN_POINT('',(0.,0.));
#7309 = VECTOR('',#7310,1.);
#7310 = DIRECTION('',(0.,1.));
#7311 = ( GEOMETRIC_REPRESENTATION_CONTEXT(2) 
PARAMETRIC_REPRESENTATION_CONTEXT() REPRESENTATION_CONTEXT('2D SPACE',''
  ) );
#7312 = ORIENTED_EDGE('',*,*,#7313,.T.);
#7313 = EDGE_CURVE('',#7291,#7314,#7316,.T.);
#7314 = VERTEX_POINT('',#7315);
#7315 = CARTESIAN_POINT('',(-18.66666666666,18.666666666667,0.));
#7316 = SURFACE_CURVE('',#7317,(#7321,#7328),.PCURVE_S1.);
#7317 = LINE('',#7318,#7319);
#7318 = CARTESIAN_POINT('',(-18.66666666666,-18.66666666666,0.));
#7319 = VECTOR('',#7320,1.);
#7320 = DIRECTION('',(0.,1.,0.));
#7321 = PCURVE('',#72,#7322);
#7322 = DEFINITIONAL_REPRESENTATION('',(#7323),#7327);
#7323 = LINE('',#7324,#7325);
#7324 = CARTESIAN_POINT('',(3.2,3.2));
#7325 = VECTOR('',#7326,1.);
#7326 = DIRECTION('',(0.,1.));
#7327 = ( GEOMETRIC_REPRESENTATION_CONTEXT(2) 
PARAMETRIC_REPRESENTATION_CONTEXT() REPRESENTATION_CONTEXT('2D SPACE',''
  ) );
#7328 = PCURVE('',#3759,#7329);
#7329 = DEFINITIONAL_REPRESENTATION('',(#7330),#7334);
#7330 = LINE('',#7331,#7332);
#7331 = CARTESIAN_POINT('',(0.,0.));
#7332 = VECTOR('',#7333,1.);
#7333 = DIRECTION('',(0.,-1.));
#7334 = ( GEOMETRIC_REPRESENTATION_CONTEXT(2) 
PARAMETRIC_REPRESENTATION_CONTEXT() REPRESENTATION_CONTEXT('2D SPACE',''
  ) );
#7335 = ORIENTED_EDGE('',*,*,#7336,.T.);
#7336 = EDGE_CURVE('',#7314,#7268,#7337,.T.);
#7337 = SURFACE_CURVE('',#7338,(#7342,#7349),.PCURVE_S1.);
#7338 = LINE('',#7339,#7340);
#7339 = CARTESIAN_POINT('',(-18.66666666666,18.666666666667,0.));
#7340 = VECTOR('',#7341,1.);
#7341 = DIRECTION('',(1.,0.,0.));
#7342 = PCURVE('',#72,#7343);
#7343 = DEFINITIONAL_REPRESENTATION('',(#7344),#7348);
#7344 = LINE('',#7345,#7346);
#7345 = CARTESIAN_POINT('',(3.2,40.533333333333));
#7346 = VECTOR('',#7347,1.);
#7347 = DIRECTION('',(1.,0.));
#7348 = ( GEOMETRIC_REPRESENTATION_CONTEXT(2) 
PARAMETRIC_REPRESENTATION_CONTEXT() REPRESENTATION_CONTEXT('2D SPACE',''
  ) );
#7349 = PCURVE('',#3785,#7350);
#7350 = DEFINITIONAL_REPRESENTATION('',(#7351),#7355);
#7351 = LINE('',#7352,#7353);
#7352 = CARTESIAN_POINT('',(0.,0.));
#7353 = VECTOR('',#7354,1.);
#7354 = DIRECTION('',(0.,1.));
#7355 = ( GEOMETRIC_REPRESENTATION_CONTEXT(2) 
PARAMETRIC_REPRESENTATION_CONTEXT() REPRESENTATION_CONTEXT('2D SPACE',''
  ) );
#7356 = FACE_BOUND('',#7357,.F.);
#7357 = EDGE_LOOP('',(#7358,#7383,#7406,#7429));
#7358 = ORIENTED_EDGE('',*,*,#7359,.T.);
#7359 = EDGE_CURVE('',#7360,#7362,#7364,.T.);
#7360 = VERTEX_POINT('',#7361);
#7361 = CARTESIAN_POINT('',(-18.66666666666,6.755555555556,0.));
#7362 = VERTEX_POINT('',#7363);
#7363 = CARTESIAN_POINT('',(-18.66666666666,12.311111111111,0.));
#7364 = SURFACE_CURVE('',#7365,(#7369,#7376),.PCURVE_S1.);
#7365 = LINE('',#7366,#7367);
#7366 = CARTESIAN_POINT('',(-18.66666666666,-18.66666666666,0.));
#7367 = VECTOR('',#7368,1.);
#7368 = DIRECTION('',(0.,1.,0.));
#7369 = PCURVE('',#72,#7370);
#7370 = DEFINITIONAL_REPRESENTATION('',(#7371),#7375);
#7371 = LINE('',#7372,#7373);
#7372 = CARTESIAN_POINT('',(3.2,3.2));
#7373 = VECTOR('',#7374,1.);
#7374 = DIRECTION('',(0.,1.));
#7375 = ( GEOMETRIC_REPRESENTATION_CONTEXT(2) 
PARAMETRIC_REPRESENTATION_CONTEXT() REPRESENTATION_CONTEXT('2D SPACE',''
  ) );
#7376 = PCURVE('',#3817,#7377);
#7377 = DEFINITIONAL_REPRESENTATION('',(#7378),#7382);
#7378 = LINE('',#7379,#7380);
#7379 = CARTESIAN_POINT('',(0.,0.));
#7380 = VECTOR('',#7381,1.);
#7381 = DIRECTION('',(0.,-1.));
#7382 = ( GEOMETRIC_REPRESENTATION_CONTEXT(2) 
PARAMETRIC_REPRESENTATION_CONTEXT() REPRESENTATION_CONTEXT('2D SPACE',''
  ) );
#7383 = ORIENTED_EDGE('',*,*,#7384,.T.);
#7384 = EDGE_CURVE('',#7362,#7385,#7387,.T.);
#7385 = VERTEX_POINT('',#7386);
#7386 = CARTESIAN_POINT('',(-13.11111111111,12.311111111111,0.));
#7387 = SURFACE_CURVE('',#7388,(#7392,#7399),.PCURVE_S1.);
#7388 = LINE('',#7389,#7390);
#7389 = CARTESIAN_POINT('',(-18.66666666666,12.311111111111,0.));
#7390 = VECTOR('',#7391,1.);
#7391 = DIRECTION('',(1.,0.,0.));
#7392 = PCURVE('',#72,#7393);
#7393 = DEFINITIONAL_REPRESENTATION('',(#7394),#7398);
#7394 = LINE('',#7395,#7396);
#7395 = CARTESIAN_POINT('',(3.2,34.177777777778));
#7396 = VECTOR('',#7397,1.);
#7397 = DIRECTION('',(1.,0.));
#7398 = ( GEOMETRIC_REPRESENTATION_CONTEXT(2) 
PARAMETRIC_REPRESENTATION_CONTEXT() REPRESENTATION_CONTEXT('2D SPACE',''
  ) );
#7399 = PCURVE('',#3845,#7400);
#7400 = DEFINITIONAL_REPRESENTATION('',(#7401),#7405);
#7401 = LINE('',#7402,#7403);
#7402 = CARTESIAN_POINT('',(0.,0.));
#7403 = VECTOR('',#7404,1.);
#7404 = DIRECTION('',(0.,1.));
#7405 = ( GEOMETRIC_REPRESENTATION_CONTEXT(2) 
PARAMETRIC_REPRESENTATION_CONTEXT() REPRESENTATION_CONTEXT('2D SPACE',''
  ) );
#7406 = ORIENTED_EDGE('',*,*,#7407,.F.);
#7407 = EDGE_CURVE('',#7408,#7385,#7410,.T.);
#7408 = VERTEX_POINT('',#7409);
#7409 = CARTESIAN_POINT('',(-13.11111111111,6.755555555556,0.));
#7410 = SURFACE_CURVE('',#7411,(#7415,#7422),.PCURVE_S1.);
#7411 = LINE('',#7412,#7413);
#7412 = CARTESIAN_POINT('',(-13.11111111111,-18.66666666666,0.));
#7413 = VECTOR('',#7414,1.);
#7414 = DIRECTION('',(0.,1.,0.));
#7415 = PCURVE('',#72,#7416);
#7416 = DEFINITIONAL_REPRESENTATION('',(#7417),#7421);
#7417 = LINE('',#7418,#7419);
#7418 = CARTESIAN_POINT('',(8.755555555556,3.2));
#7419 = VECTOR('',#7420,1.);
#7420 = DIRECTION('',(0.,1.));
#7421 = ( GEOMETRIC_REPRESENTATION_CONTEXT(2) 
PARAMETRIC_REPRESENTATION_CONTEXT() REPRESENTATION_CONTEXT('2D SPACE',''
  ) );
#7422 = PCURVE('',#3873,#7423);
#7423 = DEFINITIONAL_REPRESENTATION('',(#7424),#7428);
#7424 = LINE('',#7425,#7426);
#7425 = CARTESIAN_POINT('',(0.,0.));
#7426 = VECTOR('',#7427,1.);
#7427 = DIRECTION('',(0.,-1.));
#7428 = ( GEOMETRIC_REPRESENTATION_CONTEXT(2) 
PARAMETRIC_REPRESENTATION_CONTEXT() REPRESENTATION_CONTEXT('2D SPACE',''
  ) );
#7429 = ORIENTED_EDGE('',*,*,#7430,.F.);
#7430 = EDGE_CURVE('',#7360,#7408,#7431,.T.);
#7431 = SURFACE_CURVE('',#7432,(#7436,#7443),.PCURVE_S1.);
#7432 = LINE('',#7433,#7434);
#7433 = CARTESIAN_POINT('',(-18.66666666666,6.755555555556,0.));
#7434 = VECTOR('',#7435,1.);
#7435 = DIRECTION('',(1.,0.,0.));
#7436 = PCURVE('',#72,#7437);
#7437 = DEFINITIONAL_REPRESENTATION('',(#7438),#7442);
#7438 = LINE('',#7439,#7440);
#7439 = CARTESIAN_POINT('',(3.2,28.622222222222));
#7440 = VECTOR('',#7441,1.);
#7441 = DIRECTION('',(1.,0.));
#7442 = ( GEOMETRIC_REPRESENTATION_CONTEXT(2) 
PARAMETRIC_REPRESENTATION_CONTEXT() REPRESENTATION_CONTEXT('2D SPACE',''
  ) );
#7443 = PCURVE('',#3899,#7444);
#7444 = DEFINITIONAL_REPRESENTATION('',(#7445),#7449);
#7445 = LINE('',#7446,#7447);
#7446 = CARTESIAN_POINT('',(0.,0.));
#7447 = VECTOR('',#7448,1.);
#7448 = DIRECTION('',(0.,1.));
#7449 = ( GEOMETRIC_REPRESENTATION_CONTEXT(2) 
PARAMETRIC_REPRESENTATION_CONTEXT() REPRESENTATION_CONTEXT('2D SPACE',''
  ) );
#7450 = FACE_BOUND('',#7451,.F.);
#7451 = EDGE_LOOP('',(#7452,#7477,#7500,#7523));
#7452 = ORIENTED_EDGE('',*,*,#7453,.T.);
#7453 = EDGE_CURVE('',#7454,#7456,#7458,.T.);
#7454 = VERTEX_POINT('',#7455);
#7455 = CARTESIAN_POINT('',(-12.31111111111,6.755555555556,0.));
#7456 = VERTEX_POINT('',#7457);
#7457 = CARTESIAN_POINT('',(-12.31111111111,12.311111111111,0.));
#7458 = SURFACE_CURVE('',#7459,(#7463,#7470),.PCURVE_S1.);
#7459 = LINE('',#7460,#7461);
#7460 = CARTESIAN_POINT('',(-12.31111111111,-18.66666666666,0.));
#7461 = VECTOR('',#7462,1.);
#7462 = DIRECTION('',(0.,1.,0.));
#7463 = PCURVE('',#72,#7464);
#7464 = DEFINITIONAL_REPRESENTATION('',(#7465),#7469);
#7465 = LINE('',#7466,#7467);
#7466 = CARTESIAN_POINT('',(9.555555555556,3.2));
#7467 = VECTOR('',#7468,1.);
#7468 = DIRECTION('',(0.,1.));
#7469 = ( GEOMETRIC_REPRESENTATION_CONTEXT(2) 
PARAMETRIC_REPRESENTATION_CONTEXT() REPRESENTATION_CONTEXT('2D SPACE',''
  ) );
#7470 = PCURVE('',#3931,#7471);
#7471 = DEFINITIONAL_REPRESENTATION('',(#7472),#7476);
#7472 = LINE('',#7473,#7474);
#7473 = CARTESIAN_POINT('',(0.,0.));
#7474 = VECTOR('',#7475,1.);
#7475 = DIRECTION('',(0.,-1.));
#7476 = ( GEOMETRIC_REPRESENTATION_CONTEXT(2) 
PARAMETRIC_REPRESENTATION_CONTEXT() REPRESENTATION_CONTEXT('2D SPACE',''
  ) );
#7477 = ORIENTED_EDGE('',*,*,#7478,.T.);
#7478 = EDGE_CURVE('',#7456,#7479,#7481,.T.);
#7479 = VERTEX_POINT('',#7480);
#7480 = CARTESIAN_POINT('',(-6.755555555556,12.311111111111,0.));
#7481 = SURFACE_CURVE('',#7482,(#7486,#7493),.PCURVE_S1.);
#7482 = LINE('',#7483,#7484);
#7483 = CARTESIAN_POINT('',(-18.66666666666,12.311111111111,0.));
#7484 = VECTOR('',#7485,1.);
#7485 = DIRECTION('',(1.,0.,0.));
#7486 = PCURVE('',#72,#7487);
#7487 = DEFINITIONAL_REPRESENTATION('',(#7488),#7492);
#7488 = LINE('',#7489,#7490);
#7489 = CARTESIAN_POINT('',(3.2,34.177777777778));
#7490 = VECTOR('',#7491,1.);
#7491 = DIRECTION('',(1.,0.));
#7492 = ( GEOMETRIC_REPRESENTATION_CONTEXT(2) 
PARAMETRIC_REPRESENTATION_CONTEXT() REPRESENTATION_CONTEXT('2D SPACE',''
  ) );
#7493 = PCURVE('',#3959,#7494);
#7494 = DEFINITIONAL_REPRESENTATION('',(#7495),#7499);
#7495 = LINE('',#7496,#7497);
#7496 = CARTESIAN_POINT('',(0.,0.));
#7497 = VECTOR('',#7498,1.);
#7498 = DIRECTION('',(0.,1.));
#7499 = ( GEOMETRIC_REPRESENTATION_CONTEXT(2) 
PARAMETRIC_REPRESENTATION_CONTEXT() REPRESENTATION_CONTEXT('2D SPACE',''
  ) );
#7500 = ORIENTED_EDGE('',*,*,#7501,.F.);
#7501 = EDGE_CURVE('',#7502,#7479,#7504,.T.);
#7502 = VERTEX_POINT('',#7503);
#7503 = CARTESIAN_POINT('',(-6.755555555556,6.755555555556,0.));
#7504 = SURFACE_CURVE('',#7505,(#7509,#7516),.PCURVE_S1.);
#7505 = LINE('',#7506,#7507);
#7506 = CARTESIAN_POINT('',(-6.755555555556,-18.66666666666,0.));
#7507 = VECTOR('',#7508,1.);
#7508 = DIRECTION('',(0.,1.,0.));
#7509 = PCURVE('',#72,#7510);
#7510 = DEFINITIONAL_REPRESENTATION('',(#7511),#7515);
#7511 = LINE('',#7512,#7513);
#7512 = CARTESIAN_POINT('',(15.111111111111,3.2));
#7513 = VECTOR('',#7514,1.);
#7514 = DIRECTION('',(0.,1.));
#7515 = ( GEOMETRIC_REPRESENTATION_CONTEXT(2) 
PARAMETRIC_REPRESENTATION_CONTEXT() REPRESENTATION_CONTEXT('2D SPACE',''
  ) );
#7516 = PCURVE('',#3987,#7517);
#7517 = DEFINITIONAL_REPRESENTATION('',(#7518),#7522);
#7518 = LINE('',#7519,#7520);
#7519 = CARTESIAN_POINT('',(0.,0.));
#7520 = VECTOR('',#7521,1.);
#7521 = DIRECTION('',(0.,-1.));
#7522 = ( GEOMETRIC_REPRESENTATION_CONTEXT(2) 
PARAMETRIC_REPRESENTATION_CONTEXT() REPRESENTATION_CONTEXT('2D SPACE',''
  ) );
#7523 = ORIENTED_EDGE('',*,*,#7524,.F.);
#7524 = EDGE_CURVE('',#7454,#7502,#7525,.T.);
#7525 = SURFACE_CURVE('',#7526,(#7530,#7537),.PCURVE_S1.);
#7526 = LINE('',#7527,#7528);
#7527 = CARTESIAN_POINT('',(-18.66666666666,6.755555555556,0.));
#7528 = VECTOR('',#7529,1.);
#7529 = DIRECTION('',(1.,0.,0.));
#7530 = PCURVE('',#72,#7531);
#7531 = DEFINITIONAL_REPRESENTATION('',(#7532),#7536);
#7532 = LINE('',#7533,#7534);
#7533 = CARTESIAN_POINT('',(3.2,28.622222222222));
#7534 = VECTOR('',#7535,1.);
#7535 = DIRECTION('',(1.,0.));
#7536 = ( GEOMETRIC_REPRESENTATION_CONTEXT(2) 
PARAMETRIC_REPRESENTATION_CONTEXT() REPRESENTATION_CONTEXT('2D SPACE',''
  ) );
#7537 = PCURVE('',#4013,#7538);
#7538 = DEFINITIONAL_REPRESENTATION('',(#7539),#7543);
#7539 = LINE('',#7540,#7541);
#7540 = CARTESIAN_POINT('',(0.,0.));
#7541 = VECTOR('',#7542,1.);
#7542 = DIRECTION('',(0.,1.));
#7543 = ( GEOMETRIC_REPRESENTATION_CONTEXT(2) 
PARAMETRIC_REPRESENTATION_CONTEXT() REPRESENTATION_CONTEXT('2D SPACE',''
  ) );
#7544 = FACE_BOUND('',#7545,.F.);
#7545 = EDGE_LOOP('',(#7546,#7571,#7594,#7617));
#7546 = ORIENTED_EDGE('',*,*,#7547,.T.);
#7547 = EDGE_CURVE('',#7548,#7550,#7552,.T.);
#7548 = VERTEX_POINT('',#7549);
#7549 = CARTESIAN_POINT('',(-5.955555555556,6.755555555556,0.));
#7550 = VERTEX_POINT('',#7551);
#7551 = CARTESIAN_POINT('',(-5.955555555556,12.311111111111,0.));
#7552 = SURFACE_CURVE('',#7553,(#7557,#7564),.PCURVE_S1.);
#7553 = LINE('',#7554,#7555);
#7554 = CARTESIAN_POINT('',(-5.955555555556,-18.66666666666,0.));
#7555 = VECTOR('',#7556,1.);
#7556 = DIRECTION('',(0.,1.,0.));
#7557 = PCURVE('',#72,#7558);
#7558 = DEFINITIONAL_REPRESENTATION('',(#7559),#7563);
#7559 = LINE('',#7560,#7561);
#7560 = CARTESIAN_POINT('',(15.911111111111,3.2));
#7561 = VECTOR('',#7562,1.);
#7562 = DIRECTION('',(0.,1.));
#7563 = ( GEOMETRIC_REPRESENTATION_CONTEXT(2) 
PARAMETRIC_REPRESENTATION_CONTEXT() REPRESENTATION_CONTEXT('2D SPACE',''
  ) );
#7564 = PCURVE('',#4045,#7565);
#7565 = DEFINITIONAL_REPRESENTATION('',(#7566),#7570);
#7566 = LINE('',#7567,#7568);
#7567 = CARTESIAN_POINT('',(0.,0.));
#7568 = VECTOR('',#7569,1.);
#7569 = DIRECTION('',(0.,-1.));
#7570 = ( GEOMETRIC_REPRESENTATION_CONTEXT(2) 
PARAMETRIC_REPRESENTATION_CONTEXT() REPRESENTATION_CONTEXT('2D SPACE',''
  ) );
#7571 = ORIENTED_EDGE('',*,*,#7572,.T.);
#7572 = EDGE_CURVE('',#7550,#7573,#7575,.T.);
#7573 = VERTEX_POINT('',#7574);
#7574 = CARTESIAN_POINT('',(-0.4,12.311111111111,0.));
#7575 = SURFACE_CURVE('',#7576,(#7580,#7587),.PCURVE_S1.);
#7576 = LINE('',#7577,#7578);
#7577 = CARTESIAN_POINT('',(-18.66666666666,12.311111111111,0.));
#7578 = VECTOR('',#7579,1.);
#7579 = DIRECTION('',(1.,0.,0.));
#7580 = PCURVE('',#72,#7581);
#7581 = DEFINITIONAL_REPRESENTATION('',(#7582),#7586);
#7582 = LINE('',#7583,#7584);
#7583 = CARTESIAN_POINT('',(3.2,34.177777777778));
#7584 = VECTOR('',#7585,1.);
#7585 = DIRECTION('',(1.,0.));
#7586 = ( GEOMETRIC_REPRESENTATION_CONTEXT(2) 
PARAMETRIC_REPRESENTATION_CONTEXT() REPRESENTATION_CONTEXT('2D SPACE',''
  ) );
#7587 = PCURVE('',#4073,#7588);
#7588 = DEFINITIONAL_REPRESENTATION('',(#7589),#7593);
#7589 = LINE('',#7590,#7591);
#7590 = CARTESIAN_POINT('',(0.,0.));
#7591 = VECTOR('',#7592,1.);
#7592 = DIRECTION('',(0.,1.));
#7593 = ( GEOMETRIC_REPRESENTATION_CONTEXT(2) 
PARAMETRIC_REPRESENTATION_CONTEXT() REPRESENTATION_CONTEXT('2D SPACE',''
  ) );
#7594 = ORIENTED_EDGE('',*,*,#7595,.F.);
#7595 = EDGE_CURVE('',#7596,#7573,#7598,.T.);
#7596 = VERTEX_POINT('',#7597);
#7597 = CARTESIAN_POINT('',(-0.4,6.755555555556,0.));
#7598 = SURFACE_CURVE('',#7599,(#7603,#7610),.PCURVE_S1.);
#7599 = LINE('',#7600,#7601);
#7600 = CARTESIAN_POINT('',(-0.4,-18.66666666666,0.));
#7601 = VECTOR('',#7602,1.);
#7602 = DIRECTION('',(0.,1.,0.));
#7603 = PCURVE('',#72,#7604);
#7604 = DEFINITIONAL_REPRESENTATION('',(#7605),#7609);
#7605 = LINE('',#7606,#7607);
#7606 = CARTESIAN_POINT('',(21.466666666667,3.2));
#7607 = VECTOR('',#7608,1.);
#7608 = DIRECTION('',(0.,1.));
#7609 = ( GEOMETRIC_REPRESENTATION_CONTEXT(2) 
PARAMETRIC_REPRESENTATION_CONTEXT() REPRESENTATION_CONTEXT('2D SPACE',''
  ) );
#7610 = PCURVE('',#4101,#7611);
#7611 = DEFINITIONAL_REPRESENTATION('',(#7612),#7616);
#7612 = LINE('',#7613,#7614);
#7613 = CARTESIAN_POINT('',(0.,0.));
#7614 = VECTOR('',#7615,1.);
#7615 = DIRECTION('',(0.,-1.));
#7616 = ( GEOMETRIC_REPRESENTATION_CONTEXT(2) 
PARAMETRIC_REPRESENTATION_CONTEXT() REPRESENTATION_CONTEXT('2D SPACE',''
  ) );
#7617 = ORIENTED_EDGE('',*,*,#7618,.F.);
#7618 = EDGE_CURVE('',#7548,#7596,#7619,.T.);
#7619 = SURFACE_CURVE('',#7620,(#7624,#7631),.PCURVE_S1.);
#7620 = LINE('',#7621,#7622);
#7621 = CARTESIAN_POINT('',(-18.66666666666,6.755555555556,0.));
#7622 = VECTOR('',#7623,1.);
#7623 = DIRECTION('',(1.,0.,0.));
#7624 = PCURVE('',#72,#7625);
#7625 = DEFINITIONAL_REPRESENTATION('',(#7626),#7630);
#7626 = LINE('',#7627,#7628);
#7627 = CARTESIAN_POINT('',(3.2,28.622222222222));
#7628 = VECTOR('',#7629,1.);
#7629 = DIRECTION('',(1.,0.));
#7630 = ( GEOMETRIC_REPRESENTATION_CONTEXT(2) 
PARAMETRIC_REPRESENTATION_CONTEXT() REPRESENTATION_CONTEXT('2D SPACE',''
  ) );
#7631 = PCURVE('',#4127,#7632);
#7632 = DEFINITIONAL_REPRESENTATION('',(#7633),#7637);
#7633 = LINE('',#7634,#7635);
#7634 = CARTESIAN_POINT('',(0.,0.));
#7635 = VECTOR('',#7636,1.);
#7636 = DIRECTION('',(0.,1.));
#7637 = ( GEOMETRIC_REPRESENTATION_CONTEXT(2) 
PARAMETRIC_REPRESENTATION_CONTEXT() REPRESENTATION_CONTEXT('2D SPACE',''
  ) );
#7638 = FACE_BOUND('',#7639,.F.);
#7639 = EDGE_LOOP('',(#7640,#7665,#7688,#7711));
#7640 = ORIENTED_EDGE('',*,*,#7641,.T.);
#7641 = EDGE_CURVE('',#7642,#7644,#7646,.T.);
#7642 = VERTEX_POINT('',#7643);
#7643 = CARTESIAN_POINT('',(0.4,6.755555555556,0.));
#7644 = VERTEX_POINT('',#7645);
#7645 = CARTESIAN_POINT('',(0.4,12.311111111111,0.));
#7646 = SURFACE_CURVE('',#7647,(#7651,#7658),.PCURVE_S1.);
#7647 = LINE('',#7648,#7649);
#7648 = CARTESIAN_POINT('',(0.4,-18.66666666666,0.));
#7649 = VECTOR('',#7650,1.);
#7650 = DIRECTION('',(0.,1.,0.));
#7651 = PCURVE('',#72,#7652);
#7652 = DEFINITIONAL_REPRESENTATION('',(#7653),#7657);
#7653 = LINE('',#7654,#7655);
#7654 = CARTESIAN_POINT('',(22.266666666667,3.2));
#7655 = VECTOR('',#7656,1.);
#7656 = DIRECTION('',(0.,1.));
#7657 = ( GEOMETRIC_REPRESENTATION_CONTEXT(2) 
PARAMETRIC_REPRESENTATION_CONTEXT() REPRESENTATION_CONTEXT('2D SPACE',''
  ) );
#7658 = PCURVE('',#4159,#7659);
#7659 = DEFINITIONAL_REPRESENTATION('',(#7660),#7664);
#7660 = LINE('',#7661,#7662);
#7661 = CARTESIAN_POINT('',(0.,0.));
#7662 = VECTOR('',#7663,1.);
#7663 = DIRECTION('',(0.,-1.));
#7664 = ( GEOMETRIC_REPRESENTATION_CONTEXT(2) 
PARAMETRIC_REPRESENTATION_CONTEXT() REPRESENTATION_CONTEXT('2D SPACE',''
  ) );
#7665 = ORIENTED_EDGE('',*,*,#7666,.T.);
#7666 = EDGE_CURVE('',#7644,#7667,#7669,.T.);
#7667 = VERTEX_POINT('',#7668);
#7668 = CARTESIAN_POINT('',(5.955555555556,12.311111111111,0.));
#7669 = SURFACE_CURVE('',#7670,(#7674,#7681),.PCURVE_S1.);
#7670 = LINE('',#7671,#7672);
#7671 = CARTESIAN_POINT('',(-18.66666666666,12.311111111111,0.));
#7672 = VECTOR('',#7673,1.);
#7673 = DIRECTION('',(1.,0.,0.));
#7674 = PCURVE('',#72,#7675);
#7675 = DEFINITIONAL_REPRESENTATION('',(#7676),#7680);
#7676 = LINE('',#7677,#7678);
#7677 = CARTESIAN_POINT('',(3.2,34.177777777778));
#7678 = VECTOR('',#7679,1.);
#7679 = DIRECTION('',(1.,0.));
#7680 = ( GEOMETRIC_REPRESENTATION_CONTEXT(2) 
PARAMETRIC_REPRESENTATION_CONTEXT() REPRESENTATION_CONTEXT('2D SPACE',''
  ) );
#7681 = PCURVE('',#4187,#7682);
#7682 = DEFINITIONAL_REPRESENTATION('',(#7683),#7687);
#7683 = LINE('',#7684,#7685);
#7684 = CARTESIAN_POINT('',(0.,0.));
#7685 = VECTOR('',#7686,1.);
#7686 = DIRECTION('',(0.,1.));
#7687 = ( GEOMETRIC_REPRESENTATION_CONTEXT(2) 
PARAMETRIC_REPRESENTATION_CONTEXT() REPRESENTATION_CONTEXT('2D SPACE',''
  ) );
#7688 = ORIENTED_EDGE('',*,*,#7689,.F.);
#7689 = EDGE_CURVE('',#7690,#7667,#7692,.T.);
#7690 = VERTEX_POINT('',#7691);
#7691 = CARTESIAN_POINT('',(5.955555555556,6.755555555556,0.));
#7692 = SURFACE_CURVE('',#7693,(#7697,#7704),.PCURVE_S1.);
#7693 = LINE('',#7694,#7695);
#7694 = CARTESIAN_POINT('',(5.955555555556,-18.66666666666,0.));
#7695 = VECTOR('',#7696,1.);
#7696 = DIRECTION('',(0.,1.,0.));
#7697 = PCURVE('',#72,#7698);
#7698 = DEFINITIONAL_REPRESENTATION('',(#7699),#7703);
#7699 = LINE('',#7700,#7701);
#7700 = CARTESIAN_POINT('',(27.822222222222,3.2));
#7701 = VECTOR('',#7702,1.);
#7702 = DIRECTION('',(0.,1.));
#7703 = ( GEOMETRIC_REPRESENTATION_CONTEXT(2) 
PARAMETRIC_REPRESENTATION_CONTEXT() REPRESENTATION_CONTEXT('2D SPACE',''
  ) );
#7704 = PCURVE('',#4215,#7705);
#7705 = DEFINITIONAL_REPRESENTATION('',(#7706),#7710);
#7706 = LINE('',#7707,#7708);
#7707 = CARTESIAN_POINT('',(0.,0.));
#7708 = VECTOR('',#7709,1.);
#7709 = DIRECTION('',(0.,-1.));
#7710 = ( GEOMETRIC_REPRESENTATION_CONTEXT(2) 
PARAMETRIC_REPRESENTATION_CONTEXT() REPRESENTATION_CONTEXT('2D SPACE',''
  ) );
#7711 = ORIENTED_EDGE('',*,*,#7712,.F.);
#7712 = EDGE_CURVE('',#7642,#7690,#7713,.T.);
#7713 = SURFACE_CURVE('',#7714,(#7718,#7725),.PCURVE_S1.);
#7714 = LINE('',#7715,#7716);
#7715 = CARTESIAN_POINT('',(-18.66666666666,6.755555555556,0.));
#7716 = VECTOR('',#7717,1.);
#7717 = DIRECTION('',(1.,0.,0.));
#7718 = PCURVE('',#72,#7719);
#7719 = DEFINITIONAL_REPRESENTATION('',(#7720),#7724);
#7720 = LINE('',#7721,#7722);
#7721 = CARTESIAN_POINT('',(3.2,28.622222222222));
#7722 = VECTOR('',#7723,1.);
#7723 = DIRECTION('',(1.,0.));
#7724 = ( GEOMETRIC_REPRESENTATION_CONTEXT(2) 
PARAMETRIC_REPRESENTATION_CONTEXT() REPRESENTATION_CONTEXT('2D SPACE',''
  ) );
#7725 = PCURVE('',#4241,#7726);
#7726 = DEFINITIONAL_REPRESENTATION('',(#7727),#7731);
#7727 = LINE('',#7728,#7729);
#7728 = CARTESIAN_POINT('',(0.,0.));
#7729 = VECTOR('',#7730,1.);
#7730 = DIRECTION('',(0.,1.));
#7731 = ( GEOMETRIC_REPRESENTATION_CONTEXT(2) 
PARAMETRIC_REPRESENTATION_CONTEXT() REPRESENTATION_CONTEXT('2D SPACE',''
  ) );
#7732 = FACE_BOUND('',#7733,.F.);
#7733 = EDGE_LOOP('',(#7734,#7759,#7782,#7805));
#7734 = ORIENTED_EDGE('',*,*,#7735,.T.);
#7735 = EDGE_CURVE('',#7736,#7738,#7740,.T.);
#7736 = VERTEX_POINT('',#7737);
#7737 = CARTESIAN_POINT('',(6.755555555556,6.755555555556,0.));
#7738 = VERTEX_POINT('',#7739);
#7739 = CARTESIAN_POINT('',(6.755555555556,12.311111111111,0.));
#7740 = SURFACE_CURVE('',#7741,(#7745,#7752),.PCURVE_S1.);
#7741 = LINE('',#7742,#7743);
#7742 = CARTESIAN_POINT('',(6.755555555556,-18.66666666666,0.));
#7743 = VECTOR('',#7744,1.);
#7744 = DIRECTION('',(0.,1.,0.));
#7745 = PCURVE('',#72,#7746);
#7746 = DEFINITIONAL_REPRESENTATION('',(#7747),#7751);
#7747 = LINE('',#7748,#7749);
#7748 = CARTESIAN_POINT('',(28.622222222222,3.2));
#7749 = VECTOR('',#7750,1.);
#7750 = DIRECTION('',(0.,1.));
#7751 = ( GEOMETRIC_REPRESENTATION_CONTEXT(2) 
PARAMETRIC_REPRESENTATION_CONTEXT() REPRESENTATION_CONTEXT('2D SPACE',''
  ) );
#7752 = PCURVE('',#4273,#7753);
#7753 = DEFINITIONAL_REPRESENTATION('',(#7754),#7758);
#7754 = LINE('',#7755,#7756);
#7755 = CARTESIAN_POINT('',(0.,0.));
#7756 = VECTOR('',#7757,1.);
#7757 = DIRECTION('',(0.,-1.));
#7758 = ( GEOMETRIC_REPRESENTATION_CONTEXT(2) 
PARAMETRIC_REPRESENTATION_CONTEXT() REPRESENTATION_CONTEXT('2D SPACE',''
  ) );
#7759 = ORIENTED_EDGE('',*,*,#7760,.T.);
#7760 = EDGE_CURVE('',#7738,#7761,#7763,.T.);
#7761 = VERTEX_POINT('',#7762);
#7762 = CARTESIAN_POINT('',(12.311111111111,12.311111111111,0.));
#7763 = SURFACE_CURVE('',#7764,(#7768,#7775),.PCURVE_S1.);
#7764 = LINE('',#7765,#7766);
#7765 = CARTESIAN_POINT('',(-18.66666666666,12.311111111111,0.));
#7766 = VECTOR('',#7767,1.);
#7767 = DIRECTION('',(1.,0.,0.));
#7768 = PCURVE('',#72,#7769);
#7769 = DEFINITIONAL_REPRESENTATION('',(#7770),#7774);
#7770 = LINE('',#7771,#7772);
#7771 = CARTESIAN_POINT('',(3.2,34.177777777778));
#7772 = VECTOR('',#7773,1.);
#7773 = DIRECTION('',(1.,0.));
#7774 = ( GEOMETRIC_REPRESENTATION_CONTEXT(2) 
PARAMETRIC_REPRESENTATION_CONTEXT() REPRESENTATION_CONTEXT('2D SPACE',''
  ) );
#7775 = PCURVE('',#4301,#7776);
#7776 = DEFINITIONAL_REPRESENTATION('',(#7777),#7781);
#7777 = LINE('',#7778,#7779);
#7778 = CARTESIAN_POINT('',(0.,0.));
#7779 = VECTOR('',#7780,1.);
#7780 = DIRECTION('',(0.,1.));
#7781 = ( GEOMETRIC_REPRESENTATION_CONTEXT(2) 
PARAMETRIC_REPRESENTATION_CONTEXT() REPRESENTATION_CONTEXT('2D SPACE',''
  ) );
#7782 = ORIENTED_EDGE('',*,*,#7783,.F.);
#7783 = EDGE_CURVE('',#7784,#7761,#7786,.T.);
#7784 = VERTEX_POINT('',#7785);
#7785 = CARTESIAN_POINT('',(12.311111111111,6.755555555556,0.));
#7786 = SURFACE_CURVE('',#7787,(#7791,#7798),.PCURVE_S1.);
#7787 = LINE('',#7788,#7789);
#7788 = CARTESIAN_POINT('',(12.311111111111,-18.66666666666,0.));
#7789 = VECTOR('',#7790,1.);
#7790 = DIRECTION('',(0.,1.,0.));
#7791 = PCURVE('',#72,#7792);
#7792 = DEFINITIONAL_REPRESENTATION('',(#7793),#7797);
#7793 = LINE('',#7794,#7795);
#7794 = CARTESIAN_POINT('',(34.177777777778,3.2));
#7795 = VECTOR('',#7796,1.);
#7796 = DIRECTION('',(0.,1.));
#7797 = ( GEOMETRIC_REPRESENTATION_CONTEXT(2) 
PARAMETRIC_REPRESENTATION_CONTEXT() REPRESENTATION_CONTEXT('2D SPACE',''
  ) );
#7798 = PCURVE('',#4329,#7799);
#7799 = DEFINITIONAL_REPRESENTATION('',(#7800),#7804);
#7800 = LINE('',#7801,#7802);
#7801 = CARTESIAN_POINT('',(0.,0.));
#7802 = VECTOR('',#7803,1.);
#7803 = DIRECTION('',(0.,-1.));
#7804 = ( GEOMETRIC_REPRESENTATION_CONTEXT(2) 
PARAMETRIC_REPRESENTATION_CONTEXT() REPRESENTATION_CONTEXT('2D SPACE',''
  ) );
#7805 = ORIENTED_EDGE('',*,*,#7806,.F.);
#7806 = EDGE_CURVE('',#7736,#7784,#7807,.T.);
#7807 = SURFACE_CURVE('',#7808,(#7812,#7819),.PCURVE_S1.);
#7808 = LINE('',#7809,#7810);
#7809 = CARTESIAN_POINT('',(-18.66666666666,6.755555555556,0.));
#7810 = VECTOR('',#7811,1.);
#7811 = DIRECTION('',(1.,0.,0.));
#7812 = PCURVE('',#72,#7813);
#7813 = DEFINITIONAL_REPRESENTATION('',(#7814),#7818);
#7814 = LINE('',#7815,#7816);
#7815 = CARTESIAN_POINT('',(3.2,28.622222222222));
#7816 = VECTOR('',#7817,1.);
#7817 = DIRECTION('',(1.,0.));
#7818 = ( GEOMETRIC_REPRESENTATION_CONTEXT(2) 
PARAMETRIC_REPRESENTATION_CONTEXT() REPRESENTATION_CONTEXT('2D SPACE',''
  ) );
#7819 = PCURVE('',#4355,#7820);
#7820 = DEFINITIONAL_REPRESENTATION('',(#7821),#7825);
#7821 = LINE('',#7822,#7823);
#7822 = CARTESIAN_POINT('',(0.,0.));
#7823 = VECTOR('',#7824,1.);
#7824 = DIRECTION('',(0.,1.));
#7825 = ( GEOMETRIC_REPRESENTATION_CONTEXT(2) 
PARAMETRIC_REPRESENTATION_CONTEXT() REPRESENTATION_CONTEXT('2D SPACE',''
  ) );
#7826 = ADVANCED_FACE('',(#7827),#202,.T.);
#7827 = FACE_BOUND('',#7828,.T.);
#7828 = EDGE_LOOP('',(#7829,#7830,#7831,#7832));
#7829 = ORIENTED_EDGE('',*,*,#188,.F.);
#7830 = ORIENTED_EDGE('',*,*,#4421,.T.);
#7831 = ORIENTED_EDGE('',*,*,#4395,.T.);
#7832 = ORIENTED_EDGE('',*,*,#219,.F.);
#7833 = ADVANCED_FACE('',(#7834),#283,.T.);
#7834 = FACE_BOUND('',#7835,.T.);
#7835 = EDGE_LOOP('',(#7836,#7837,#7858,#7859));
#7836 = ORIENTED_EDGE('',*,*,#4445,.F.);
#7837 = ORIENTED_EDGE('',*,*,#7838,.T.);
#7838 = EDGE_CURVE('',#4446,#266,#7839,.T.);
#7839 = SURFACE_CURVE('',#7840,(#7844,#7851),.PCURVE_S1.);
#7840 = LINE('',#7841,#7842);
#7841 = CARTESIAN_POINT('',(-18.66666666666,-18.66666666666,0.));
#7842 = VECTOR('',#7843,1.);
#7843 = DIRECTION('',(0.,0.,1.));
#7844 = PCURVE('',#283,#7845);
#7845 = DEFINITIONAL_REPRESENTATION('',(#7846),#7850);
#7846 = LINE('',#7847,#7848);
#7847 = CARTESIAN_POINT('',(0.,0.));
#7848 = VECTOR('',#7849,1.);
#7849 = DIRECTION('',(1.,0.));
#7850 = ( GEOMETRIC_REPRESENTATION_CONTEXT(2) 
PARAMETRIC_REPRESENTATION_CONTEXT() REPRESENTATION_CONTEXT('2D SPACE',''
  ) );
#7851 = PCURVE('',#311,#7852);
#7852 = DEFINITIONAL_REPRESENTATION('',(#7853),#7857);
#7853 = LINE('',#7854,#7855);
#7854 = CARTESIAN_POINT('',(0.,0.));
#7855 = VECTOR('',#7856,1.);
#7856 = DIRECTION('',(1.,0.));
#7857 = ( GEOMETRIC_REPRESENTATION_CONTEXT(2) 
PARAMETRIC_REPRESENTATION_CONTEXT() REPRESENTATION_CONTEXT('2D SPACE',''
  ) );
#7858 = ORIENTED_EDGE('',*,*,#265,.T.);
#7859 = ORIENTED_EDGE('',*,*,#7860,.F.);
#7860 = EDGE_CURVE('',#4448,#268,#7861,.T.);
#7861 = SURFACE_CURVE('',#7862,(#7866,#7873),.PCURVE_S1.);
#7862 = LINE('',#7863,#7864);
#7863 = CARTESIAN_POINT('',(-13.11111111111,-18.66666666666,0.));
#7864 = VECTOR('',#7865,1.);
#7865 = DIRECTION('',(0.,0.,1.));
#7866 = PCURVE('',#283,#7867);
#7867 = DEFINITIONAL_REPRESENTATION('',(#7868),#7872);
#7868 = LINE('',#7869,#7870);
#7869 = CARTESIAN_POINT('',(0.,5.555555555556));
#7870 = VECTOR('',#7871,1.);
#7871 = DIRECTION('',(1.,0.));
#7872 = ( GEOMETRIC_REPRESENTATION_CONTEXT(2) 
PARAMETRIC_REPRESENTATION_CONTEXT() REPRESENTATION_CONTEXT('2D SPACE',''
  ) );
#7873 = PCURVE('',#365,#7874);
#7874 = DEFINITIONAL_REPRESENTATION('',(#7875),#7879);
#7875 = LINE('',#7876,#7877);
#7876 = CARTESIAN_POINT('',(0.,0.));
#7877 = VECTOR('',#7878,1.);
#7878 = DIRECTION('',(1.,0.));
#7879 = ( GEOMETRIC_REPRESENTATION_CONTEXT(2) 
PARAMETRIC_REPRESENTATION_CONTEXT() REPRESENTATION_CONTEXT('2D SPACE',''
  ) );
#7880 = ADVANCED_FACE('',(#7881),#311,.T.);
#7881 = FACE_BOUND('',#7882,.T.);
#7882 = EDGE_LOOP('',(#7883,#7884,#7885,#7886));
#7883 = ORIENTED_EDGE('',*,*,#295,.F.);
#7884 = ORIENTED_EDGE('',*,*,#7838,.F.);
#7885 = ORIENTED_EDGE('',*,*,#4470,.T.);
#7886 = ORIENTED_EDGE('',*,*,#7887,.T.);
#7887 = EDGE_CURVE('',#4471,#296,#7888,.T.);
#7888 = SURFACE_CURVE('',#7889,(#7893,#7900),.PCURVE_S1.);
#7889 = LINE('',#7890,#7891);
#7890 = CARTESIAN_POINT('',(-18.66666666666,-13.11111111111,0.));
#7891 = VECTOR('',#7892,1.);
#7892 = DIRECTION('',(0.,0.,1.));
#7893 = PCURVE('',#311,#7894);
#7894 = DEFINITIONAL_REPRESENTATION('',(#7895),#7899);
#7895 = LINE('',#7896,#7897);
#7896 = CARTESIAN_POINT('',(0.,-5.555555555556));
#7897 = VECTOR('',#7898,1.);
#7898 = DIRECTION('',(1.,0.));
#7899 = ( GEOMETRIC_REPRESENTATION_CONTEXT(2) 
PARAMETRIC_REPRESENTATION_CONTEXT() REPRESENTATION_CONTEXT('2D SPACE',''
  ) );
#7900 = PCURVE('',#339,#7901);
#7901 = DEFINITIONAL_REPRESENTATION('',(#7902),#7906);
#7902 = LINE('',#7903,#7904);
#7903 = CARTESIAN_POINT('',(0.,0.));
#7904 = VECTOR('',#7905,1.);
#7905 = DIRECTION('',(1.,0.));
#7906 = ( GEOMETRIC_REPRESENTATION_CONTEXT(2) 
PARAMETRIC_REPRESENTATION_CONTEXT() REPRESENTATION_CONTEXT('2D SPACE',''
  ) );
#7907 = ADVANCED_FACE('',(#7908),#365,.F.);
#7908 = FACE_BOUND('',#7909,.F.);
#7909 = EDGE_LOOP('',(#7910,#7911,#7912,#7913));
#7910 = ORIENTED_EDGE('',*,*,#351,.F.);
#7911 = ORIENTED_EDGE('',*,*,#7860,.F.);
#7912 = ORIENTED_EDGE('',*,*,#4516,.T.);
#7913 = ORIENTED_EDGE('',*,*,#7914,.T.);
#7914 = EDGE_CURVE('',#4494,#324,#7915,.T.);
#7915 = SURFACE_CURVE('',#7916,(#7920,#7926),.PCURVE_S1.);
#7916 = LINE('',#7917,#7918);
#7917 = CARTESIAN_POINT('',(-13.11111111111,-13.11111111111,0.));
#7918 = VECTOR('',#7919,1.);
#7919 = DIRECTION('',(0.,0.,1.));
#7920 = PCURVE('',#365,#7921);
#7921 = DEFINITIONAL_REPRESENTATION('',(#7922),#7925);
#7922 = B_SPLINE_CURVE_WITH_KNOTS('',1,(#7923,#7924),.UNSPECIFIED.,.F.,
  .F.,(2,2),(0.,30.),.PIECEWISE_BEZIER_KNOTS.);
#7923 = CARTESIAN_POINT('',(0.,-5.555555555556));
#7924 = CARTESIAN_POINT('',(30.,-5.555555555556));
#7925 = ( GEOMETRIC_REPRESENTATION_CONTEXT(2) 
PARAMETRIC_REPRESENTATION_CONTEXT() REPRESENTATION_CONTEXT('2D SPACE',''
  ) );
#7926 = PCURVE('',#339,#7927);
#7927 = DEFINITIONAL_REPRESENTATION('',(#7928),#7931);
#7928 = B_SPLINE_CURVE_WITH_KNOTS('',1,(#7929,#7930),.UNSPECIFIED.,.F.,
  .F.,(2,2),(0.,30.),.PIECEWISE_BEZIER_KNOTS.);
#7929 = CARTESIAN_POINT('',(0.,5.555555555556));
#7930 = CARTESIAN_POINT('',(30.,5.555555555556));
#7931 = ( GEOMETRIC_REPRESENTATION_CONTEXT(2) 
PARAMETRIC_REPRESENTATION_CONTEXT() REPRESENTATION_CONTEXT('2D SPACE',''
  ) );
#7932 = ADVANCED_FACE('',(#7933),#339,.F.);
#7933 = FACE_BOUND('',#7934,.F.);
#7934 = EDGE_LOOP('',(#7935,#7936,#7937,#7938));
#7935 = ORIENTED_EDGE('',*,*,#4493,.F.);
#7936 = ORIENTED_EDGE('',*,*,#7887,.T.);
#7937 = ORIENTED_EDGE('',*,*,#323,.T.);
#7938 = ORIENTED_EDGE('',*,*,#7914,.F.);
#7939 = ADVANCED_FACE('',(#7940),#397,.T.);
#7940 = FACE_BOUND('',#7941,.T.);
#7941 = EDGE_LOOP('',(#7942,#7943,#7964,#7965));
#7942 = ORIENTED_EDGE('',*,*,#379,.F.);
#7943 = ORIENTED_EDGE('',*,*,#7944,.F.);
#7944 = EDGE_CURVE('',#4540,#380,#7945,.T.);
#7945 = SURFACE_CURVE('',#7946,(#7950,#7957),.PCURVE_S1.);
#7946 = LINE('',#7947,#7948);
#7947 = CARTESIAN_POINT('',(-12.31111111111,-18.66666666666,0.));
#7948 = VECTOR('',#7949,1.);
#7949 = DIRECTION('',(0.,0.,1.));
#7950 = PCURVE('',#397,#7951);
#7951 = DEFINITIONAL_REPRESENTATION('',(#7952),#7956);
#7952 = LINE('',#7953,#7954);
#7953 = CARTESIAN_POINT('',(0.,0.));
#7954 = VECTOR('',#7955,1.);
#7955 = DIRECTION('',(1.,0.));
#7956 = ( GEOMETRIC_REPRESENTATION_CONTEXT(2) 
PARAMETRIC_REPRESENTATION_CONTEXT() REPRESENTATION_CONTEXT('2D SPACE',''
  ) );
#7957 = PCURVE('',#479,#7958);
#7958 = DEFINITIONAL_REPRESENTATION('',(#7959),#7963);
#7959 = LINE('',#7960,#7961);
#7960 = CARTESIAN_POINT('',(0.,6.355555555556));
#7961 = VECTOR('',#7962,1.);
#7962 = DIRECTION('',(1.,0.));
#7963 = ( GEOMETRIC_REPRESENTATION_CONTEXT(2) 
PARAMETRIC_REPRESENTATION_CONTEXT() REPRESENTATION_CONTEXT('2D SPACE',''
  ) );
#7964 = ORIENTED_EDGE('',*,*,#4539,.T.);
#7965 = ORIENTED_EDGE('',*,*,#7966,.T.);
#7966 = EDGE_CURVE('',#4542,#382,#7967,.T.);
#7967 = SURFACE_CURVE('',#7968,(#7972,#7978),.PCURVE_S1.);
#7968 = LINE('',#7969,#7970);
#7969 = CARTESIAN_POINT('',(-12.31111111111,-13.11111111111,0.));
#7970 = VECTOR('',#7971,1.);
#7971 = DIRECTION('',(0.,0.,1.));
#7972 = PCURVE('',#397,#7973);
#7973 = DEFINITIONAL_REPRESENTATION('',(#7974),#7977);
#7974 = B_SPLINE_CURVE_WITH_KNOTS('',1,(#7975,#7976),.UNSPECIFIED.,.F.,
  .F.,(2,2),(0.,30.),.PIECEWISE_BEZIER_KNOTS.);
#7975 = CARTESIAN_POINT('',(0.,-5.555555555556));
#7976 = CARTESIAN_POINT('',(30.,-5.555555555556));
#7977 = ( GEOMETRIC_REPRESENTATION_CONTEXT(2) 
PARAMETRIC_REPRESENTATION_CONTEXT() REPRESENTATION_CONTEXT('2D SPACE',''
  ) );
#7978 = PCURVE('',#425,#7979);
#7979 = DEFINITIONAL_REPRESENTATION('',(#7980),#7983);
#7980 = B_SPLINE_CURVE_WITH_KNOTS('',1,(#7981,#7982),.UNSPECIFIED.,.F.,
  .F.,(2,2),(0.,30.),.PIECEWISE_BEZIER_KNOTS.);
#7981 = CARTESIAN_POINT('',(0.,6.355555555556));
#7982 = CARTESIAN_POINT('',(30.,6.355555555556));
#7983 = ( GEOMETRIC_REPRESENTATION_CONTEXT(2) 
PARAMETRIC_REPRESENTATION_CONTEXT() REPRESENTATION_CONTEXT('2D SPACE',''
  ) );
#7984 = ADVANCED_FACE('',(#7985),#479,.T.);
#7985 = FACE_BOUND('',#7986,.T.);
#7986 = EDGE_LOOP('',(#7987,#7988,#7989,#7990));
#7987 = ORIENTED_EDGE('',*,*,#4610,.F.);
#7988 = ORIENTED_EDGE('',*,*,#7944,.T.);
#7989 = ORIENTED_EDGE('',*,*,#465,.T.);
#7990 = ORIENTED_EDGE('',*,*,#7991,.F.);
#7991 = EDGE_CURVE('',#4588,#438,#7992,.T.);
#7992 = SURFACE_CURVE('',#7993,(#7997,#8004),.PCURVE_S1.);
#7993 = LINE('',#7994,#7995);
#7994 = CARTESIAN_POINT('',(-6.755555555556,-18.66666666666,0.));
#7995 = VECTOR('',#7996,1.);
#7996 = DIRECTION('',(0.,0.,1.));
#7997 = PCURVE('',#479,#7998);
#7998 = DEFINITIONAL_REPRESENTATION('',(#7999),#8003);
#7999 = LINE('',#8000,#8001);
#8000 = CARTESIAN_POINT('',(0.,11.911111111111));
#8001 = VECTOR('',#8002,1.);
#8002 = DIRECTION('',(1.,0.));
#8003 = ( GEOMETRIC_REPRESENTATION_CONTEXT(2) 
PARAMETRIC_REPRESENTATION_CONTEXT() REPRESENTATION_CONTEXT('2D SPACE',''
  ) );
#8004 = PCURVE('',#453,#8005);
#8005 = DEFINITIONAL_REPRESENTATION('',(#8006),#8010);
#8006 = LINE('',#8007,#8008);
#8007 = CARTESIAN_POINT('',(0.,0.));
#8008 = VECTOR('',#8009,1.);
#8009 = DIRECTION('',(1.,0.));
#8010 = ( GEOMETRIC_REPRESENTATION_CONTEXT(2) 
PARAMETRIC_REPRESENTATION_CONTEXT() REPRESENTATION_CONTEXT('2D SPACE',''
  ) );
#8011 = ADVANCED_FACE('',(#8012),#425,.F.);
#8012 = FACE_BOUND('',#8013,.F.);
#8013 = EDGE_LOOP('',(#8014,#8015,#8016,#8017));
#8014 = ORIENTED_EDGE('',*,*,#4564,.F.);
#8015 = ORIENTED_EDGE('',*,*,#7966,.T.);
#8016 = ORIENTED_EDGE('',*,*,#409,.T.);
#8017 = ORIENTED_EDGE('',*,*,#8018,.F.);
#8018 = EDGE_CURVE('',#4565,#410,#8019,.T.);
#8019 = SURFACE_CURVE('',#8020,(#8024,#8030),.PCURVE_S1.);
#8020 = LINE('',#8021,#8022);
#8021 = CARTESIAN_POINT('',(-6.755555555556,-13.11111111111,0.));
#8022 = VECTOR('',#8023,1.);
#8023 = DIRECTION('',(0.,0.,1.));
#8024 = PCURVE('',#425,#8025);
#8025 = DEFINITIONAL_REPRESENTATION('',(#8026),#8029);
#8026 = B_SPLINE_CURVE_WITH_KNOTS('',1,(#8027,#8028),.UNSPECIFIED.,.F.,
  .F.,(2,2),(0.,30.),.PIECEWISE_BEZIER_KNOTS.);
#8027 = CARTESIAN_POINT('',(0.,11.911111111111));
#8028 = CARTESIAN_POINT('',(30.,11.911111111111));
#8029 = ( GEOMETRIC_REPRESENTATION_CONTEXT(2) 
PARAMETRIC_REPRESENTATION_CONTEXT() REPRESENTATION_CONTEXT('2D SPACE',''
  ) );
#8030 = PCURVE('',#453,#8031);
#8031 = DEFINITIONAL_REPRESENTATION('',(#8032),#8035);
#8032 = B_SPLINE_CURVE_WITH_KNOTS('',1,(#8033,#8034),.UNSPECIFIED.,.F.,
  .F.,(2,2),(0.,30.),.PIECEWISE_BEZIER_KNOTS.);
#8033 = CARTESIAN_POINT('',(0.,-5.555555555556));
#8034 = CARTESIAN_POINT('',(30.,-5.555555555556));
#8035 = ( GEOMETRIC_REPRESENTATION_CONTEXT(2) 
PARAMETRIC_REPRESENTATION_CONTEXT() REPRESENTATION_CONTEXT('2D SPACE',''
  ) );
#8036 = ADVANCED_FACE('',(#8037),#453,.F.);
#8037 = FACE_BOUND('',#8038,.F.);
#8038 = EDGE_LOOP('',(#8039,#8040,#8041,#8042));
#8039 = ORIENTED_EDGE('',*,*,#437,.F.);
#8040 = ORIENTED_EDGE('',*,*,#7991,.F.);
#8041 = ORIENTED_EDGE('',*,*,#4587,.T.);
#8042 = ORIENTED_EDGE('',*,*,#8018,.T.);
#8043 = ADVANCED_FACE('',(#8044),#511,.T.);
#8044 = FACE_BOUND('',#8045,.T.);
#8045 = EDGE_LOOP('',(#8046,#8047,#8068,#8069));
#8046 = ORIENTED_EDGE('',*,*,#493,.F.);
#8047 = ORIENTED_EDGE('',*,*,#8048,.F.);
#8048 = EDGE_CURVE('',#4634,#494,#8049,.T.);
#8049 = SURFACE_CURVE('',#8050,(#8054,#8061),.PCURVE_S1.);
#8050 = LINE('',#8051,#8052);
#8051 = CARTESIAN_POINT('',(-18.66666666666,-12.31111111111,0.));
#8052 = VECTOR('',#8053,1.);
#8053 = DIRECTION('',(0.,0.,1.));
#8054 = PCURVE('',#511,#8055);
#8055 = DEFINITIONAL_REPRESENTATION('',(#8056),#8060);
#8056 = LINE('',#8057,#8058);
#8057 = CARTESIAN_POINT('',(0.,-6.355555555556));
#8058 = VECTOR('',#8059,1.);
#8059 = DIRECTION('',(1.,0.));
#8060 = ( GEOMETRIC_REPRESENTATION_CONTEXT(2) 
PARAMETRIC_REPRESENTATION_CONTEXT() REPRESENTATION_CONTEXT('2D SPACE',''
  ) );
#8061 = PCURVE('',#593,#8062);
#8062 = DEFINITIONAL_REPRESENTATION('',(#8063),#8067);
#8063 = LINE('',#8064,#8065);
#8064 = CARTESIAN_POINT('',(0.,0.));
#8065 = VECTOR('',#8066,1.);
#8066 = DIRECTION('',(1.,0.));
#8067 = ( GEOMETRIC_REPRESENTATION_CONTEXT(2) 
PARAMETRIC_REPRESENTATION_CONTEXT() REPRESENTATION_CONTEXT('2D SPACE',''
  ) );
#8068 = ORIENTED_EDGE('',*,*,#4633,.T.);
#8069 = ORIENTED_EDGE('',*,*,#8070,.T.);
#8070 = EDGE_CURVE('',#4636,#496,#8071,.T.);
#8071 = SURFACE_CURVE('',#8072,(#8076,#8083),.PCURVE_S1.);
#8072 = LINE('',#8073,#8074);
#8073 = CARTESIAN_POINT('',(-18.66666666666,-6.755555555556,0.));
#8074 = VECTOR('',#8075,1.);
#8075 = DIRECTION('',(0.,0.,1.));
#8076 = PCURVE('',#511,#8077);
#8077 = DEFINITIONAL_REPRESENTATION('',(#8078),#8082);
#8078 = LINE('',#8079,#8080);
#8079 = CARTESIAN_POINT('',(0.,-11.91111111111));
#8080 = VECTOR('',#8081,1.);
#8081 = DIRECTION('',(1.,0.));
#8082 = ( GEOMETRIC_REPRESENTATION_CONTEXT(2) 
PARAMETRIC_REPRESENTATION_CONTEXT() REPRESENTATION_CONTEXT('2D SPACE',''
  ) );
#8083 = PCURVE('',#539,#8084);
#8084 = DEFINITIONAL_REPRESENTATION('',(#8085),#8089);
#8085 = LINE('',#8086,#8087);
#8086 = CARTESIAN_POINT('',(0.,0.));
#8087 = VECTOR('',#8088,1.);
#8088 = DIRECTION('',(1.,0.));
#8089 = ( GEOMETRIC_REPRESENTATION_CONTEXT(2) 
PARAMETRIC_REPRESENTATION_CONTEXT() REPRESENTATION_CONTEXT('2D SPACE',''
  ) );
#8090 = ADVANCED_FACE('',(#8091),#593,.T.);
#8091 = FACE_BOUND('',#8092,.T.);
#8092 = EDGE_LOOP('',(#8093,#8094,#8095,#8096));
#8093 = ORIENTED_EDGE('',*,*,#4704,.F.);
#8094 = ORIENTED_EDGE('',*,*,#8048,.T.);
#8095 = ORIENTED_EDGE('',*,*,#579,.T.);
#8096 = ORIENTED_EDGE('',*,*,#8097,.F.);
#8097 = EDGE_CURVE('',#4682,#552,#8098,.T.);
#8098 = SURFACE_CURVE('',#8099,(#8103,#8109),.PCURVE_S1.);
#8099 = LINE('',#8100,#8101);
#8100 = CARTESIAN_POINT('',(-13.11111111111,-12.31111111111,0.));
#8101 = VECTOR('',#8102,1.);
#8102 = DIRECTION('',(0.,0.,1.));
#8103 = PCURVE('',#593,#8104);
#8104 = DEFINITIONAL_REPRESENTATION('',(#8105),#8108);
#8105 = B_SPLINE_CURVE_WITH_KNOTS('',1,(#8106,#8107),.UNSPECIFIED.,.F.,
  .F.,(2,2),(0.,30.),.PIECEWISE_BEZIER_KNOTS.);
#8106 = CARTESIAN_POINT('',(0.,5.555555555556));
#8107 = CARTESIAN_POINT('',(30.,5.555555555556));
#8108 = ( GEOMETRIC_REPRESENTATION_CONTEXT(2) 
PARAMETRIC_REPRESENTATION_CONTEXT() REPRESENTATION_CONTEXT('2D SPACE',''
  ) );
#8109 = PCURVE('',#567,#8110);
#8110 = DEFINITIONAL_REPRESENTATION('',(#8111),#8114);
#8111 = B_SPLINE_CURVE_WITH_KNOTS('',1,(#8112,#8113),.UNSPECIFIED.,.F.,
  .F.,(2,2),(0.,30.),.PIECEWISE_BEZIER_KNOTS.);
#8112 = CARTESIAN_POINT('',(0.,-6.355555555556));
#8113 = CARTESIAN_POINT('',(30.,-6.355555555556));
#8114 = ( GEOMETRIC_REPRESENTATION_CONTEXT(2) 
PARAMETRIC_REPRESENTATION_CONTEXT() REPRESENTATION_CONTEXT('2D SPACE',''
  ) );
#8115 = ADVANCED_FACE('',(#8116),#539,.F.);
#8116 = FACE_BOUND('',#8117,.F.);
#8117 = EDGE_LOOP('',(#8118,#8119,#8120,#8121));
#8118 = ORIENTED_EDGE('',*,*,#4658,.F.);
#8119 = ORIENTED_EDGE('',*,*,#8070,.T.);
#8120 = ORIENTED_EDGE('',*,*,#523,.T.);
#8121 = ORIENTED_EDGE('',*,*,#8122,.F.);
#8122 = EDGE_CURVE('',#4659,#524,#8123,.T.);
#8123 = SURFACE_CURVE('',#8124,(#8128,#8134),.PCURVE_S1.);
#8124 = LINE('',#8125,#8126);
#8125 = CARTESIAN_POINT('',(-13.11111111111,-6.755555555556,0.));
#8126 = VECTOR('',#8127,1.);
#8127 = DIRECTION('',(0.,0.,1.));
#8128 = PCURVE('',#539,#8129);
#8129 = DEFINITIONAL_REPRESENTATION('',(#8130),#8133);
#8130 = B_SPLINE_CURVE_WITH_KNOTS('',1,(#8131,#8132),.UNSPECIFIED.,.F.,
  .F.,(2,2),(0.,30.),.PIECEWISE_BEZIER_KNOTS.);
#8131 = CARTESIAN_POINT('',(0.,5.555555555556));
#8132 = CARTESIAN_POINT('',(30.,5.555555555556));
#8133 = ( GEOMETRIC_REPRESENTATION_CONTEXT(2) 
PARAMETRIC_REPRESENTATION_CONTEXT() REPRESENTATION_CONTEXT('2D SPACE',''
  ) );
#8134 = PCURVE('',#567,#8135);
#8135 = DEFINITIONAL_REPRESENTATION('',(#8136),#8139);
#8136 = B_SPLINE_CURVE_WITH_KNOTS('',1,(#8137,#8138),.UNSPECIFIED.,.F.,
  .F.,(2,2),(0.,30.),.PIECEWISE_BEZIER_KNOTS.);
#8137 = CARTESIAN_POINT('',(0.,-11.91111111111));
#8138 = CARTESIAN_POINT('',(30.,-11.91111111111));
#8139 = ( GEOMETRIC_REPRESENTATION_CONTEXT(2) 
PARAMETRIC_REPRESENTATION_CONTEXT() REPRESENTATION_CONTEXT('2D SPACE',''
  ) );
#8140 = ADVANCED_FACE('',(#8141),#567,.F.);
#8141 = FACE_BOUND('',#8142,.F.);
#8142 = EDGE_LOOP('',(#8143,#8144,#8145,#8146));
#8143 = ORIENTED_EDGE('',*,*,#551,.F.);
#8144 = ORIENTED_EDGE('',*,*,#8097,.F.);
#8145 = ORIENTED_EDGE('',*,*,#4681,.T.);
#8146 = ORIENTED_EDGE('',*,*,#8122,.T.);
#8147 = ADVANCED_FACE('',(#8148),#625,.T.);
#8148 = FACE_BOUND('',#8149,.T.);
#8149 = EDGE_LOOP('',(#8150,#8151,#8170,#8171));
#8150 = ORIENTED_EDGE('',*,*,#607,.F.);
#8151 = ORIENTED_EDGE('',*,*,#8152,.F.);
#8152 = EDGE_CURVE('',#4728,#608,#8153,.T.);
#8153 = SURFACE_CURVE('',#8154,(#8158,#8164),.PCURVE_S1.);
#8154 = LINE('',#8155,#8156);
#8155 = CARTESIAN_POINT('',(-12.31111111111,-12.31111111111,0.));
#8156 = VECTOR('',#8157,1.);
#8157 = DIRECTION('',(0.,0.,1.));
#8158 = PCURVE('',#625,#8159);
#8159 = DEFINITIONAL_REPRESENTATION('',(#8160),#8163);
#8160 = B_SPLINE_CURVE_WITH_KNOTS('',1,(#8161,#8162),.UNSPECIFIED.,.F.,
  .F.,(2,2),(0.,30.),.PIECEWISE_BEZIER_KNOTS.);
#8161 = CARTESIAN_POINT('',(0.,-6.355555555556));
#8162 = CARTESIAN_POINT('',(30.,-6.355555555556));
#8163 = ( GEOMETRIC_REPRESENTATION_CONTEXT(2) 
PARAMETRIC_REPRESENTATION_CONTEXT() REPRESENTATION_CONTEXT('2D SPACE',''
  ) );
#8164 = PCURVE('',#707,#8165);
#8165 = DEFINITIONAL_REPRESENTATION('',(#8166),#8169);
#8166 = B_SPLINE_CURVE_WITH_KNOTS('',1,(#8167,#8168),.UNSPECIFIED.,.F.,
  .F.,(2,2),(0.,30.),.PIECEWISE_BEZIER_KNOTS.);
#8167 = CARTESIAN_POINT('',(0.,6.355555555556));
#8168 = CARTESIAN_POINT('',(30.,6.355555555556));
#8169 = ( GEOMETRIC_REPRESENTATION_CONTEXT(2) 
PARAMETRIC_REPRESENTATION_CONTEXT() REPRESENTATION_CONTEXT('2D SPACE',''
  ) );
#8170 = ORIENTED_EDGE('',*,*,#4727,.T.);
#8171 = ORIENTED_EDGE('',*,*,#8172,.T.);
#8172 = EDGE_CURVE('',#4730,#610,#8173,.T.);
#8173 = SURFACE_CURVE('',#8174,(#8178,#8184),.PCURVE_S1.);
#8174 = LINE('',#8175,#8176);
#8175 = CARTESIAN_POINT('',(-12.31111111111,-6.755555555556,0.));
#8176 = VECTOR('',#8177,1.);
#8177 = DIRECTION('',(0.,0.,1.));
#8178 = PCURVE('',#625,#8179);
#8179 = DEFINITIONAL_REPRESENTATION('',(#8180),#8183);
#8180 = B_SPLINE_CURVE_WITH_KNOTS('',1,(#8181,#8182),.UNSPECIFIED.,.F.,
  .F.,(2,2),(0.,30.),.PIECEWISE_BEZIER_KNOTS.);
#8181 = CARTESIAN_POINT('',(0.,-11.91111111111));
#8182 = CARTESIAN_POINT('',(30.,-11.91111111111));
#8183 = ( GEOMETRIC_REPRESENTATION_CONTEXT(2) 
PARAMETRIC_REPRESENTATION_CONTEXT() REPRESENTATION_CONTEXT('2D SPACE',''
  ) );
#8184 = PCURVE('',#653,#8185);
#8185 = DEFINITIONAL_REPRESENTATION('',(#8186),#8189);
#8186 = B_SPLINE_CURVE_WITH_KNOTS('',1,(#8187,#8188),.UNSPECIFIED.,.F.,
  .F.,(2,2),(0.,30.),.PIECEWISE_BEZIER_KNOTS.);
#8187 = CARTESIAN_POINT('',(0.,6.355555555556));
#8188 = CARTESIAN_POINT('',(30.,6.355555555556));
#8189 = ( GEOMETRIC_REPRESENTATION_CONTEXT(2) 
PARAMETRIC_REPRESENTATION_CONTEXT() REPRESENTATION_CONTEXT('2D SPACE',''
  ) );
#8190 = ADVANCED_FACE('',(#8191),#707,.T.);
#8191 = FACE_BOUND('',#8192,.T.);
#8192 = EDGE_LOOP('',(#8193,#8194,#8195,#8196));
#8193 = ORIENTED_EDGE('',*,*,#4798,.F.);
#8194 = ORIENTED_EDGE('',*,*,#8152,.T.);
#8195 = ORIENTED_EDGE('',*,*,#693,.T.);
#8196 = ORIENTED_EDGE('',*,*,#8197,.F.);
#8197 = EDGE_CURVE('',#4776,#666,#8198,.T.);
#8198 = SURFACE_CURVE('',#8199,(#8203,#8209),.PCURVE_S1.);
#8199 = LINE('',#8200,#8201);
#8200 = CARTESIAN_POINT('',(-6.755555555556,-12.31111111111,0.));
#8201 = VECTOR('',#8202,1.);
#8202 = DIRECTION('',(0.,0.,1.));
#8203 = PCURVE('',#707,#8204);
#8204 = DEFINITIONAL_REPRESENTATION('',(#8205),#8208);
#8205 = B_SPLINE_CURVE_WITH_KNOTS('',1,(#8206,#8207),.UNSPECIFIED.,.F.,
  .F.,(2,2),(0.,30.),.PIECEWISE_BEZIER_KNOTS.);
#8206 = CARTESIAN_POINT('',(0.,11.911111111111));
#8207 = CARTESIAN_POINT('',(30.,11.911111111111));
#8208 = ( GEOMETRIC_REPRESENTATION_CONTEXT(2) 
PARAMETRIC_REPRESENTATION_CONTEXT() REPRESENTATION_CONTEXT('2D SPACE',''
  ) );
#8209 = PCURVE('',#681,#8210);
#8210 = DEFINITIONAL_REPRESENTATION('',(#8211),#8214);
#8211 = B_SPLINE_CURVE_WITH_KNOTS('',1,(#8212,#8213),.UNSPECIFIED.,.F.,
  .F.,(2,2),(0.,30.),.PIECEWISE_BEZIER_KNOTS.);
#8212 = CARTESIAN_POINT('',(0.,-6.355555555556));
#8213 = CARTESIAN_POINT('',(30.,-6.355555555556));
#8214 = ( GEOMETRIC_REPRESENTATION_CONTEXT(2) 
PARAMETRIC_REPRESENTATION_CONTEXT() REPRESENTATION_CONTEXT('2D SPACE',''
  ) );
#8215 = ADVANCED_FACE('',(#8216),#653,.F.);
#8216 = FACE_BOUND('',#8217,.F.);
#8217 = EDGE_LOOP('',(#8218,#8219,#8220,#8221));
#8218 = ORIENTED_EDGE('',*,*,#4752,.F.);
#8219 = ORIENTED_EDGE('',*,*,#8172,.T.);
#8220 = ORIENTED_EDGE('',*,*,#637,.T.);
#8221 = ORIENTED_EDGE('',*,*,#8222,.F.);
#8222 = EDGE_CURVE('',#4753,#638,#8223,.T.);
#8223 = SURFACE_CURVE('',#8224,(#8228,#8234),.PCURVE_S1.);
#8224 = LINE('',#8225,#8226);
#8225 = CARTESIAN_POINT('',(-6.755555555556,-6.755555555556,0.));
#8226 = VECTOR('',#8227,1.);
#8227 = DIRECTION('',(0.,0.,1.));
#8228 = PCURVE('',#653,#8229);
#8229 = DEFINITIONAL_REPRESENTATION('',(#8230),#8233);
#8230 = B_SPLINE_CURVE_WITH_KNOTS('',1,(#8231,#8232),.UNSPECIFIED.,.F.,
  .F.,(2,2),(0.,30.),.PIECEWISE_BEZIER_KNOTS.);
#8231 = CARTESIAN_POINT('',(0.,11.911111111111));
#8232 = CARTESIAN_POINT('',(30.,11.911111111111));
#8233 = ( GEOMETRIC_REPRESENTATION_CONTEXT(2) 
PARAMETRIC_REPRESENTATION_CONTEXT() REPRESENTATION_CONTEXT('2D SPACE',''
  ) );
#8234 = PCURVE('',#681,#8235);
#8235 = DEFINITIONAL_REPRESENTATION('',(#8236),#8239);
#8236 = B_SPLINE_CURVE_WITH_KNOTS('',1,(#8237,#8238),.UNSPECIFIED.,.F.,
  .F.,(2,2),(0.,30.),.PIECEWISE_BEZIER_KNOTS.);
#8237 = CARTESIAN_POINT('',(0.,-11.91111111111));
#8238 = CARTESIAN_POINT('',(30.,-11.91111111111));
#8239 = ( GEOMETRIC_REPRESENTATION_CONTEXT(2) 
PARAMETRIC_REPRESENTATION_CONTEXT() REPRESENTATION_CONTEXT('2D SPACE',''
  ) );
#8240 = ADVANCED_FACE('',(#8241),#681,.F.);
#8241 = FACE_BOUND('',#8242,.F.);
#8242 = EDGE_LOOP('',(#8243,#8244,#8245,#8246));
#8243 = ORIENTED_EDGE('',*,*,#665,.F.);
#8244 = ORIENTED_EDGE('',*,*,#8197,.F.);
#8245 = ORIENTED_EDGE('',*,*,#4775,.T.);
#8246 = ORIENTED_EDGE('',*,*,#8222,.T.);
#8247 = ADVANCED_FACE('',(#8248),#739,.T.);
#8248 = FACE_BOUND('',#8249,.T.);
#8249 = EDGE_LOOP('',(#8250,#8251,#8272,#8273));
#8250 = ORIENTED_EDGE('',*,*,#721,.F.);
#8251 = ORIENTED_EDGE('',*,*,#8252,.F.);
#8252 = EDGE_CURVE('',#4822,#722,#8253,.T.);
#8253 = SURFACE_CURVE('',#8254,(#8258,#8265),.PCURVE_S1.);
#8254 = LINE('',#8255,#8256);
#8255 = CARTESIAN_POINT('',(-5.955555555556,-18.66666666666,0.));
#8256 = VECTOR('',#8257,1.);
#8257 = DIRECTION('',(0.,0.,1.));
#8258 = PCURVE('',#739,#8259);
#8259 = DEFINITIONAL_REPRESENTATION('',(#8260),#8264);
#8260 = LINE('',#8261,#8262);
#8261 = CARTESIAN_POINT('',(0.,0.));
#8262 = VECTOR('',#8263,1.);
#8263 = DIRECTION('',(1.,0.));
#8264 = ( GEOMETRIC_REPRESENTATION_CONTEXT(2) 
PARAMETRIC_REPRESENTATION_CONTEXT() REPRESENTATION_CONTEXT('2D SPACE',''
  ) );
#8265 = PCURVE('',#821,#8266);
#8266 = DEFINITIONAL_REPRESENTATION('',(#8267),#8271);
#8267 = LINE('',#8268,#8269);
#8268 = CARTESIAN_POINT('',(0.,12.711111111111));
#8269 = VECTOR('',#8270,1.);
#8270 = DIRECTION('',(1.,0.));
#8271 = ( GEOMETRIC_REPRESENTATION_CONTEXT(2) 
PARAMETRIC_REPRESENTATION_CONTEXT() REPRESENTATION_CONTEXT('2D SPACE',''
  ) );
#8272 = ORIENTED_EDGE('',*,*,#4821,.T.);
#8273 = ORIENTED_EDGE('',*,*,#8274,.T.);
#8274 = EDGE_CURVE('',#4824,#724,#8275,.T.);
#8275 = SURFACE_CURVE('',#8276,(#8280,#8286),.PCURVE_S1.);
#8276 = LINE('',#8277,#8278);
#8277 = CARTESIAN_POINT('',(-5.955555555556,-13.11111111111,0.));
#8278 = VECTOR('',#8279,1.);
#8279 = DIRECTION('',(0.,0.,1.));
#8280 = PCURVE('',#739,#8281);
#8281 = DEFINITIONAL_REPRESENTATION('',(#8282),#8285);
#8282 = B_SPLINE_CURVE_WITH_KNOTS('',1,(#8283,#8284),.UNSPECIFIED.,.F.,
  .F.,(2,2),(0.,30.),.PIECEWISE_BEZIER_KNOTS.);
#8283 = CARTESIAN_POINT('',(0.,-5.555555555556));
#8284 = CARTESIAN_POINT('',(30.,-5.555555555556));
#8285 = ( GEOMETRIC_REPRESENTATION_CONTEXT(2) 
PARAMETRIC_REPRESENTATION_CONTEXT() REPRESENTATION_CONTEXT('2D SPACE',''
  ) );
#8286 = PCURVE('',#767,#8287);
#8287 = DEFINITIONAL_REPRESENTATION('',(#8288),#8291);
#8288 = B_SPLINE_CURVE_WITH_KNOTS('',1,(#8289,#8290),.UNSPECIFIED.,.F.,
  .F.,(2,2),(0.,30.),.PIECEWISE_BEZIER_KNOTS.);
#8289 = CARTESIAN_POINT('',(0.,12.711111111111));
#8290 = CARTESIAN_POINT('',(30.,12.711111111111));
#8291 = ( GEOMETRIC_REPRESENTATION_CONTEXT(2) 
PARAMETRIC_REPRESENTATION_CONTEXT() REPRESENTATION_CONTEXT('2D SPACE',''
  ) );
#8292 = ADVANCED_FACE('',(#8293),#821,.T.);
#8293 = FACE_BOUND('',#8294,.T.);
#8294 = EDGE_LOOP('',(#8295,#8296,#8297,#8298));
#8295 = ORIENTED_EDGE('',*,*,#4892,.F.);
#8296 = ORIENTED_EDGE('',*,*,#8252,.T.);
#8297 = ORIENTED_EDGE('',*,*,#807,.T.);
#8298 = ORIENTED_EDGE('',*,*,#8299,.F.);
#8299 = EDGE_CURVE('',#4870,#780,#8300,.T.);
#8300 = SURFACE_CURVE('',#8301,(#8305,#8312),.PCURVE_S1.);
#8301 = LINE('',#8302,#8303);
#8302 = CARTESIAN_POINT('',(-0.4,-18.66666666666,0.));
#8303 = VECTOR('',#8304,1.);
#8304 = DIRECTION('',(0.,0.,1.));
#8305 = PCURVE('',#821,#8306);
#8306 = DEFINITIONAL_REPRESENTATION('',(#8307),#8311);
#8307 = LINE('',#8308,#8309);
#8308 = CARTESIAN_POINT('',(0.,18.266666666667));
#8309 = VECTOR('',#8310,1.);
#8310 = DIRECTION('',(1.,0.));
#8311 = ( GEOMETRIC_REPRESENTATION_CONTEXT(2) 
PARAMETRIC_REPRESENTATION_CONTEXT() REPRESENTATION_CONTEXT('2D SPACE',''
  ) );
#8312 = PCURVE('',#795,#8313);
#8313 = DEFINITIONAL_REPRESENTATION('',(#8314),#8318);
#8314 = LINE('',#8315,#8316);
#8315 = CARTESIAN_POINT('',(0.,0.));
#8316 = VECTOR('',#8317,1.);
#8317 = DIRECTION('',(1.,0.));
#8318 = ( GEOMETRIC_REPRESENTATION_CONTEXT(2) 
PARAMETRIC_REPRESENTATION_CONTEXT() REPRESENTATION_CONTEXT('2D SPACE',''
  ) );
#8319 = ADVANCED_FACE('',(#8320),#767,.F.);
#8320 = FACE_BOUND('',#8321,.F.);
#8321 = EDGE_LOOP('',(#8322,#8323,#8324,#8325));
#8322 = ORIENTED_EDGE('',*,*,#4846,.F.);
#8323 = ORIENTED_EDGE('',*,*,#8274,.T.);
#8324 = ORIENTED_EDGE('',*,*,#751,.T.);
#8325 = ORIENTED_EDGE('',*,*,#8326,.F.);
#8326 = EDGE_CURVE('',#4847,#752,#8327,.T.);
#8327 = SURFACE_CURVE('',#8328,(#8332,#8338),.PCURVE_S1.);
#8328 = LINE('',#8329,#8330);
#8329 = CARTESIAN_POINT('',(-0.4,-13.11111111111,0.));
#8330 = VECTOR('',#8331,1.);
#8331 = DIRECTION('',(0.,0.,1.));
#8332 = PCURVE('',#767,#8333);
#8333 = DEFINITIONAL_REPRESENTATION('',(#8334),#8337);
#8334 = B_SPLINE_CURVE_WITH_KNOTS('',1,(#8335,#8336),.UNSPECIFIED.,.F.,
  .F.,(2,2),(0.,30.),.PIECEWISE_BEZIER_KNOTS.);
#8335 = CARTESIAN_POINT('',(0.,18.266666666667));
#8336 = CARTESIAN_POINT('',(30.,18.266666666667));
#8337 = ( GEOMETRIC_REPRESENTATION_CONTEXT(2) 
PARAMETRIC_REPRESENTATION_CONTEXT() REPRESENTATION_CONTEXT('2D SPACE',''
  ) );
#8338 = PCURVE('',#795,#8339);
#8339 = DEFINITIONAL_REPRESENTATION('',(#8340),#8343);
#8340 = B_SPLINE_CURVE_WITH_KNOTS('',1,(#8341,#8342),.UNSPECIFIED.,.F.,
  .F.,(2,2),(0.,30.),.PIECEWISE_BEZIER_KNOTS.);
#8341 = CARTESIAN_POINT('',(0.,-5.555555555556));
#8342 = CARTESIAN_POINT('',(30.,-5.555555555556));
#8343 = ( GEOMETRIC_REPRESENTATION_CONTEXT(2) 
PARAMETRIC_REPRESENTATION_CONTEXT() REPRESENTATION_CONTEXT('2D SPACE',''
  ) );
#8344 = ADVANCED_FACE('',(#8345),#795,.F.);
#8345 = FACE_BOUND('',#8346,.F.);
#8346 = EDGE_LOOP('',(#8347,#8348,#8349,#8350));
#8347 = ORIENTED_EDGE('',*,*,#779,.F.);
#8348 = ORIENTED_EDGE('',*,*,#8299,.F.);
#8349 = ORIENTED_EDGE('',*,*,#4869,.T.);
#8350 = ORIENTED_EDGE('',*,*,#8326,.T.);
#8351 = ADVANCED_FACE('',(#8352),#853,.T.);
#8352 = FACE_BOUND('',#8353,.T.);
#8353 = EDGE_LOOP('',(#8354,#8355,#8374,#8375));
#8354 = ORIENTED_EDGE('',*,*,#835,.F.);
#8355 = ORIENTED_EDGE('',*,*,#8356,.F.);
#8356 = EDGE_CURVE('',#4916,#836,#8357,.T.);
#8357 = SURFACE_CURVE('',#8358,(#8362,#8368),.PCURVE_S1.);
#8358 = LINE('',#8359,#8360);
#8359 = CARTESIAN_POINT('',(-5.955555555556,-12.31111111111,0.));
#8360 = VECTOR('',#8361,1.);
#8361 = DIRECTION('',(0.,0.,1.));
#8362 = PCURVE('',#853,#8363);
#8363 = DEFINITIONAL_REPRESENTATION('',(#8364),#8367);
#8364 = B_SPLINE_CURVE_WITH_KNOTS('',1,(#8365,#8366),.UNSPECIFIED.,.F.,
  .F.,(2,2),(0.,30.),.PIECEWISE_BEZIER_KNOTS.);
#8365 = CARTESIAN_POINT('',(0.,-6.355555555556));
#8366 = CARTESIAN_POINT('',(30.,-6.355555555556));
#8367 = ( GEOMETRIC_REPRESENTATION_CONTEXT(2) 
PARAMETRIC_REPRESENTATION_CONTEXT() REPRESENTATION_CONTEXT('2D SPACE',''
  ) );
#8368 = PCURVE('',#935,#8369);
#8369 = DEFINITIONAL_REPRESENTATION('',(#8370),#8373);
#8370 = B_SPLINE_CURVE_WITH_KNOTS('',1,(#8371,#8372),.UNSPECIFIED.,.F.,
  .F.,(2,2),(0.,30.),.PIECEWISE_BEZIER_KNOTS.);
#8371 = CARTESIAN_POINT('',(0.,12.711111111111));
#8372 = CARTESIAN_POINT('',(30.,12.711111111111));
#8373 = ( GEOMETRIC_REPRESENTATION_CONTEXT(2) 
PARAMETRIC_REPRESENTATION_CONTEXT() REPRESENTATION_CONTEXT('2D SPACE',''
  ) );
#8374 = ORIENTED_EDGE('',*,*,#4915,.T.);
#8375 = ORIENTED_EDGE('',*,*,#8376,.T.);
#8376 = EDGE_CURVE('',#4918,#838,#8377,.T.);
#8377 = SURFACE_CURVE('',#8378,(#8382,#8388),.PCURVE_S1.);
#8378 = LINE('',#8379,#8380);
#8379 = CARTESIAN_POINT('',(-5.955555555556,-6.755555555556,0.));
#8380 = VECTOR('',#8381,1.);
#8381 = DIRECTION('',(0.,0.,1.));
#8382 = PCURVE('',#853,#8383);
#8383 = DEFINITIONAL_REPRESENTATION('',(#8384),#8387);
#8384 = B_SPLINE_CURVE_WITH_KNOTS('',1,(#8385,#8386),.UNSPECIFIED.,.F.,
  .F.,(2,2),(0.,30.),.PIECEWISE_BEZIER_KNOTS.);
#8385 = CARTESIAN_POINT('',(0.,-11.91111111111));
#8386 = CARTESIAN_POINT('',(30.,-11.91111111111));
#8387 = ( GEOMETRIC_REPRESENTATION_CONTEXT(2) 
PARAMETRIC_REPRESENTATION_CONTEXT() REPRESENTATION_CONTEXT('2D SPACE',''
  ) );
#8388 = PCURVE('',#881,#8389);
#8389 = DEFINITIONAL_REPRESENTATION('',(#8390),#8393);
#8390 = B_SPLINE_CURVE_WITH_KNOTS('',1,(#8391,#8392),.UNSPECIFIED.,.F.,
  .F.,(2,2),(0.,30.),.PIECEWISE_BEZIER_KNOTS.);
#8391 = CARTESIAN_POINT('',(0.,12.711111111111));
#8392 = CARTESIAN_POINT('',(30.,12.711111111111));
#8393 = ( GEOMETRIC_REPRESENTATION_CONTEXT(2) 
PARAMETRIC_REPRESENTATION_CONTEXT() REPRESENTATION_CONTEXT('2D SPACE',''
  ) );
#8394 = ADVANCED_FACE('',(#8395),#935,.T.);
#8395 = FACE_BOUND('',#8396,.T.);
#8396 = EDGE_LOOP('',(#8397,#8398,#8399,#8400));
#8397 = ORIENTED_EDGE('',*,*,#4986,.F.);
#8398 = ORIENTED_EDGE('',*,*,#8356,.T.);
#8399 = ORIENTED_EDGE('',*,*,#921,.T.);
#8400 = ORIENTED_EDGE('',*,*,#8401,.F.);
#8401 = EDGE_CURVE('',#4964,#894,#8402,.T.);
#8402 = SURFACE_CURVE('',#8403,(#8407,#8413),.PCURVE_S1.);
#8403 = LINE('',#8404,#8405);
#8404 = CARTESIAN_POINT('',(-0.4,-12.31111111111,0.));
#8405 = VECTOR('',#8406,1.);
#8406 = DIRECTION('',(0.,0.,1.));
#8407 = PCURVE('',#935,#8408);
#8408 = DEFINITIONAL_REPRESENTATION('',(#8409),#8412);
#8409 = B_SPLINE_CURVE_WITH_KNOTS('',1,(#8410,#8411),.UNSPECIFIED.,.F.,
  .F.,(2,2),(0.,30.),.PIECEWISE_BEZIER_KNOTS.);
#8410 = CARTESIAN_POINT('',(0.,18.266666666667));
#8411 = CARTESIAN_POINT('',(30.,18.266666666667));
#8412 = ( GEOMETRIC_REPRESENTATION_CONTEXT(2) 
PARAMETRIC_REPRESENTATION_CONTEXT() REPRESENTATION_CONTEXT('2D SPACE',''
  ) );
#8413 = PCURVE('',#909,#8414);
#8414 = DEFINITIONAL_REPRESENTATION('',(#8415),#8418);
#8415 = B_SPLINE_CURVE_WITH_KNOTS('',1,(#8416,#8417),.UNSPECIFIED.,.F.,
  .F.,(2,2),(0.,30.),.PIECEWISE_BEZIER_KNOTS.);
#8416 = CARTESIAN_POINT('',(0.,-6.355555555556));
#8417 = CARTESIAN_POINT('',(30.,-6.355555555556));
#8418 = ( GEOMETRIC_REPRESENTATION_CONTEXT(2) 
PARAMETRIC_REPRESENTATION_CONTEXT() REPRESENTATION_CONTEXT('2D SPACE',''
  ) );
#8419 = ADVANCED_FACE('',(#8420),#881,.F.);
#8420 = FACE_BOUND('',#8421,.F.);
#8421 = EDGE_LOOP('',(#8422,#8423,#8424,#8425));
#8422 = ORIENTED_EDGE('',*,*,#4940,.F.);
#8423 = ORIENTED_EDGE('',*,*,#8376,.T.);
#8424 = ORIENTED_EDGE('',*,*,#865,.T.);
#8425 = ORIENTED_EDGE('',*,*,#8426,.F.);
#8426 = EDGE_CURVE('',#4941,#866,#8427,.T.);
#8427 = SURFACE_CURVE('',#8428,(#8432,#8438),.PCURVE_S1.);
#8428 = LINE('',#8429,#8430);
#8429 = CARTESIAN_POINT('',(-0.4,-6.755555555556,0.));
#8430 = VECTOR('',#8431,1.);
#8431 = DIRECTION('',(0.,0.,1.));
#8432 = PCURVE('',#881,#8433);
#8433 = DEFINITIONAL_REPRESENTATION('',(#8434),#8437);
#8434 = B_SPLINE_CURVE_WITH_KNOTS('',1,(#8435,#8436),.UNSPECIFIED.,.F.,
  .F.,(2,2),(0.,30.),.PIECEWISE_BEZIER_KNOTS.);
#8435 = CARTESIAN_POINT('',(0.,18.266666666667));
#8436 = CARTESIAN_POINT('',(30.,18.266666666667));
#8437 = ( GEOMETRIC_REPRESENTATION_CONTEXT(2) 
PARAMETRIC_REPRESENTATION_CONTEXT() REPRESENTATION_CONTEXT('2D SPACE',''
  ) );
#8438 = PCURVE('',#909,#8439);
#8439 = DEFINITIONAL_REPRESENTATION('',(#8440),#8443);
#8440 = B_SPLINE_CURVE_WITH_KNOTS('',1,(#8441,#8442),.UNSPECIFIED.,.F.,
  .F.,(2,2),(0.,30.),.PIECEWISE_BEZIER_KNOTS.);
#8441 = CARTESIAN_POINT('',(0.,-11.91111111111));
#8442 = CARTESIAN_POINT('',(30.,-11.91111111111));
#8443 = ( GEOMETRIC_REPRESENTATION_CONTEXT(2) 
PARAMETRIC_REPRESENTATION_CONTEXT() REPRESENTATION_CONTEXT('2D SPACE',''
  ) );
#8444 = ADVANCED_FACE('',(#8445),#909,.F.);
#8445 = FACE_BOUND('',#8446,.F.);
#8446 = EDGE_LOOP('',(#8447,#8448,#8449,#8450));
#8447 = ORIENTED_EDGE('',*,*,#893,.F.);
#8448 = ORIENTED_EDGE('',*,*,#8401,.F.);
#8449 = ORIENTED_EDGE('',*,*,#4963,.T.);
#8450 = ORIENTED_EDGE('',*,*,#8426,.T.);
#8451 = ADVANCED_FACE('',(#8452),#967,.T.);
#8452 = FACE_BOUND('',#8453,.T.);
#8453 = EDGE_LOOP('',(#8454,#8455,#8476,#8477));
#8454 = ORIENTED_EDGE('',*,*,#949,.F.);
#8455 = ORIENTED_EDGE('',*,*,#8456,.F.);
#8456 = EDGE_CURVE('',#5010,#950,#8457,.T.);
#8457 = SURFACE_CURVE('',#8458,(#8462,#8469),.PCURVE_S1.);
#8458 = LINE('',#8459,#8460);
#8459 = CARTESIAN_POINT('',(-18.66666666666,-5.955555555556,0.));
#8460 = VECTOR('',#8461,1.);
#8461 = DIRECTION('',(0.,0.,1.));
#8462 = PCURVE('',#967,#8463);
#8463 = DEFINITIONAL_REPRESENTATION('',(#8464),#8468);
#8464 = LINE('',#8465,#8466);
#8465 = CARTESIAN_POINT('',(0.,-12.71111111111));
#8466 = VECTOR('',#8467,1.);
#8467 = DIRECTION('',(1.,0.));
#8468 = ( GEOMETRIC_REPRESENTATION_CONTEXT(2) 
PARAMETRIC_REPRESENTATION_CONTEXT() REPRESENTATION_CONTEXT('2D SPACE',''
  ) );
#8469 = PCURVE('',#1049,#8470);
#8470 = DEFINITIONAL_REPRESENTATION('',(#8471),#8475);
#8471 = LINE('',#8472,#8473);
#8472 = CARTESIAN_POINT('',(0.,0.));
#8473 = VECTOR('',#8474,1.);
#8474 = DIRECTION('',(1.,0.));
#8475 = ( GEOMETRIC_REPRESENTATION_CONTEXT(2) 
PARAMETRIC_REPRESENTATION_CONTEXT() REPRESENTATION_CONTEXT('2D SPACE',''
  ) );
#8476 = ORIENTED_EDGE('',*,*,#5009,.T.);
#8477 = ORIENTED_EDGE('',*,*,#8478,.T.);
#8478 = EDGE_CURVE('',#5012,#952,#8479,.T.);
#8479 = SURFACE_CURVE('',#8480,(#8484,#8491),.PCURVE_S1.);
#8480 = LINE('',#8481,#8482);
#8481 = CARTESIAN_POINT('',(-18.66666666666,-0.4,0.));
#8482 = VECTOR('',#8483,1.);
#8483 = DIRECTION('',(0.,0.,1.));
#8484 = PCURVE('',#967,#8485);
#8485 = DEFINITIONAL_REPRESENTATION('',(#8486),#8490);
#8486 = LINE('',#8487,#8488);
#8487 = CARTESIAN_POINT('',(0.,-18.26666666666));
#8488 = VECTOR('',#8489,1.);
#8489 = DIRECTION('',(1.,0.));
#8490 = ( GEOMETRIC_REPRESENTATION_CONTEXT(2) 
PARAMETRIC_REPRESENTATION_CONTEXT() REPRESENTATION_CONTEXT('2D SPACE',''
  ) );
#8491 = PCURVE('',#995,#8492);
#8492 = DEFINITIONAL_REPRESENTATION('',(#8493),#8497);
#8493 = LINE('',#8494,#8495);
#8494 = CARTESIAN_POINT('',(0.,0.));
#8495 = VECTOR('',#8496,1.);
#8496 = DIRECTION('',(1.,0.));
#8497 = ( GEOMETRIC_REPRESENTATION_CONTEXT(2) 
PARAMETRIC_REPRESENTATION_CONTEXT() REPRESENTATION_CONTEXT('2D SPACE',''
  ) );
#8498 = ADVANCED_FACE('',(#8499),#1049,.T.);
#8499 = FACE_BOUND('',#8500,.T.);
#8500 = EDGE_LOOP('',(#8501,#8502,#8503,#8504));
#8501 = ORIENTED_EDGE('',*,*,#5080,.F.);
#8502 = ORIENTED_EDGE('',*,*,#8456,.T.);
#8503 = ORIENTED_EDGE('',*,*,#1035,.T.);
#8504 = ORIENTED_EDGE('',*,*,#8505,.F.);
#8505 = EDGE_CURVE('',#5058,#1008,#8506,.T.);
#8506 = SURFACE_CURVE('',#8507,(#8511,#8517),.PCURVE_S1.);
#8507 = LINE('',#8508,#8509);
#8508 = CARTESIAN_POINT('',(-13.11111111111,-5.955555555556,0.));
#8509 = VECTOR('',#8510,1.);
#8510 = DIRECTION('',(0.,0.,1.));
#8511 = PCURVE('',#1049,#8512);
#8512 = DEFINITIONAL_REPRESENTATION('',(#8513),#8516);
#8513 = B_SPLINE_CURVE_WITH_KNOTS('',1,(#8514,#8515),.UNSPECIFIED.,.F.,
  .F.,(2,2),(0.,30.),.PIECEWISE_BEZIER_KNOTS.);
#8514 = CARTESIAN_POINT('',(0.,5.555555555556));
#8515 = CARTESIAN_POINT('',(30.,5.555555555556));
#8516 = ( GEOMETRIC_REPRESENTATION_CONTEXT(2) 
PARAMETRIC_REPRESENTATION_CONTEXT() REPRESENTATION_CONTEXT('2D SPACE',''
  ) );
#8517 = PCURVE('',#1023,#8518);
#8518 = DEFINITIONAL_REPRESENTATION('',(#8519),#8522);
#8519 = B_SPLINE_CURVE_WITH_KNOTS('',1,(#8520,#8521),.UNSPECIFIED.,.F.,
  .F.,(2,2),(0.,30.),.PIECEWISE_BEZIER_KNOTS.);
#8520 = CARTESIAN_POINT('',(0.,-12.71111111111));
#8521 = CARTESIAN_POINT('',(30.,-12.71111111111));
#8522 = ( GEOMETRIC_REPRESENTATION_CONTEXT(2) 
PARAMETRIC_REPRESENTATION_CONTEXT() REPRESENTATION_CONTEXT('2D SPACE',''
  ) );
#8523 = ADVANCED_FACE('',(#8524),#995,.F.);
#8524 = FACE_BOUND('',#8525,.F.);
#8525 = EDGE_LOOP('',(#8526,#8527,#8528,#8529));
#8526 = ORIENTED_EDGE('',*,*,#5034,.F.);
#8527 = ORIENTED_EDGE('',*,*,#8478,.T.);
#8528 = ORIENTED_EDGE('',*,*,#979,.T.);
#8529 = ORIENTED_EDGE('',*,*,#8530,.F.);
#8530 = EDGE_CURVE('',#5035,#980,#8531,.T.);
#8531 = SURFACE_CURVE('',#8532,(#8536,#8542),.PCURVE_S1.);
#8532 = LINE('',#8533,#8534);
#8533 = CARTESIAN_POINT('',(-13.11111111111,-0.4,0.));
#8534 = VECTOR('',#8535,1.);
#8535 = DIRECTION('',(0.,0.,1.));
#8536 = PCURVE('',#995,#8537);
#8537 = DEFINITIONAL_REPRESENTATION('',(#8538),#8541);
#8538 = B_SPLINE_CURVE_WITH_KNOTS('',1,(#8539,#8540),.UNSPECIFIED.,.F.,
  .F.,(2,2),(0.,30.),.PIECEWISE_BEZIER_KNOTS.);
#8539 = CARTESIAN_POINT('',(0.,5.555555555556));
#8540 = CARTESIAN_POINT('',(30.,5.555555555556));
#8541 = ( GEOMETRIC_REPRESENTATION_CONTEXT(2) 
PARAMETRIC_REPRESENTATION_CONTEXT() REPRESENTATION_CONTEXT('2D SPACE',''
  ) );
#8542 = PCURVE('',#1023,#8543);
#8543 = DEFINITIONAL_REPRESENTATION('',(#8544),#8547);
#8544 = B_SPLINE_CURVE_WITH_KNOTS('',1,(#8545,#8546),.UNSPECIFIED.,.F.,
  .F.,(2,2),(0.,30.),.PIECEWISE_BEZIER_KNOTS.);
#8545 = CARTESIAN_POINT('',(0.,-18.26666666666));
#8546 = CARTESIAN_POINT('',(30.,-18.26666666666));
#8547 = ( GEOMETRIC_REPRESENTATION_CONTEXT(2) 
PARAMETRIC_REPRESENTATION_CONTEXT() REPRESENTATION_CONTEXT('2D SPACE',''
  ) );
#8548 = ADVANCED_FACE('',(#8549),#1023,.F.);
#8549 = FACE_BOUND('',#8550,.F.);
#8550 = EDGE_LOOP('',(#8551,#8552,#8553,#8554));
#8551 = ORIENTED_EDGE('',*,*,#1007,.F.);
#8552 = ORIENTED_EDGE('',*,*,#8505,.F.);
#8553 = ORIENTED_EDGE('',*,*,#5057,.T.);
#8554 = ORIENTED_EDGE('',*,*,#8530,.T.);
#8555 = ADVANCED_FACE('',(#8556),#1081,.T.);
#8556 = FACE_BOUND('',#8557,.T.);
#8557 = EDGE_LOOP('',(#8558,#8559,#8578,#8579));
#8558 = ORIENTED_EDGE('',*,*,#1063,.F.);
#8559 = ORIENTED_EDGE('',*,*,#8560,.F.);
#8560 = EDGE_CURVE('',#5104,#1064,#8561,.T.);
#8561 = SURFACE_CURVE('',#8562,(#8566,#8572),.PCURVE_S1.);
#8562 = LINE('',#8563,#8564);
#8563 = CARTESIAN_POINT('',(-12.31111111111,-5.955555555556,0.));
#8564 = VECTOR('',#8565,1.);
#8565 = DIRECTION('',(0.,0.,1.));
#8566 = PCURVE('',#1081,#8567);
#8567 = DEFINITIONAL_REPRESENTATION('',(#8568),#8571);
#8568 = B_SPLINE_CURVE_WITH_KNOTS('',1,(#8569,#8570),.UNSPECIFIED.,.F.,
  .F.,(2,2),(0.,30.),.PIECEWISE_BEZIER_KNOTS.);
#8569 = CARTESIAN_POINT('',(0.,-12.71111111111));
#8570 = CARTESIAN_POINT('',(30.,-12.71111111111));
#8571 = ( GEOMETRIC_REPRESENTATION_CONTEXT(2) 
PARAMETRIC_REPRESENTATION_CONTEXT() REPRESENTATION_CONTEXT('2D SPACE',''
  ) );
#8572 = PCURVE('',#1163,#8573);
#8573 = DEFINITIONAL_REPRESENTATION('',(#8574),#8577);
#8574 = B_SPLINE_CURVE_WITH_KNOTS('',1,(#8575,#8576),.UNSPECIFIED.,.F.,
  .F.,(2,2),(0.,30.),.PIECEWISE_BEZIER_KNOTS.);
#8575 = CARTESIAN_POINT('',(0.,6.355555555556));
#8576 = CARTESIAN_POINT('',(30.,6.355555555556));
#8577 = ( GEOMETRIC_REPRESENTATION_CONTEXT(2) 
PARAMETRIC_REPRESENTATION_CONTEXT() REPRESENTATION_CONTEXT('2D SPACE',''
  ) );
#8578 = ORIENTED_EDGE('',*,*,#5103,.T.);
#8579 = ORIENTED_EDGE('',*,*,#8580,.T.);
#8580 = EDGE_CURVE('',#5106,#1066,#8581,.T.);
#8581 = SURFACE_CURVE('',#8582,(#8586,#8592),.PCURVE_S1.);
#8582 = LINE('',#8583,#8584);
#8583 = CARTESIAN_POINT('',(-12.31111111111,-0.4,0.));
#8584 = VECTOR('',#8585,1.);
#8585 = DIRECTION('',(0.,0.,1.));
#8586 = PCURVE('',#1081,#8587);
#8587 = DEFINITIONAL_REPRESENTATION('',(#8588),#8591);
#8588 = B_SPLINE_CURVE_WITH_KNOTS('',1,(#8589,#8590),.UNSPECIFIED.,.F.,
  .F.,(2,2),(0.,30.),.PIECEWISE_BEZIER_KNOTS.);
#8589 = CARTESIAN_POINT('',(0.,-18.26666666666));
#8590 = CARTESIAN_POINT('',(30.,-18.26666666666));
#8591 = ( GEOMETRIC_REPRESENTATION_CONTEXT(2) 
PARAMETRIC_REPRESENTATION_CONTEXT() REPRESENTATION_CONTEXT('2D SPACE',''
  ) );
#8592 = PCURVE('',#1109,#8593);
#8593 = DEFINITIONAL_REPRESENTATION('',(#8594),#8597);
#8594 = B_SPLINE_CURVE_WITH_KNOTS('',1,(#8595,#8596),.UNSPECIFIED.,.F.,
  .F.,(2,2),(0.,30.),.PIECEWISE_BEZIER_KNOTS.);
#8595 = CARTESIAN_POINT('',(0.,6.355555555556));
#8596 = CARTESIAN_POINT('',(30.,6.355555555556));
#8597 = ( GEOMETRIC_REPRESENTATION_CONTEXT(2) 
PARAMETRIC_REPRESENTATION_CONTEXT() REPRESENTATION_CONTEXT('2D SPACE',''
  ) );
#8598 = ADVANCED_FACE('',(#8599),#1163,.T.);
#8599 = FACE_BOUND('',#8600,.T.);
#8600 = EDGE_LOOP('',(#8601,#8602,#8603,#8604));
#8601 = ORIENTED_EDGE('',*,*,#5174,.F.);
#8602 = ORIENTED_EDGE('',*,*,#8560,.T.);
#8603 = ORIENTED_EDGE('',*,*,#1149,.T.);
#8604 = ORIENTED_EDGE('',*,*,#8605,.F.);
#8605 = EDGE_CURVE('',#5152,#1122,#8606,.T.);
#8606 = SURFACE_CURVE('',#8607,(#8611,#8617),.PCURVE_S1.);
#8607 = LINE('',#8608,#8609);
#8608 = CARTESIAN_POINT('',(-6.755555555556,-5.955555555556,0.));
#8609 = VECTOR('',#8610,1.);
#8610 = DIRECTION('',(0.,0.,1.));
#8611 = PCURVE('',#1163,#8612);
#8612 = DEFINITIONAL_REPRESENTATION('',(#8613),#8616);
#8613 = B_SPLINE_CURVE_WITH_KNOTS('',1,(#8614,#8615),.UNSPECIFIED.,.F.,
  .F.,(2,2),(0.,30.),.PIECEWISE_BEZIER_KNOTS.);
#8614 = CARTESIAN_POINT('',(0.,11.911111111111));
#8615 = CARTESIAN_POINT('',(30.,11.911111111111));
#8616 = ( GEOMETRIC_REPRESENTATION_CONTEXT(2) 
PARAMETRIC_REPRESENTATION_CONTEXT() REPRESENTATION_CONTEXT('2D SPACE',''
  ) );
#8617 = PCURVE('',#1137,#8618);
#8618 = DEFINITIONAL_REPRESENTATION('',(#8619),#8622);
#8619 = B_SPLINE_CURVE_WITH_KNOTS('',1,(#8620,#8621),.UNSPECIFIED.,.F.,
  .F.,(2,2),(0.,30.),.PIECEWISE_BEZIER_KNOTS.);
#8620 = CARTESIAN_POINT('',(0.,-12.71111111111));
#8621 = CARTESIAN_POINT('',(30.,-12.71111111111));
#8622 = ( GEOMETRIC_REPRESENTATION_CONTEXT(2) 
PARAMETRIC_REPRESENTATION_CONTEXT() REPRESENTATION_CONTEXT('2D SPACE',''
  ) );
#8623 = ADVANCED_FACE('',(#8624),#1109,.F.);
#8624 = FACE_BOUND('',#8625,.F.);
#8625 = EDGE_LOOP('',(#8626,#8627,#8628,#8629));
#8626 = ORIENTED_EDGE('',*,*,#5128,.F.);
#8627 = ORIENTED_EDGE('',*,*,#8580,.T.);
#8628 = ORIENTED_EDGE('',*,*,#1093,.T.);
#8629 = ORIENTED_EDGE('',*,*,#8630,.F.);
#8630 = EDGE_CURVE('',#5129,#1094,#8631,.T.);
#8631 = SURFACE_CURVE('',#8632,(#8636,#8642),.PCURVE_S1.);
#8632 = LINE('',#8633,#8634);
#8633 = CARTESIAN_POINT('',(-6.755555555556,-0.4,0.));
#8634 = VECTOR('',#8635,1.);
#8635 = DIRECTION('',(0.,0.,1.));
#8636 = PCURVE('',#1109,#8637);
#8637 = DEFINITIONAL_REPRESENTATION('',(#8638),#8641);
#8638 = B_SPLINE_CURVE_WITH_KNOTS('',1,(#8639,#8640),.UNSPECIFIED.,.F.,
  .F.,(2,2),(0.,30.),.PIECEWISE_BEZIER_KNOTS.);
#8639 = CARTESIAN_POINT('',(0.,11.911111111111));
#8640 = CARTESIAN_POINT('',(30.,11.911111111111));
#8641 = ( GEOMETRIC_REPRESENTATION_CONTEXT(2) 
PARAMETRIC_REPRESENTATION_CONTEXT() REPRESENTATION_CONTEXT('2D SPACE',''
  ) );
#8642 = PCURVE('',#1137,#8643);
#8643 = DEFINITIONAL_REPRESENTATION('',(#8644),#8647);
#8644 = B_SPLINE_CURVE_WITH_KNOTS('',1,(#8645,#8646),.UNSPECIFIED.,.F.,
  .F.,(2,2),(0.,30.),.PIECEWISE_BEZIER_KNOTS.);
#8645 = CARTESIAN_POINT('',(0.,-18.26666666666));
#8646 = CARTESIAN_POINT('',(30.,-18.26666666666));
#8647 = ( GEOMETRIC_REPRESENTATION_CONTEXT(2) 
PARAMETRIC_REPRESENTATION_CONTEXT() REPRESENTATION_CONTEXT('2D SPACE',''
  ) );
#8648 = ADVANCED_FACE('',(#8649),#1137,.F.);
#8649 = FACE_BOUND('',#8650,.F.);
#8650 = EDGE_LOOP('',(#8651,#8652,#8653,#8654));
#8651 = ORIENTED_EDGE('',*,*,#1121,.F.);
#8652 = ORIENTED_EDGE('',*,*,#8605,.F.);
#8653 = ORIENTED_EDGE('',*,*,#5151,.T.);
#8654 = ORIENTED_EDGE('',*,*,#8630,.T.);
#8655 = ADVANCED_FACE('',(#8656),#1195,.T.);
#8656 = FACE_BOUND('',#8657,.T.);
#8657 = EDGE_LOOP('',(#8658,#8659,#8678,#8679));
#8658 = ORIENTED_EDGE('',*,*,#1177,.F.);
#8659 = ORIENTED_EDGE('',*,*,#8660,.F.);
#8660 = EDGE_CURVE('',#5198,#1178,#8661,.T.);
#8661 = SURFACE_CURVE('',#8662,(#8666,#8672),.PCURVE_S1.);
#8662 = LINE('',#8663,#8664);
#8663 = CARTESIAN_POINT('',(-5.955555555556,-5.955555555556,0.));
#8664 = VECTOR('',#8665,1.);
#8665 = DIRECTION('',(0.,0.,1.));
#8666 = PCURVE('',#1195,#8667);
#8667 = DEFINITIONAL_REPRESENTATION('',(#8668),#8671);
#8668 = B_SPLINE_CURVE_WITH_KNOTS('',1,(#8669,#8670),.UNSPECIFIED.,.F.,
  .F.,(2,2),(0.,30.),.PIECEWISE_BEZIER_KNOTS.);
#8669 = CARTESIAN_POINT('',(0.,-12.71111111111));
#8670 = CARTESIAN_POINT('',(30.,-12.71111111111));
#8671 = ( GEOMETRIC_REPRESENTATION_CONTEXT(2) 
PARAMETRIC_REPRESENTATION_CONTEXT() REPRESENTATION_CONTEXT('2D SPACE',''
  ) );
#8672 = PCURVE('',#1277,#8673);
#8673 = DEFINITIONAL_REPRESENTATION('',(#8674),#8677);
#8674 = B_SPLINE_CURVE_WITH_KNOTS('',1,(#8675,#8676),.UNSPECIFIED.,.F.,
  .F.,(2,2),(0.,30.),.PIECEWISE_BEZIER_KNOTS.);
#8675 = CARTESIAN_POINT('',(0.,12.711111111111));
#8676 = CARTESIAN_POINT('',(30.,12.711111111111));
#8677 = ( GEOMETRIC_REPRESENTATION_CONTEXT(2) 
PARAMETRIC_REPRESENTATION_CONTEXT() REPRESENTATION_CONTEXT('2D SPACE',''
  ) );
#8678 = ORIENTED_EDGE('',*,*,#5197,.T.);
#8679 = ORIENTED_EDGE('',*,*,#8680,.T.);
#8680 = EDGE_CURVE('',#5200,#1180,#8681,.T.);
#8681 = SURFACE_CURVE('',#8682,(#8686,#8692),.PCURVE_S1.);
#8682 = LINE('',#8683,#8684);
#8683 = CARTESIAN_POINT('',(-5.955555555556,-0.4,0.));
#8684 = VECTOR('',#8685,1.);
#8685 = DIRECTION('',(0.,0.,1.));
#8686 = PCURVE('',#1195,#8687);
#8687 = DEFINITIONAL_REPRESENTATION('',(#8688),#8691);
#8688 = B_SPLINE_CURVE_WITH_KNOTS('',1,(#8689,#8690),.UNSPECIFIED.,.F.,
  .F.,(2,2),(0.,30.),.PIECEWISE_BEZIER_KNOTS.);
#8689 = CARTESIAN_POINT('',(0.,-18.26666666666));
#8690 = CARTESIAN_POINT('',(30.,-18.26666666666));
#8691 = ( GEOMETRIC_REPRESENTATION_CONTEXT(2) 
PARAMETRIC_REPRESENTATION_CONTEXT() REPRESENTATION_CONTEXT('2D SPACE',''
  ) );
#8692 = PCURVE('',#1223,#8693);
#8693 = DEFINITIONAL_REPRESENTATION('',(#8694),#8697);
#8694 = B_SPLINE_CURVE_WITH_KNOTS('',1,(#8695,#8696),.UNSPECIFIED.,.F.,
  .F.,(2,2),(0.,30.),.PIECEWISE_BEZIER_KNOTS.);
#8695 = CARTESIAN_POINT('',(0.,12.711111111111));
#8696 = CARTESIAN_POINT('',(30.,12.711111111111));
#8697 = ( GEOMETRIC_REPRESENTATION_CONTEXT(2) 
PARAMETRIC_REPRESENTATION_CONTEXT() REPRESENTATION_CONTEXT('2D SPACE',''
  ) );
#8698 = ADVANCED_FACE('',(#8699),#1277,.T.);
#8699 = FACE_BOUND('',#8700,.T.);
#8700 = EDGE_LOOP('',(#8701,#8702,#8703,#8704));
#8701 = ORIENTED_EDGE('',*,*,#5268,.F.);
#8702 = ORIENTED_EDGE('',*,*,#8660,.T.);
#8703 = ORIENTED_EDGE('',*,*,#1263,.T.);
#8704 = ORIENTED_EDGE('',*,*,#8705,.F.);
#8705 = EDGE_CURVE('',#5246,#1236,#8706,.T.);
#8706 = SURFACE_CURVE('',#8707,(#8711,#8717),.PCURVE_S1.);
#8707 = LINE('',#8708,#8709);
#8708 = CARTESIAN_POINT('',(-0.4,-5.955555555556,0.));
#8709 = VECTOR('',#8710,1.);
#8710 = DIRECTION('',(0.,0.,1.));
#8711 = PCURVE('',#1277,#8712);
#8712 = DEFINITIONAL_REPRESENTATION('',(#8713),#8716);
#8713 = B_SPLINE_CURVE_WITH_KNOTS('',1,(#8714,#8715),.UNSPECIFIED.,.F.,
  .F.,(2,2),(0.,30.),.PIECEWISE_BEZIER_KNOTS.);
#8714 = CARTESIAN_POINT('',(0.,18.266666666667));
#8715 = CARTESIAN_POINT('',(30.,18.266666666667));
#8716 = ( GEOMETRIC_REPRESENTATION_CONTEXT(2) 
PARAMETRIC_REPRESENTATION_CONTEXT() REPRESENTATION_CONTEXT('2D SPACE',''
  ) );
#8717 = PCURVE('',#1251,#8718);
#8718 = DEFINITIONAL_REPRESENTATION('',(#8719),#8722);
#8719 = B_SPLINE_CURVE_WITH_KNOTS('',1,(#8720,#8721),.UNSPECIFIED.,.F.,
  .F.,(2,2),(0.,30.),.PIECEWISE_BEZIER_KNOTS.);
#8720 = CARTESIAN_POINT('',(0.,-12.71111111111));
#8721 = CARTESIAN_POINT('',(30.,-12.71111111111));
#8722 = ( GEOMETRIC_REPRESENTATION_CONTEXT(2) 
PARAMETRIC_REPRESENTATION_CONTEXT() REPRESENTATION_CONTEXT('2D SPACE',''
  ) );
#8723 = ADVANCED_FACE('',(#8724),#1223,.F.);
#8724 = FACE_BOUND('',#8725,.F.);
#8725 = EDGE_LOOP('',(#8726,#8727,#8728,#8729));
#8726 = ORIENTED_EDGE('',*,*,#5222,.F.);
#8727 = ORIENTED_EDGE('',*,*,#8680,.T.);
#8728 = ORIENTED_EDGE('',*,*,#1207,.T.);
#8729 = ORIENTED_EDGE('',*,*,#8730,.F.);
#8730 = EDGE_CURVE('',#5223,#1208,#8731,.T.);
#8731 = SURFACE_CURVE('',#8732,(#8736,#8742),.PCURVE_S1.);
#8732 = LINE('',#8733,#8734);
#8733 = CARTESIAN_POINT('',(-0.4,-0.4,0.));
#8734 = VECTOR('',#8735,1.);
#8735 = DIRECTION('',(0.,0.,1.));
#8736 = PCURVE('',#1223,#8737);
#8737 = DEFINITIONAL_REPRESENTATION('',(#8738),#8741);
#8738 = B_SPLINE_CURVE_WITH_KNOTS('',1,(#8739,#8740),.UNSPECIFIED.,.F.,
  .F.,(2,2),(0.,30.),.PIECEWISE_BEZIER_KNOTS.);
#8739 = CARTESIAN_POINT('',(0.,18.266666666667));
#8740 = CARTESIAN_POINT('',(30.,18.266666666667));
#8741 = ( GEOMETRIC_REPRESENTATION_CONTEXT(2) 
PARAMETRIC_REPRESENTATION_CONTEXT() REPRESENTATION_CONTEXT('2D SPACE',''
  ) );
#8742 = PCURVE('',#1251,#8743);
#8743 = DEFINITIONAL_REPRESENTATION('',(#8744),#8747);
#8744 = B_SPLINE_CURVE_WITH_KNOTS('',1,(#8745,#8746),.UNSPECIFIED.,.F.,
  .F.,(2,2),(0.,30.),.PIECEWISE_BEZIER_KNOTS.);
#8745 = CARTESIAN_POINT('',(0.,-18.26666666666));
#8746 = CARTESIAN_POINT('',(30.,-18.26666666666));
#8747 = ( GEOMETRIC_REPRESENTATION_CONTEXT(2) 
PARAMETRIC_REPRESENTATION_CONTEXT() REPRESENTATION_CONTEXT('2D SPACE',''
  ) );
#8748 = ADVANCED_FACE('',(#8749),#1251,.F.);
#8749 = FACE_BOUND('',#8750,.F.);
#8750 = EDGE_LOOP('',(#8751,#8752,#8753,#8754));
#8751 = ORIENTED_EDGE('',*,*,#1235,.F.);
#8752 = ORIENTED_EDGE('',*,*,#8705,.F.);
#8753 = ORIENTED_EDGE('',*,*,#5245,.T.);
#8754 = ORIENTED_EDGE('',*,*,#8730,.T.);
#8755 = ADVANCED_FACE('',(#8756),#1309,.T.);
#8756 = FACE_BOUND('',#8757,.T.);
#8757 = EDGE_LOOP('',(#8758,#8759,#8780,#8781));
#8758 = ORIENTED_EDGE('',*,*,#1291,.F.);
#8759 = ORIENTED_EDGE('',*,*,#8760,.F.);
#8760 = EDGE_CURVE('',#5292,#1292,#8761,.T.);
#8761 = SURFACE_CURVE('',#8762,(#8766,#8773),.PCURVE_S1.);
#8762 = LINE('',#8763,#8764);
#8763 = CARTESIAN_POINT('',(0.4,-18.66666666666,0.));
#8764 = VECTOR('',#8765,1.);
#8765 = DIRECTION('',(0.,0.,1.));
#8766 = PCURVE('',#1309,#8767);
#8767 = DEFINITIONAL_REPRESENTATION('',(#8768),#8772);
#8768 = LINE('',#8769,#8770);
#8769 = CARTESIAN_POINT('',(0.,0.));
#8770 = VECTOR('',#8771,1.);
#8771 = DIRECTION('',(1.,0.));
#8772 = ( GEOMETRIC_REPRESENTATION_CONTEXT(2) 
PARAMETRIC_REPRESENTATION_CONTEXT() REPRESENTATION_CONTEXT('2D SPACE',''
  ) );
#8773 = PCURVE('',#1391,#8774);
#8774 = DEFINITIONAL_REPRESENTATION('',(#8775),#8779);
#8775 = LINE('',#8776,#8777);
#8776 = CARTESIAN_POINT('',(0.,19.066666666667));
#8777 = VECTOR('',#8778,1.);
#8778 = DIRECTION('',(1.,0.));
#8779 = ( GEOMETRIC_REPRESENTATION_CONTEXT(2) 
PARAMETRIC_REPRESENTATION_CONTEXT() REPRESENTATION_CONTEXT('2D SPACE',''
  ) );
#8780 = ORIENTED_EDGE('',*,*,#5291,.T.);
#8781 = ORIENTED_EDGE('',*,*,#8782,.T.);
#8782 = EDGE_CURVE('',#5294,#1294,#8783,.T.);
#8783 = SURFACE_CURVE('',#8784,(#8788,#8794),.PCURVE_S1.);
#8784 = LINE('',#8785,#8786);
#8785 = CARTESIAN_POINT('',(0.4,-13.11111111111,0.));
#8786 = VECTOR('',#8787,1.);
#8787 = DIRECTION('',(0.,0.,1.));
#8788 = PCURVE('',#1309,#8789);
#8789 = DEFINITIONAL_REPRESENTATION('',(#8790),#8793);
#8790 = B_SPLINE_CURVE_WITH_KNOTS('',1,(#8791,#8792),.UNSPECIFIED.,.F.,
  .F.,(2,2),(0.,30.),.PIECEWISE_BEZIER_KNOTS.);
#8791 = CARTESIAN_POINT('',(0.,-5.555555555556));
#8792 = CARTESIAN_POINT('',(30.,-5.555555555556));
#8793 = ( GEOMETRIC_REPRESENTATION_CONTEXT(2) 
PARAMETRIC_REPRESENTATION_CONTEXT() REPRESENTATION_CONTEXT('2D SPACE',''
  ) );
#8794 = PCURVE('',#1337,#8795);
#8795 = DEFINITIONAL_REPRESENTATION('',(#8796),#8799);
#8796 = B_SPLINE_CURVE_WITH_KNOTS('',1,(#8797,#8798),.UNSPECIFIED.,.F.,
  .F.,(2,2),(0.,30.),.PIECEWISE_BEZIER_KNOTS.);
#8797 = CARTESIAN_POINT('',(0.,19.066666666667));
#8798 = CARTESIAN_POINT('',(30.,19.066666666667));
#8799 = ( GEOMETRIC_REPRESENTATION_CONTEXT(2) 
PARAMETRIC_REPRESENTATION_CONTEXT() REPRESENTATION_CONTEXT('2D SPACE',''
  ) );
#8800 = ADVANCED_FACE('',(#8801),#1391,.T.);
#8801 = FACE_BOUND('',#8802,.T.);
#8802 = EDGE_LOOP('',(#8803,#8804,#8805,#8806));
#8803 = ORIENTED_EDGE('',*,*,#5362,.F.);
#8804 = ORIENTED_EDGE('',*,*,#8760,.T.);
#8805 = ORIENTED_EDGE('',*,*,#1377,.T.);
#8806 = ORIENTED_EDGE('',*,*,#8807,.F.);
#8807 = EDGE_CURVE('',#5340,#1350,#8808,.T.);
#8808 = SURFACE_CURVE('',#8809,(#8813,#8820),.PCURVE_S1.);
#8809 = LINE('',#8810,#8811);
#8810 = CARTESIAN_POINT('',(5.955555555556,-18.66666666666,0.));
#8811 = VECTOR('',#8812,1.);
#8812 = DIRECTION('',(0.,0.,1.));
#8813 = PCURVE('',#1391,#8814);
#8814 = DEFINITIONAL_REPRESENTATION('',(#8815),#8819);
#8815 = LINE('',#8816,#8817);
#8816 = CARTESIAN_POINT('',(0.,24.622222222222));
#8817 = VECTOR('',#8818,1.);
#8818 = DIRECTION('',(1.,0.));
#8819 = ( GEOMETRIC_REPRESENTATION_CONTEXT(2) 
PARAMETRIC_REPRESENTATION_CONTEXT() REPRESENTATION_CONTEXT('2D SPACE',''
  ) );
#8820 = PCURVE('',#1365,#8821);
#8821 = DEFINITIONAL_REPRESENTATION('',(#8822),#8826);
#8822 = LINE('',#8823,#8824);
#8823 = CARTESIAN_POINT('',(0.,0.));
#8824 = VECTOR('',#8825,1.);
#8825 = DIRECTION('',(1.,0.));
#8826 = ( GEOMETRIC_REPRESENTATION_CONTEXT(2) 
PARAMETRIC_REPRESENTATION_CONTEXT() REPRESENTATION_CONTEXT('2D SPACE',''
  ) );
#8827 = ADVANCED_FACE('',(#8828),#1337,.F.);
#8828 = FACE_BOUND('',#8829,.F.);
#8829 = EDGE_LOOP('',(#8830,#8831,#8832,#8833));
#8830 = ORIENTED_EDGE('',*,*,#5316,.F.);
#8831 = ORIENTED_EDGE('',*,*,#8782,.T.);
#8832 = ORIENTED_EDGE('',*,*,#1321,.T.);
#8833 = ORIENTED_EDGE('',*,*,#8834,.F.);
#8834 = EDGE_CURVE('',#5317,#1322,#8835,.T.);
#8835 = SURFACE_CURVE('',#8836,(#8840,#8846),.PCURVE_S1.);
#8836 = LINE('',#8837,#8838);
#8837 = CARTESIAN_POINT('',(5.955555555556,-13.11111111111,0.));
#8838 = VECTOR('',#8839,1.);
#8839 = DIRECTION('',(0.,0.,1.));
#8840 = PCURVE('',#1337,#8841);
#8841 = DEFINITIONAL_REPRESENTATION('',(#8842),#8845);
#8842 = B_SPLINE_CURVE_WITH_KNOTS('',1,(#8843,#8844),.UNSPECIFIED.,.F.,
  .F.,(2,2),(0.,30.),.PIECEWISE_BEZIER_KNOTS.);
#8843 = CARTESIAN_POINT('',(0.,24.622222222222));
#8844 = CARTESIAN_POINT('',(30.,24.622222222222));
#8845 = ( GEOMETRIC_REPRESENTATION_CONTEXT(2) 
PARAMETRIC_REPRESENTATION_CONTEXT() REPRESENTATION_CONTEXT('2D SPACE',''
  ) );
#8846 = PCURVE('',#1365,#8847);
#8847 = DEFINITIONAL_REPRESENTATION('',(#8848),#8851);
#8848 = B_SPLINE_CURVE_WITH_KNOTS('',1,(#8849,#8850),.UNSPECIFIED.,.F.,
  .F.,(2,2),(0.,30.),.PIECEWISE_BEZIER_KNOTS.);
#8849 = CARTESIAN_POINT('',(0.,-5.555555555556));
#8850 = CARTESIAN_POINT('',(30.,-5.555555555556));
#8851 = ( GEOMETRIC_REPRESENTATION_CONTEXT(2) 
PARAMETRIC_REPRESENTATION_CONTEXT() REPRESENTATION_CONTEXT('2D SPACE',''
  ) );
#8852 = ADVANCED_FACE('',(#8853),#1365,.F.);
#8853 = FACE_BOUND('',#8854,.F.);
#8854 = EDGE_LOOP('',(#8855,#8856,#8857,#8858));
#8855 = ORIENTED_EDGE('',*,*,#1349,.F.);
#8856 = ORIENTED_EDGE('',*,*,#8807,.F.);
#8857 = ORIENTED_EDGE('',*,*,#5339,.T.);
#8858 = ORIENTED_EDGE('',*,*,#8834,.T.);
#8859 = ADVANCED_FACE('',(#8860),#1423,.T.);
#8860 = FACE_BOUND('',#8861,.T.);
#8861 = EDGE_LOOP('',(#8862,#8863,#8882,#8883));
#8862 = ORIENTED_EDGE('',*,*,#1405,.F.);
#8863 = ORIENTED_EDGE('',*,*,#8864,.F.);
#8864 = EDGE_CURVE('',#5386,#1406,#8865,.T.);
#8865 = SURFACE_CURVE('',#8866,(#8870,#8876),.PCURVE_S1.);
#8866 = LINE('',#8867,#8868);
#8867 = CARTESIAN_POINT('',(0.4,-12.31111111111,0.));
#8868 = VECTOR('',#8869,1.);
#8869 = DIRECTION('',(0.,0.,1.));
#8870 = PCURVE('',#1423,#8871);
#8871 = DEFINITIONAL_REPRESENTATION('',(#8872),#8875);
#8872 = B_SPLINE_CURVE_WITH_KNOTS('',1,(#8873,#8874),.UNSPECIFIED.,.F.,
  .F.,(2,2),(0.,30.),.PIECEWISE_BEZIER_KNOTS.);
#8873 = CARTESIAN_POINT('',(0.,-6.355555555556));
#8874 = CARTESIAN_POINT('',(30.,-6.355555555556));
#8875 = ( GEOMETRIC_REPRESENTATION_CONTEXT(2) 
PARAMETRIC_REPRESENTATION_CONTEXT() REPRESENTATION_CONTEXT('2D SPACE',''
  ) );
#8876 = PCURVE('',#1505,#8877);
#8877 = DEFINITIONAL_REPRESENTATION('',(#8878),#8881);
#8878 = B_SPLINE_CURVE_WITH_KNOTS('',1,(#8879,#8880),.UNSPECIFIED.,.F.,
  .F.,(2,2),(0.,30.),.PIECEWISE_BEZIER_KNOTS.);
#8879 = CARTESIAN_POINT('',(0.,19.066666666667));
#8880 = CARTESIAN_POINT('',(30.,19.066666666667));
#8881 = ( GEOMETRIC_REPRESENTATION_CONTEXT(2) 
PARAMETRIC_REPRESENTATION_CONTEXT() REPRESENTATION_CONTEXT('2D SPACE',''
  ) );
#8882 = ORIENTED_EDGE('',*,*,#5385,.T.);
#8883 = ORIENTED_EDGE('',*,*,#8884,.T.);
#8884 = EDGE_CURVE('',#5388,#1408,#8885,.T.);
#8885 = SURFACE_CURVE('',#8886,(#8890,#8896),.PCURVE_S1.);
#8886 = LINE('',#8887,#8888);
#8887 = CARTESIAN_POINT('',(0.4,-6.755555555556,0.));
#8888 = VECTOR('',#8889,1.);
#8889 = DIRECTION('',(0.,0.,1.));
#8890 = PCURVE('',#1423,#8891);
#8891 = DEFINITIONAL_REPRESENTATION('',(#8892),#8895);
#8892 = B_SPLINE_CURVE_WITH_KNOTS('',1,(#8893,#8894),.UNSPECIFIED.,.F.,
  .F.,(2,2),(0.,30.),.PIECEWISE_BEZIER_KNOTS.);
#8893 = CARTESIAN_POINT('',(0.,-11.91111111111));
#8894 = CARTESIAN_POINT('',(30.,-11.91111111111));
#8895 = ( GEOMETRIC_REPRESENTATION_CONTEXT(2) 
PARAMETRIC_REPRESENTATION_CONTEXT() REPRESENTATION_CONTEXT('2D SPACE',''
  ) );
#8896 = PCURVE('',#1451,#8897);
#8897 = DEFINITIONAL_REPRESENTATION('',(#8898),#8901);
#8898 = B_SPLINE_CURVE_WITH_KNOTS('',1,(#8899,#8900),.UNSPECIFIED.,.F.,
  .F.,(2,2),(0.,30.),.PIECEWISE_BEZIER_KNOTS.);
#8899 = CARTESIAN_POINT('',(0.,19.066666666667));
#8900 = CARTESIAN_POINT('',(30.,19.066666666667));
#8901 = ( GEOMETRIC_REPRESENTATION_CONTEXT(2) 
PARAMETRIC_REPRESENTATION_CONTEXT() REPRESENTATION_CONTEXT('2D SPACE',''
  ) );
#8902 = ADVANCED_FACE('',(#8903),#1505,.T.);
#8903 = FACE_BOUND('',#8904,.T.);
#8904 = EDGE_LOOP('',(#8905,#8906,#8907,#8908));
#8905 = ORIENTED_EDGE('',*,*,#5456,.F.);
#8906 = ORIENTED_EDGE('',*,*,#8864,.T.);
#8907 = ORIENTED_EDGE('',*,*,#1491,.T.);
#8908 = ORIENTED_EDGE('',*,*,#8909,.F.);
#8909 = EDGE_CURVE('',#5434,#1464,#8910,.T.);
#8910 = SURFACE_CURVE('',#8911,(#8915,#8921),.PCURVE_S1.);
#8911 = LINE('',#8912,#8913);
#8912 = CARTESIAN_POINT('',(5.955555555556,-12.31111111111,0.));
#8913 = VECTOR('',#8914,1.);
#8914 = DIRECTION('',(0.,0.,1.));
#8915 = PCURVE('',#1505,#8916);
#8916 = DEFINITIONAL_REPRESENTATION('',(#8917),#8920);
#8917 = B_SPLINE_CURVE_WITH_KNOTS('',1,(#8918,#8919),.UNSPECIFIED.,.F.,
  .F.,(2,2),(0.,30.),.PIECEWISE_BEZIER_KNOTS.);
#8918 = CARTESIAN_POINT('',(0.,24.622222222222));
#8919 = CARTESIAN_POINT('',(30.,24.622222222222));
#8920 = ( GEOMETRIC_REPRESENTATION_CONTEXT(2) 
PARAMETRIC_REPRESENTATION_CONTEXT() REPRESENTATION_CONTEXT('2D SPACE',''
  ) );
#8921 = PCURVE('',#1479,#8922);
#8922 = DEFINITIONAL_REPRESENTATION('',(#8923),#8926);
#8923 = B_SPLINE_CURVE_WITH_KNOTS('',1,(#8924,#8925),.UNSPECIFIED.,.F.,
  .F.,(2,2),(0.,30.),.PIECEWISE_BEZIER_KNOTS.);
#8924 = CARTESIAN_POINT('',(0.,-6.355555555556));
#8925 = CARTESIAN_POINT('',(30.,-6.355555555556));
#8926 = ( GEOMETRIC_REPRESENTATION_CONTEXT(2) 
PARAMETRIC_REPRESENTATION_CONTEXT() REPRESENTATION_CONTEXT('2D SPACE',''
  ) );
#8927 = ADVANCED_FACE('',(#8928),#1451,.F.);
#8928 = FACE_BOUND('',#8929,.F.);
#8929 = EDGE_LOOP('',(#8930,#8931,#8932,#8933));
#8930 = ORIENTED_EDGE('',*,*,#5410,.F.);
#8931 = ORIENTED_EDGE('',*,*,#8884,.T.);
#8932 = ORIENTED_EDGE('',*,*,#1435,.T.);
#8933 = ORIENTED_EDGE('',*,*,#8934,.F.);
#8934 = EDGE_CURVE('',#5411,#1436,#8935,.T.);
#8935 = SURFACE_CURVE('',#8936,(#8940,#8946),.PCURVE_S1.);
#8936 = LINE('',#8937,#8938);
#8937 = CARTESIAN_POINT('',(5.955555555556,-6.755555555556,0.));
#8938 = VECTOR('',#8939,1.);
#8939 = DIRECTION('',(0.,0.,1.));
#8940 = PCURVE('',#1451,#8941);
#8941 = DEFINITIONAL_REPRESENTATION('',(#8942),#8945);
#8942 = B_SPLINE_CURVE_WITH_KNOTS('',1,(#8943,#8944),.UNSPECIFIED.,.F.,
  .F.,(2,2),(0.,30.),.PIECEWISE_BEZIER_KNOTS.);
#8943 = CARTESIAN_POINT('',(0.,24.622222222222));
#8944 = CARTESIAN_POINT('',(30.,24.622222222222));
#8945 = ( GEOMETRIC_REPRESENTATION_CONTEXT(2) 
PARAMETRIC_REPRESENTATION_CONTEXT() REPRESENTATION_CONTEXT('2D SPACE',''
  ) );
#8946 = PCURVE('',#1479,#8947);
#8947 = DEFINITIONAL_REPRESENTATION('',(#8948),#8951);
#8948 = B_SPLINE_CURVE_WITH_KNOTS('',1,(#8949,#8950),.UNSPECIFIED.,.F.,
  .F.,(2,2),(0.,30.),.PIECEWISE_BEZIER_KNOTS.);
#8949 = CARTESIAN_POINT('',(0.,-11.91111111111));
#8950 = CARTESIAN_POINT('',(30.,-11.91111111111));
#8951 = ( GEOMETRIC_REPRESENTATION_CONTEXT(2) 
PARAMETRIC_REPRESENTATION_CONTEXT() REPRESENTATION_CONTEXT('2D SPACE',''
  ) );
#8952 = ADVANCED_FACE('',(#8953),#1479,.F.);
#8953 = FACE_BOUND('',#8954,.F.);
#8954 = EDGE_LOOP('',(#8955,#8956,#8957,#8958));
#8955 = ORIENTED_EDGE('',*,*,#1463,.F.);
#8956 = ORIENTED_EDGE('',*,*,#8909,.F.);
#8957 = ORIENTED_EDGE('',*,*,#5433,.T.);
#8958 = ORIENTED_EDGE('',*,*,#8934,.T.);
#8959 = ADVANCED_FACE('',(#8960),#1537,.T.);
#8960 = FACE_BOUND('',#8961,.T.);
#8961 = EDGE_LOOP('',(#8962,#8963,#8984,#8985));
#8962 = ORIENTED_EDGE('',*,*,#1519,.F.);
#8963 = ORIENTED_EDGE('',*,*,#8964,.F.);
#8964 = EDGE_CURVE('',#5480,#1520,#8965,.T.);
#8965 = SURFACE_CURVE('',#8966,(#8970,#8977),.PCURVE_S1.);
#8966 = LINE('',#8967,#8968);
#8967 = CARTESIAN_POINT('',(6.755555555556,-18.66666666666,0.));
#8968 = VECTOR('',#8969,1.);
#8969 = DIRECTION('',(0.,0.,1.));
#8970 = PCURVE('',#1537,#8971);
#8971 = DEFINITIONAL_REPRESENTATION('',(#8972),#8976);
#8972 = LINE('',#8973,#8974);
#8973 = CARTESIAN_POINT('',(0.,0.));
#8974 = VECTOR('',#8975,1.);
#8975 = DIRECTION('',(1.,0.));
#8976 = ( GEOMETRIC_REPRESENTATION_CONTEXT(2) 
PARAMETRIC_REPRESENTATION_CONTEXT() REPRESENTATION_CONTEXT('2D SPACE',''
  ) );
#8977 = PCURVE('',#1619,#8978);
#8978 = DEFINITIONAL_REPRESENTATION('',(#8979),#8983);
#8979 = LINE('',#8980,#8981);
#8980 = CARTESIAN_POINT('',(0.,25.422222222222));
#8981 = VECTOR('',#8982,1.);
#8982 = DIRECTION('',(1.,0.));
#8983 = ( GEOMETRIC_REPRESENTATION_CONTEXT(2) 
PARAMETRIC_REPRESENTATION_CONTEXT() REPRESENTATION_CONTEXT('2D SPACE',''
  ) );
#8984 = ORIENTED_EDGE('',*,*,#5479,.T.);
#8985 = ORIENTED_EDGE('',*,*,#8986,.T.);
#8986 = EDGE_CURVE('',#5482,#1522,#8987,.T.);
#8987 = SURFACE_CURVE('',#8988,(#8992,#8998),.PCURVE_S1.);
#8988 = LINE('',#8989,#8990);
#8989 = CARTESIAN_POINT('',(6.755555555556,-13.11111111111,0.));
#8990 = VECTOR('',#8991,1.);
#8991 = DIRECTION('',(0.,0.,1.));
#8992 = PCURVE('',#1537,#8993);
#8993 = DEFINITIONAL_REPRESENTATION('',(#8994),#8997);
#8994 = B_SPLINE_CURVE_WITH_KNOTS('',1,(#8995,#8996),.UNSPECIFIED.,.F.,
  .F.,(2,2),(0.,30.),.PIECEWISE_BEZIER_KNOTS.);
#8995 = CARTESIAN_POINT('',(0.,-5.555555555556));
#8996 = CARTESIAN_POINT('',(30.,-5.555555555556));
#8997 = ( GEOMETRIC_REPRESENTATION_CONTEXT(2) 
PARAMETRIC_REPRESENTATION_CONTEXT() REPRESENTATION_CONTEXT('2D SPACE',''
  ) );
#8998 = PCURVE('',#1565,#8999);
#8999 = DEFINITIONAL_REPRESENTATION('',(#9000),#9003);
#9000 = B_SPLINE_CURVE_WITH_KNOTS('',1,(#9001,#9002),.UNSPECIFIED.,.F.,
  .F.,(2,2),(0.,30.),.PIECEWISE_BEZIER_KNOTS.);
#9001 = CARTESIAN_POINT('',(0.,25.422222222222));
#9002 = CARTESIAN_POINT('',(30.,25.422222222222));
#9003 = ( GEOMETRIC_REPRESENTATION_CONTEXT(2) 
PARAMETRIC_REPRESENTATION_CONTEXT() REPRESENTATION_CONTEXT('2D SPACE',''
  ) );
#9004 = ADVANCED_FACE('',(#9005),#1619,.T.);
#9005 = FACE_BOUND('',#9006,.T.);
#9006 = EDGE_LOOP('',(#9007,#9008,#9009,#9010));
#9007 = ORIENTED_EDGE('',*,*,#5550,.F.);
#9008 = ORIENTED_EDGE('',*,*,#8964,.T.);
#9009 = ORIENTED_EDGE('',*,*,#1605,.T.);
#9010 = ORIENTED_EDGE('',*,*,#9011,.F.);
#9011 = EDGE_CURVE('',#5528,#1578,#9012,.T.);
#9012 = SURFACE_CURVE('',#9013,(#9017,#9024),.PCURVE_S1.);
#9013 = LINE('',#9014,#9015);
#9014 = CARTESIAN_POINT('',(12.311111111111,-18.66666666666,0.));
#9015 = VECTOR('',#9016,1.);
#9016 = DIRECTION('',(0.,0.,1.));
#9017 = PCURVE('',#1619,#9018);
#9018 = DEFINITIONAL_REPRESENTATION('',(#9019),#9023);
#9019 = LINE('',#9020,#9021);
#9020 = CARTESIAN_POINT('',(0.,30.977777777778));
#9021 = VECTOR('',#9022,1.);
#9022 = DIRECTION('',(1.,0.));
#9023 = ( GEOMETRIC_REPRESENTATION_CONTEXT(2) 
PARAMETRIC_REPRESENTATION_CONTEXT() REPRESENTATION_CONTEXT('2D SPACE',''
  ) );
#9024 = PCURVE('',#1593,#9025);
#9025 = DEFINITIONAL_REPRESENTATION('',(#9026),#9030);
#9026 = LINE('',#9027,#9028);
#9027 = CARTESIAN_POINT('',(0.,0.));
#9028 = VECTOR('',#9029,1.);
#9029 = DIRECTION('',(1.,0.));
#9030 = ( GEOMETRIC_REPRESENTATION_CONTEXT(2) 
PARAMETRIC_REPRESENTATION_CONTEXT() REPRESENTATION_CONTEXT('2D SPACE',''
  ) );
#9031 = ADVANCED_FACE('',(#9032),#1565,.F.);
#9032 = FACE_BOUND('',#9033,.F.);
#9033 = EDGE_LOOP('',(#9034,#9035,#9036,#9037));
#9034 = ORIENTED_EDGE('',*,*,#5504,.F.);
#9035 = ORIENTED_EDGE('',*,*,#8986,.T.);
#9036 = ORIENTED_EDGE('',*,*,#1549,.T.);
#9037 = ORIENTED_EDGE('',*,*,#9038,.F.);
#9038 = EDGE_CURVE('',#5505,#1550,#9039,.T.);
#9039 = SURFACE_CURVE('',#9040,(#9044,#9050),.PCURVE_S1.);
#9040 = LINE('',#9041,#9042);
#9041 = CARTESIAN_POINT('',(12.311111111111,-13.11111111111,0.));
#9042 = VECTOR('',#9043,1.);
#9043 = DIRECTION('',(0.,0.,1.));
#9044 = PCURVE('',#1565,#9045);
#9045 = DEFINITIONAL_REPRESENTATION('',(#9046),#9049);
#9046 = B_SPLINE_CURVE_WITH_KNOTS('',1,(#9047,#9048),.UNSPECIFIED.,.F.,
  .F.,(2,2),(0.,30.),.PIECEWISE_BEZIER_KNOTS.);
#9047 = CARTESIAN_POINT('',(0.,30.977777777778));
#9048 = CARTESIAN_POINT('',(30.,30.977777777778));
#9049 = ( GEOMETRIC_REPRESENTATION_CONTEXT(2) 
PARAMETRIC_REPRESENTATION_CONTEXT() REPRESENTATION_CONTEXT('2D SPACE',''
  ) );
#9050 = PCURVE('',#1593,#9051);
#9051 = DEFINITIONAL_REPRESENTATION('',(#9052),#9055);
#9052 = B_SPLINE_CURVE_WITH_KNOTS('',1,(#9053,#9054),.UNSPECIFIED.,.F.,
  .F.,(2,2),(0.,30.),.PIECEWISE_BEZIER_KNOTS.);
#9053 = CARTESIAN_POINT('',(0.,-5.555555555556));
#9054 = CARTESIAN_POINT('',(30.,-5.555555555556));
#9055 = ( GEOMETRIC_REPRESENTATION_CONTEXT(2) 
PARAMETRIC_REPRESENTATION_CONTEXT() REPRESENTATION_CONTEXT('2D SPACE',''
  ) );
#9056 = ADVANCED_FACE('',(#9057),#1593,.F.);
#9057 = FACE_BOUND('',#9058,.F.);
#9058 = EDGE_LOOP('',(#9059,#9060,#9061,#9062));
#9059 = ORIENTED_EDGE('',*,*,#1577,.F.);
#9060 = ORIENTED_EDGE('',*,*,#9011,.F.);
#9061 = ORIENTED_EDGE('',*,*,#5527,.T.);
#9062 = ORIENTED_EDGE('',*,*,#9038,.T.);
#9063 = ADVANCED_FACE('',(#9064),#1651,.T.);
#9064 = FACE_BOUND('',#9065,.T.);
#9065 = EDGE_LOOP('',(#9066,#9067,#9088,#9089));
#9066 = ORIENTED_EDGE('',*,*,#1633,.F.);
#9067 = ORIENTED_EDGE('',*,*,#9068,.F.);
#9068 = EDGE_CURVE('',#5574,#1634,#9069,.T.);
#9069 = SURFACE_CURVE('',#9070,(#9074,#9081),.PCURVE_S1.);
#9070 = LINE('',#9071,#9072);
#9071 = CARTESIAN_POINT('',(13.111111111111,-18.66666666666,0.));
#9072 = VECTOR('',#9073,1.);
#9073 = DIRECTION('',(0.,0.,1.));
#9074 = PCURVE('',#1651,#9075);
#9075 = DEFINITIONAL_REPRESENTATION('',(#9076),#9080);
#9076 = LINE('',#9077,#9078);
#9077 = CARTESIAN_POINT('',(0.,0.));
#9078 = VECTOR('',#9079,1.);
#9079 = DIRECTION('',(1.,0.));
#9080 = ( GEOMETRIC_REPRESENTATION_CONTEXT(2) 
PARAMETRIC_REPRESENTATION_CONTEXT() REPRESENTATION_CONTEXT('2D SPACE',''
  ) );
#9081 = PCURVE('',#1733,#9082);
#9082 = DEFINITIONAL_REPRESENTATION('',(#9083),#9087);
#9083 = LINE('',#9084,#9085);
#9084 = CARTESIAN_POINT('',(0.,31.777777777778));
#9085 = VECTOR('',#9086,1.);
#9086 = DIRECTION('',(1.,0.));
#9087 = ( GEOMETRIC_REPRESENTATION_CONTEXT(2) 
PARAMETRIC_REPRESENTATION_CONTEXT() REPRESENTATION_CONTEXT('2D SPACE',''
  ) );
#9088 = ORIENTED_EDGE('',*,*,#5573,.T.);
#9089 = ORIENTED_EDGE('',*,*,#9090,.T.);
#9090 = EDGE_CURVE('',#5576,#1636,#9091,.T.);
#9091 = SURFACE_CURVE('',#9092,(#9096,#9102),.PCURVE_S1.);
#9092 = LINE('',#9093,#9094);
#9093 = CARTESIAN_POINT('',(13.111111111111,-13.11111111111,0.));
#9094 = VECTOR('',#9095,1.);
#9095 = DIRECTION('',(0.,0.,1.));
#9096 = PCURVE('',#1651,#9097);
#9097 = DEFINITIONAL_REPRESENTATION('',(#9098),#9101);
#9098 = B_SPLINE_CURVE_WITH_KNOTS('',1,(#9099,#9100),.UNSPECIFIED.,.F.,
  .F.,(2,2),(0.,30.),.PIECEWISE_BEZIER_KNOTS.);
#9099 = CARTESIAN_POINT('',(0.,-5.555555555556));
#9100 = CARTESIAN_POINT('',(30.,-5.555555555556));
#9101 = ( GEOMETRIC_REPRESENTATION_CONTEXT(2) 
PARAMETRIC_REPRESENTATION_CONTEXT() REPRESENTATION_CONTEXT('2D SPACE',''
  ) );
#9102 = PCURVE('',#1679,#9103);
#9103 = DEFINITIONAL_REPRESENTATION('',(#9104),#9107);
#9104 = B_SPLINE_CURVE_WITH_KNOTS('',1,(#9105,#9106),.UNSPECIFIED.,.F.,
  .F.,(2,2),(0.,30.),.PIECEWISE_BEZIER_KNOTS.);
#9105 = CARTESIAN_POINT('',(0.,31.777777777778));
#9106 = CARTESIAN_POINT('',(30.,31.777777777778));
#9107 = ( GEOMETRIC_REPRESENTATION_CONTEXT(2) 
PARAMETRIC_REPRESENTATION_CONTEXT() REPRESENTATION_CONTEXT('2D SPACE',''
  ) );
#9108 = ADVANCED_FACE('',(#9109),#1733,.T.);
#9109 = FACE_BOUND('',#9110,.T.);
#9110 = EDGE_LOOP('',(#9111,#9112,#9113,#9114));
#9111 = ORIENTED_EDGE('',*,*,#5644,.F.);
#9112 = ORIENTED_EDGE('',*,*,#9068,.T.);
#9113 = ORIENTED_EDGE('',*,*,#1719,.T.);
#9114 = ORIENTED_EDGE('',*,*,#9115,.F.);
#9115 = EDGE_CURVE('',#5622,#1692,#9116,.T.);
#9116 = SURFACE_CURVE('',#9117,(#9121,#9128),.PCURVE_S1.);
#9117 = LINE('',#9118,#9119);
#9118 = CARTESIAN_POINT('',(18.666666666667,-18.66666666666,0.));
#9119 = VECTOR('',#9120,1.);
#9120 = DIRECTION('',(0.,0.,1.));
#9121 = PCURVE('',#1733,#9122);
#9122 = DEFINITIONAL_REPRESENTATION('',(#9123),#9127);
#9123 = LINE('',#9124,#9125);
#9124 = CARTESIAN_POINT('',(0.,37.333333333333));
#9125 = VECTOR('',#9126,1.);
#9126 = DIRECTION('',(1.,0.));
#9127 = ( GEOMETRIC_REPRESENTATION_CONTEXT(2) 
PARAMETRIC_REPRESENTATION_CONTEXT() REPRESENTATION_CONTEXT('2D SPACE',''
  ) );
#9128 = PCURVE('',#1707,#9129);
#9129 = DEFINITIONAL_REPRESENTATION('',(#9130),#9134);
#9130 = LINE('',#9131,#9132);
#9131 = CARTESIAN_POINT('',(0.,0.));
#9132 = VECTOR('',#9133,1.);
#9133 = DIRECTION('',(1.,0.));
#9134 = ( GEOMETRIC_REPRESENTATION_CONTEXT(2) 
PARAMETRIC_REPRESENTATION_CONTEXT() REPRESENTATION_CONTEXT('2D SPACE',''
  ) );
#9135 = ADVANCED_FACE('',(#9136),#1679,.F.);
#9136 = FACE_BOUND('',#9137,.F.);
#9137 = EDGE_LOOP('',(#9138,#9139,#9140,#9141));
#9138 = ORIENTED_EDGE('',*,*,#5598,.F.);
#9139 = ORIENTED_EDGE('',*,*,#9090,.T.);
#9140 = ORIENTED_EDGE('',*,*,#1663,.T.);
#9141 = ORIENTED_EDGE('',*,*,#9142,.F.);
#9142 = EDGE_CURVE('',#5599,#1664,#9143,.T.);
#9143 = SURFACE_CURVE('',#9144,(#9148,#9155),.PCURVE_S1.);
#9144 = LINE('',#9145,#9146);
#9145 = CARTESIAN_POINT('',(18.666666666667,-13.11111111111,0.));
#9146 = VECTOR('',#9147,1.);
#9147 = DIRECTION('',(0.,0.,1.));
#9148 = PCURVE('',#1679,#9149);
#9149 = DEFINITIONAL_REPRESENTATION('',(#9150),#9154);
#9150 = LINE('',#9151,#9152);
#9151 = CARTESIAN_POINT('',(0.,37.333333333333));
#9152 = VECTOR('',#9153,1.);
#9153 = DIRECTION('',(1.,0.));
#9154 = ( GEOMETRIC_REPRESENTATION_CONTEXT(2) 
PARAMETRIC_REPRESENTATION_CONTEXT() REPRESENTATION_CONTEXT('2D SPACE',''
  ) );
#9155 = PCURVE('',#1707,#9156);
#9156 = DEFINITIONAL_REPRESENTATION('',(#9157),#9161);
#9157 = LINE('',#9158,#9159);
#9158 = CARTESIAN_POINT('',(0.,-5.555555555556));
#9159 = VECTOR('',#9160,1.);
#9160 = DIRECTION('',(1.,0.));
#9161 = ( GEOMETRIC_REPRESENTATION_CONTEXT(2) 
PARAMETRIC_REPRESENTATION_CONTEXT() REPRESENTATION_CONTEXT('2D SPACE',''
  ) );
#9162 = ADVANCED_FACE('',(#9163),#1707,.F.);
#9163 = FACE_BOUND('',#9164,.F.);
#9164 = EDGE_LOOP('',(#9165,#9166,#9167,#9168));
#9165 = ORIENTED_EDGE('',*,*,#1691,.F.);
#9166 = ORIENTED_EDGE('',*,*,#9115,.F.);
#9167 = ORIENTED_EDGE('',*,*,#5621,.T.);
#9168 = ORIENTED_EDGE('',*,*,#9142,.T.);
#9169 = ADVANCED_FACE('',(#9170),#1765,.T.);
#9170 = FACE_BOUND('',#9171,.T.);
#9171 = EDGE_LOOP('',(#9172,#9173,#9192,#9193));
#9172 = ORIENTED_EDGE('',*,*,#1747,.F.);
#9173 = ORIENTED_EDGE('',*,*,#9174,.F.);
#9174 = EDGE_CURVE('',#5668,#1748,#9175,.T.);
#9175 = SURFACE_CURVE('',#9176,(#9180,#9186),.PCURVE_S1.);
#9176 = LINE('',#9177,#9178);
#9177 = CARTESIAN_POINT('',(6.755555555556,-12.31111111111,0.));
#9178 = VECTOR('',#9179,1.);
#9179 = DIRECTION('',(0.,0.,1.));
#9180 = PCURVE('',#1765,#9181);
#9181 = DEFINITIONAL_REPRESENTATION('',(#9182),#9185);
#9182 = B_SPLINE_CURVE_WITH_KNOTS('',1,(#9183,#9184),.UNSPECIFIED.,.F.,
  .F.,(2,2),(0.,30.),.PIECEWISE_BEZIER_KNOTS.);
#9183 = CARTESIAN_POINT('',(0.,-6.355555555556));
#9184 = CARTESIAN_POINT('',(30.,-6.355555555556));
#9185 = ( GEOMETRIC_REPRESENTATION_CONTEXT(2) 
PARAMETRIC_REPRESENTATION_CONTEXT() REPRESENTATION_CONTEXT('2D SPACE',''
  ) );
#9186 = PCURVE('',#1847,#9187);
#9187 = DEFINITIONAL_REPRESENTATION('',(#9188),#9191);
#9188 = B_SPLINE_CURVE_WITH_KNOTS('',1,(#9189,#9190),.UNSPECIFIED.,.F.,
  .F.,(2,2),(0.,30.),.PIECEWISE_BEZIER_KNOTS.);
#9189 = CARTESIAN_POINT('',(0.,25.422222222222));
#9190 = CARTESIAN_POINT('',(30.,25.422222222222));
#9191 = ( GEOMETRIC_REPRESENTATION_CONTEXT(2) 
PARAMETRIC_REPRESENTATION_CONTEXT() REPRESENTATION_CONTEXT('2D SPACE',''
  ) );
#9192 = ORIENTED_EDGE('',*,*,#5667,.T.);
#9193 = ORIENTED_EDGE('',*,*,#9194,.T.);
#9194 = EDGE_CURVE('',#5670,#1750,#9195,.T.);
#9195 = SURFACE_CURVE('',#9196,(#9200,#9206),.PCURVE_S1.);
#9196 = LINE('',#9197,#9198);
#9197 = CARTESIAN_POINT('',(6.755555555556,-6.755555555556,0.));
#9198 = VECTOR('',#9199,1.);
#9199 = DIRECTION('',(0.,0.,1.));
#9200 = PCURVE('',#1765,#9201);
#9201 = DEFINITIONAL_REPRESENTATION('',(#9202),#9205);
#9202 = B_SPLINE_CURVE_WITH_KNOTS('',1,(#9203,#9204),.UNSPECIFIED.,.F.,
  .F.,(2,2),(0.,30.),.PIECEWISE_BEZIER_KNOTS.);
#9203 = CARTESIAN_POINT('',(0.,-11.91111111111));
#9204 = CARTESIAN_POINT('',(30.,-11.91111111111));
#9205 = ( GEOMETRIC_REPRESENTATION_CONTEXT(2) 
PARAMETRIC_REPRESENTATION_CONTEXT() REPRESENTATION_CONTEXT('2D SPACE',''
  ) );
#9206 = PCURVE('',#1793,#9207);
#9207 = DEFINITIONAL_REPRESENTATION('',(#9208),#9211);
#9208 = B_SPLINE_CURVE_WITH_KNOTS('',1,(#9209,#9210),.UNSPECIFIED.,.F.,
  .F.,(2,2),(0.,30.),.PIECEWISE_BEZIER_KNOTS.);
#9209 = CARTESIAN_POINT('',(0.,25.422222222222));
#9210 = CARTESIAN_POINT('',(30.,25.422222222222));
#9211 = ( GEOMETRIC_REPRESENTATION_CONTEXT(2) 
PARAMETRIC_REPRESENTATION_CONTEXT() REPRESENTATION_CONTEXT('2D SPACE',''
  ) );
#9212 = ADVANCED_FACE('',(#9213),#1847,.T.);
#9213 = FACE_BOUND('',#9214,.T.);
#9214 = EDGE_LOOP('',(#9215,#9216,#9217,#9218));
#9215 = ORIENTED_EDGE('',*,*,#5738,.F.);
#9216 = ORIENTED_EDGE('',*,*,#9174,.T.);
#9217 = ORIENTED_EDGE('',*,*,#1833,.T.);
#9218 = ORIENTED_EDGE('',*,*,#9219,.F.);
#9219 = EDGE_CURVE('',#5716,#1806,#9220,.T.);
#9220 = SURFACE_CURVE('',#9221,(#9225,#9231),.PCURVE_S1.);
#9221 = LINE('',#9222,#9223);
#9222 = CARTESIAN_POINT('',(12.311111111111,-12.31111111111,0.));
#9223 = VECTOR('',#9224,1.);
#9224 = DIRECTION('',(0.,0.,1.));
#9225 = PCURVE('',#1847,#9226);
#9226 = DEFINITIONAL_REPRESENTATION('',(#9227),#9230);
#9227 = B_SPLINE_CURVE_WITH_KNOTS('',1,(#9228,#9229),.UNSPECIFIED.,.F.,
  .F.,(2,2),(0.,30.),.PIECEWISE_BEZIER_KNOTS.);
#9228 = CARTESIAN_POINT('',(0.,30.977777777778));
#9229 = CARTESIAN_POINT('',(30.,30.977777777778));
#9230 = ( GEOMETRIC_REPRESENTATION_CONTEXT(2) 
PARAMETRIC_REPRESENTATION_CONTEXT() REPRESENTATION_CONTEXT('2D SPACE',''
  ) );
#9231 = PCURVE('',#1821,#9232);
#9232 = DEFINITIONAL_REPRESENTATION('',(#9233),#9236);
#9233 = B_SPLINE_CURVE_WITH_KNOTS('',1,(#9234,#9235),.UNSPECIFIED.,.F.,
  .F.,(2,2),(0.,30.),.PIECEWISE_BEZIER_KNOTS.);
#9234 = CARTESIAN_POINT('',(0.,-6.355555555556));
#9235 = CARTESIAN_POINT('',(30.,-6.355555555556));
#9236 = ( GEOMETRIC_REPRESENTATION_CONTEXT(2) 
PARAMETRIC_REPRESENTATION_CONTEXT() REPRESENTATION_CONTEXT('2D SPACE',''
  ) );
#9237 = ADVANCED_FACE('',(#9238),#1793,.F.);
#9238 = FACE_BOUND('',#9239,.F.);
#9239 = EDGE_LOOP('',(#9240,#9241,#9242,#9243));
#9240 = ORIENTED_EDGE('',*,*,#5692,.F.);
#9241 = ORIENTED_EDGE('',*,*,#9194,.T.);
#9242 = ORIENTED_EDGE('',*,*,#1777,.T.);
#9243 = ORIENTED_EDGE('',*,*,#9244,.F.);
#9244 = EDGE_CURVE('',#5693,#1778,#9245,.T.);
#9245 = SURFACE_CURVE('',#9246,(#9250,#9256),.PCURVE_S1.);
#9246 = LINE('',#9247,#9248);
#9247 = CARTESIAN_POINT('',(12.311111111111,-6.755555555556,0.));
#9248 = VECTOR('',#9249,1.);
#9249 = DIRECTION('',(0.,0.,1.));
#9250 = PCURVE('',#1793,#9251);
#9251 = DEFINITIONAL_REPRESENTATION('',(#9252),#9255);
#9252 = B_SPLINE_CURVE_WITH_KNOTS('',1,(#9253,#9254),.UNSPECIFIED.,.F.,
  .F.,(2,2),(0.,30.),.PIECEWISE_BEZIER_KNOTS.);
#9253 = CARTESIAN_POINT('',(0.,30.977777777778));
#9254 = CARTESIAN_POINT('',(30.,30.977777777778));
#9255 = ( GEOMETRIC_REPRESENTATION_CONTEXT(2) 
PARAMETRIC_REPRESENTATION_CONTEXT() REPRESENTATION_CONTEXT('2D SPACE',''
  ) );
#9256 = PCURVE('',#1821,#9257);
#9257 = DEFINITIONAL_REPRESENTATION('',(#9258),#9261);
#9258 = B_SPLINE_CURVE_WITH_KNOTS('',1,(#9259,#9260),.UNSPECIFIED.,.F.,
  .F.,(2,2),(0.,30.),.PIECEWISE_BEZIER_KNOTS.);
#9259 = CARTESIAN_POINT('',(0.,-11.91111111111));
#9260 = CARTESIAN_POINT('',(30.,-11.91111111111));
#9261 = ( GEOMETRIC_REPRESENTATION_CONTEXT(2) 
PARAMETRIC_REPRESENTATION_CONTEXT() REPRESENTATION_CONTEXT('2D SPACE',''
  ) );
#9262 = ADVANCED_FACE('',(#9263),#1821,.F.);
#9263 = FACE_BOUND('',#9264,.F.);
#9264 = EDGE_LOOP('',(#9265,#9266,#9267,#9268));
#9265 = ORIENTED_EDGE('',*,*,#1805,.F.);
#9266 = ORIENTED_EDGE('',*,*,#9219,.F.);
#9267 = ORIENTED_EDGE('',*,*,#5715,.T.);
#9268 = ORIENTED_EDGE('',*,*,#9244,.T.);
#9269 = ADVANCED_FACE('',(#9270),#1879,.F.);
#9270 = FACE_BOUND('',#9271,.F.);
#9271 = EDGE_LOOP('',(#9272,#9273,#9294,#9295));
#9272 = ORIENTED_EDGE('',*,*,#1861,.F.);
#9273 = ORIENTED_EDGE('',*,*,#9274,.F.);
#9274 = EDGE_CURVE('',#5762,#1862,#9275,.T.);
#9275 = SURFACE_CURVE('',#9276,(#9280,#9287),.PCURVE_S1.);
#9276 = LINE('',#9277,#9278);
#9277 = CARTESIAN_POINT('',(18.666666666667,-12.31111111111,0.));
#9278 = VECTOR('',#9279,1.);
#9279 = DIRECTION('',(0.,0.,1.));
#9280 = PCURVE('',#1879,#9281);
#9281 = DEFINITIONAL_REPRESENTATION('',(#9282),#9286);
#9282 = LINE('',#9283,#9284);
#9283 = CARTESIAN_POINT('',(0.,-6.355555555556));
#9284 = VECTOR('',#9285,1.);
#9285 = DIRECTION('',(1.,0.));
#9286 = ( GEOMETRIC_REPRESENTATION_CONTEXT(2) 
PARAMETRIC_REPRESENTATION_CONTEXT() REPRESENTATION_CONTEXT('2D SPACE',''
  ) );
#9287 = PCURVE('',#1907,#9288);
#9288 = DEFINITIONAL_REPRESENTATION('',(#9289),#9293);
#9289 = LINE('',#9290,#9291);
#9290 = CARTESIAN_POINT('',(0.,37.333333333333));
#9291 = VECTOR('',#9292,1.);
#9292 = DIRECTION('',(1.,0.));
#9293 = ( GEOMETRIC_REPRESENTATION_CONTEXT(2) 
PARAMETRIC_REPRESENTATION_CONTEXT() REPRESENTATION_CONTEXT('2D SPACE',''
  ) );
#9294 = ORIENTED_EDGE('',*,*,#5761,.T.);
#9295 = ORIENTED_EDGE('',*,*,#9296,.T.);
#9296 = EDGE_CURVE('',#5764,#1864,#9297,.T.);
#9297 = SURFACE_CURVE('',#9298,(#9302,#9309),.PCURVE_S1.);
#9298 = LINE('',#9299,#9300);
#9299 = CARTESIAN_POINT('',(18.666666666667,-6.755555555556,0.));
#9300 = VECTOR('',#9301,1.);
#9301 = DIRECTION('',(0.,0.,1.));
#9302 = PCURVE('',#1879,#9303);
#9303 = DEFINITIONAL_REPRESENTATION('',(#9304),#9308);
#9304 = LINE('',#9305,#9306);
#9305 = CARTESIAN_POINT('',(0.,-11.91111111111));
#9306 = VECTOR('',#9307,1.);
#9307 = DIRECTION('',(1.,0.));
#9308 = ( GEOMETRIC_REPRESENTATION_CONTEXT(2) 
PARAMETRIC_REPRESENTATION_CONTEXT() REPRESENTATION_CONTEXT('2D SPACE',''
  ) );
#9309 = PCURVE('',#1961,#9310);
#9310 = DEFINITIONAL_REPRESENTATION('',(#9311),#9315);
#9311 = LINE('',#9312,#9313);
#9312 = CARTESIAN_POINT('',(0.,37.333333333333));
#9313 = VECTOR('',#9314,1.);
#9314 = DIRECTION('',(1.,0.));
#9315 = ( GEOMETRIC_REPRESENTATION_CONTEXT(2) 
PARAMETRIC_REPRESENTATION_CONTEXT() REPRESENTATION_CONTEXT('2D SPACE',''
  ) );
#9316 = ADVANCED_FACE('',(#9317),#1907,.T.);
#9317 = FACE_BOUND('',#9318,.T.);
#9318 = EDGE_LOOP('',(#9319,#9320,#9339,#9340));
#9319 = ORIENTED_EDGE('',*,*,#5786,.F.);
#9320 = ORIENTED_EDGE('',*,*,#9321,.T.);
#9321 = EDGE_CURVE('',#5787,#1892,#9322,.T.);
#9322 = SURFACE_CURVE('',#9323,(#9327,#9333),.PCURVE_S1.);
#9323 = LINE('',#9324,#9325);
#9324 = CARTESIAN_POINT('',(13.111111111111,-12.31111111111,0.));
#9325 = VECTOR('',#9326,1.);
#9326 = DIRECTION('',(0.,0.,1.));
#9327 = PCURVE('',#1907,#9328);
#9328 = DEFINITIONAL_REPRESENTATION('',(#9329),#9332);
#9329 = B_SPLINE_CURVE_WITH_KNOTS('',1,(#9330,#9331),.UNSPECIFIED.,.F.,
  .F.,(2,2),(0.,30.),.PIECEWISE_BEZIER_KNOTS.);
#9330 = CARTESIAN_POINT('',(0.,31.777777777778));
#9331 = CARTESIAN_POINT('',(30.,31.777777777778));
#9332 = ( GEOMETRIC_REPRESENTATION_CONTEXT(2) 
PARAMETRIC_REPRESENTATION_CONTEXT() REPRESENTATION_CONTEXT('2D SPACE',''
  ) );
#9333 = PCURVE('',#1935,#9334);
#9334 = DEFINITIONAL_REPRESENTATION('',(#9335),#9338);
#9335 = B_SPLINE_CURVE_WITH_KNOTS('',1,(#9336,#9337),.UNSPECIFIED.,.F.,
  .F.,(2,2),(0.,30.),.PIECEWISE_BEZIER_KNOTS.);
#9336 = CARTESIAN_POINT('',(0.,-6.355555555556));
#9337 = CARTESIAN_POINT('',(30.,-6.355555555556));
#9338 = ( GEOMETRIC_REPRESENTATION_CONTEXT(2) 
PARAMETRIC_REPRESENTATION_CONTEXT() REPRESENTATION_CONTEXT('2D SPACE',''
  ) );
#9339 = ORIENTED_EDGE('',*,*,#1891,.T.);
#9340 = ORIENTED_EDGE('',*,*,#9274,.F.);
#9341 = ADVANCED_FACE('',(#9342),#1961,.F.);
#9342 = FACE_BOUND('',#9343,.F.);
#9343 = EDGE_LOOP('',(#9344,#9345,#9364,#9365));
#9344 = ORIENTED_EDGE('',*,*,#5832,.F.);
#9345 = ORIENTED_EDGE('',*,*,#9346,.T.);
#9346 = EDGE_CURVE('',#5810,#1920,#9347,.T.);
#9347 = SURFACE_CURVE('',#9348,(#9352,#9358),.PCURVE_S1.);
#9348 = LINE('',#9349,#9350);
#9349 = CARTESIAN_POINT('',(13.111111111111,-6.755555555556,0.));
#9350 = VECTOR('',#9351,1.);
#9351 = DIRECTION('',(0.,0.,1.));
#9352 = PCURVE('',#1961,#9353);
#9353 = DEFINITIONAL_REPRESENTATION('',(#9354),#9357);
#9354 = B_SPLINE_CURVE_WITH_KNOTS('',1,(#9355,#9356),.UNSPECIFIED.,.F.,
  .F.,(2,2),(0.,30.),.PIECEWISE_BEZIER_KNOTS.);
#9355 = CARTESIAN_POINT('',(0.,31.777777777778));
#9356 = CARTESIAN_POINT('',(30.,31.777777777778));
#9357 = ( GEOMETRIC_REPRESENTATION_CONTEXT(2) 
PARAMETRIC_REPRESENTATION_CONTEXT() REPRESENTATION_CONTEXT('2D SPACE',''
  ) );
#9358 = PCURVE('',#1935,#9359);
#9359 = DEFINITIONAL_REPRESENTATION('',(#9360),#9363);
#9360 = B_SPLINE_CURVE_WITH_KNOTS('',1,(#9361,#9362),.UNSPECIFIED.,.F.,
  .F.,(2,2),(0.,30.),.PIECEWISE_BEZIER_KNOTS.);
#9361 = CARTESIAN_POINT('',(0.,-11.91111111111));
#9362 = CARTESIAN_POINT('',(30.,-11.91111111111));
#9363 = ( GEOMETRIC_REPRESENTATION_CONTEXT(2) 
PARAMETRIC_REPRESENTATION_CONTEXT() REPRESENTATION_CONTEXT('2D SPACE',''
  ) );
#9364 = ORIENTED_EDGE('',*,*,#1947,.T.);
#9365 = ORIENTED_EDGE('',*,*,#9296,.F.);
#9366 = ADVANCED_FACE('',(#9367),#1935,.T.);
#9367 = FACE_BOUND('',#9368,.T.);
#9368 = EDGE_LOOP('',(#9369,#9370,#9371,#9372));
#9369 = ORIENTED_EDGE('',*,*,#1919,.F.);
#9370 = ORIENTED_EDGE('',*,*,#9321,.F.);
#9371 = ORIENTED_EDGE('',*,*,#5809,.T.);
#9372 = ORIENTED_EDGE('',*,*,#9346,.T.);
#9373 = ADVANCED_FACE('',(#9374),#1993,.T.);
#9374 = FACE_BOUND('',#9375,.T.);
#9375 = EDGE_LOOP('',(#9376,#9377,#9396,#9397));
#9376 = ORIENTED_EDGE('',*,*,#1975,.F.);
#9377 = ORIENTED_EDGE('',*,*,#9378,.F.);
#9378 = EDGE_CURVE('',#5856,#1976,#9379,.T.);
#9379 = SURFACE_CURVE('',#9380,(#9384,#9390),.PCURVE_S1.);
#9380 = LINE('',#9381,#9382);
#9381 = CARTESIAN_POINT('',(0.4,-5.955555555556,0.));
#9382 = VECTOR('',#9383,1.);
#9383 = DIRECTION('',(0.,0.,1.));
#9384 = PCURVE('',#1993,#9385);
#9385 = DEFINITIONAL_REPRESENTATION('',(#9386),#9389);
#9386 = B_SPLINE_CURVE_WITH_KNOTS('',1,(#9387,#9388),.UNSPECIFIED.,.F.,
  .F.,(2,2),(0.,30.),.PIECEWISE_BEZIER_KNOTS.);
#9387 = CARTESIAN_POINT('',(0.,-12.71111111111));
#9388 = CARTESIAN_POINT('',(30.,-12.71111111111));
#9389 = ( GEOMETRIC_REPRESENTATION_CONTEXT(2) 
PARAMETRIC_REPRESENTATION_CONTEXT() REPRESENTATION_CONTEXT('2D SPACE',''
  ) );
#9390 = PCURVE('',#2075,#9391);
#9391 = DEFINITIONAL_REPRESENTATION('',(#9392),#9395);
#9392 = B_SPLINE_CURVE_WITH_KNOTS('',1,(#9393,#9394),.UNSPECIFIED.,.F.,
  .F.,(2,2),(0.,30.),.PIECEWISE_BEZIER_KNOTS.);
#9393 = CARTESIAN_POINT('',(0.,19.066666666667));
#9394 = CARTESIAN_POINT('',(30.,19.066666666667));
#9395 = ( GEOMETRIC_REPRESENTATION_CONTEXT(2) 
PARAMETRIC_REPRESENTATION_CONTEXT() REPRESENTATION_CONTEXT('2D SPACE',''
  ) );
#9396 = ORIENTED_EDGE('',*,*,#5855,.T.);
#9397 = ORIENTED_EDGE('',*,*,#9398,.T.);
#9398 = EDGE_CURVE('',#5858,#1978,#9399,.T.);
#9399 = SURFACE_CURVE('',#9400,(#9404,#9410),.PCURVE_S1.);
#9400 = LINE('',#9401,#9402);
#9401 = CARTESIAN_POINT('',(0.4,-0.4,0.));
#9402 = VECTOR('',#9403,1.);
#9403 = DIRECTION('',(0.,0.,1.));
#9404 = PCURVE('',#1993,#9405);
#9405 = DEFINITIONAL_REPRESENTATION('',(#9406),#9409);
#9406 = B_SPLINE_CURVE_WITH_KNOTS('',1,(#9407,#9408),.UNSPECIFIED.,.F.,
  .F.,(2,2),(0.,30.),.PIECEWISE_BEZIER_KNOTS.);
#9407 = CARTESIAN_POINT('',(0.,-18.26666666666));
#9408 = CARTESIAN_POINT('',(30.,-18.26666666666));
#9409 = ( GEOMETRIC_REPRESENTATION_CONTEXT(2) 
PARAMETRIC_REPRESENTATION_CONTEXT() REPRESENTATION_CONTEXT('2D SPACE',''
  ) );
#9410 = PCURVE('',#2021,#9411);
#9411 = DEFINITIONAL_REPRESENTATION('',(#9412),#9415);
#9412 = B_SPLINE_CURVE_WITH_KNOTS('',1,(#9413,#9414),.UNSPECIFIED.,.F.,
  .F.,(2,2),(0.,30.),.PIECEWISE_BEZIER_KNOTS.);
#9413 = CARTESIAN_POINT('',(0.,19.066666666667));
#9414 = CARTESIAN_POINT('',(30.,19.066666666667));
#9415 = ( GEOMETRIC_REPRESENTATION_CONTEXT(2) 
PARAMETRIC_REPRESENTATION_CONTEXT() REPRESENTATION_CONTEXT('2D SPACE',''
  ) );
#9416 = ADVANCED_FACE('',(#9417),#2075,.T.);
#9417 = FACE_BOUND('',#9418,.T.);
#9418 = EDGE_LOOP('',(#9419,#9420,#9421,#9422));
#9419 = ORIENTED_EDGE('',*,*,#5926,.F.);
#9420 = ORIENTED_EDGE('',*,*,#9378,.T.);
#9421 = ORIENTED_EDGE('',*,*,#2061,.T.);
#9422 = ORIENTED_EDGE('',*,*,#9423,.F.);
#9423 = EDGE_CURVE('',#5904,#2034,#9424,.T.);
#9424 = SURFACE_CURVE('',#9425,(#9429,#9435),.PCURVE_S1.);
#9425 = LINE('',#9426,#9427);
#9426 = CARTESIAN_POINT('',(5.955555555556,-5.955555555556,0.));
#9427 = VECTOR('',#9428,1.);
#9428 = DIRECTION('',(0.,0.,1.));
#9429 = PCURVE('',#2075,#9430);
#9430 = DEFINITIONAL_REPRESENTATION('',(#9431),#9434);
#9431 = B_SPLINE_CURVE_WITH_KNOTS('',1,(#9432,#9433),.UNSPECIFIED.,.F.,
  .F.,(2,2),(0.,30.),.PIECEWISE_BEZIER_KNOTS.);
#9432 = CARTESIAN_POINT('',(0.,24.622222222222));
#9433 = CARTESIAN_POINT('',(30.,24.622222222222));
#9434 = ( GEOMETRIC_REPRESENTATION_CONTEXT(2) 
PARAMETRIC_REPRESENTATION_CONTEXT() REPRESENTATION_CONTEXT('2D SPACE',''
  ) );
#9435 = PCURVE('',#2049,#9436);
#9436 = DEFINITIONAL_REPRESENTATION('',(#9437),#9440);
#9437 = B_SPLINE_CURVE_WITH_KNOTS('',1,(#9438,#9439),.UNSPECIFIED.,.F.,
  .F.,(2,2),(0.,30.),.PIECEWISE_BEZIER_KNOTS.);
#9438 = CARTESIAN_POINT('',(0.,-12.71111111111));
#9439 = CARTESIAN_POINT('',(30.,-12.71111111111));
#9440 = ( GEOMETRIC_REPRESENTATION_CONTEXT(2) 
PARAMETRIC_REPRESENTATION_CONTEXT() REPRESENTATION_CONTEXT('2D SPACE',''
  ) );
#9441 = ADVANCED_FACE('',(#9442),#2021,.F.);
#9442 = FACE_BOUND('',#9443,.F.);
#9443 = EDGE_LOOP('',(#9444,#9445,#9446,#9447));
#9444 = ORIENTED_EDGE('',*,*,#5880,.F.);
#9445 = ORIENTED_EDGE('',*,*,#9398,.T.);
#9446 = ORIENTED_EDGE('',*,*,#2005,.T.);
#9447 = ORIENTED_EDGE('',*,*,#9448,.F.);
#9448 = EDGE_CURVE('',#5881,#2006,#9449,.T.);
#9449 = SURFACE_CURVE('',#9450,(#9454,#9460),.PCURVE_S1.);
#9450 = LINE('',#9451,#9452);
#9451 = CARTESIAN_POINT('',(5.955555555556,-0.4,0.));
#9452 = VECTOR('',#9453,1.);
#9453 = DIRECTION('',(0.,0.,1.));
#9454 = PCURVE('',#2021,#9455);
#9455 = DEFINITIONAL_REPRESENTATION('',(#9456),#9459);
#9456 = B_SPLINE_CURVE_WITH_KNOTS('',1,(#9457,#9458),.UNSPECIFIED.,.F.,
  .F.,(2,2),(0.,30.),.PIECEWISE_BEZIER_KNOTS.);
#9457 = CARTESIAN_POINT('',(0.,24.622222222222));
#9458 = CARTESIAN_POINT('',(30.,24.622222222222));
#9459 = ( GEOMETRIC_REPRESENTATION_CONTEXT(2) 
PARAMETRIC_REPRESENTATION_CONTEXT() REPRESENTATION_CONTEXT('2D SPACE',''
  ) );
#9460 = PCURVE('',#2049,#9461);
#9461 = DEFINITIONAL_REPRESENTATION('',(#9462),#9465);
#9462 = B_SPLINE_CURVE_WITH_KNOTS('',1,(#9463,#9464),.UNSPECIFIED.,.F.,
  .F.,(2,2),(0.,30.),.PIECEWISE_BEZIER_KNOTS.);
#9463 = CARTESIAN_POINT('',(0.,-18.26666666666));
#9464 = CARTESIAN_POINT('',(30.,-18.26666666666));
#9465 = ( GEOMETRIC_REPRESENTATION_CONTEXT(2) 
PARAMETRIC_REPRESENTATION_CONTEXT() REPRESENTATION_CONTEXT('2D SPACE',''
  ) );
#9466 = ADVANCED_FACE('',(#9467),#2049,.F.);
#9467 = FACE_BOUND('',#9468,.F.);
#9468 = EDGE_LOOP('',(#9469,#9470,#9471,#9472));
#9469 = ORIENTED_EDGE('',*,*,#2033,.F.);
#9470 = ORIENTED_EDGE('',*,*,#9423,.F.);
#9471 = ORIENTED_EDGE('',*,*,#5903,.T.);
#9472 = ORIENTED_EDGE('',*,*,#9448,.T.);
#9473 = ADVANCED_FACE('',(#9474),#2107,.T.);
#9474 = FACE_BOUND('',#9475,.T.);
#9475 = EDGE_LOOP('',(#9476,#9477,#9496,#9497));
#9476 = ORIENTED_EDGE('',*,*,#2089,.F.);
#9477 = ORIENTED_EDGE('',*,*,#9478,.F.);
#9478 = EDGE_CURVE('',#5950,#2090,#9479,.T.);
#9479 = SURFACE_CURVE('',#9480,(#9484,#9490),.PCURVE_S1.);
#9480 = LINE('',#9481,#9482);
#9481 = CARTESIAN_POINT('',(6.755555555556,-5.955555555556,0.));
#9482 = VECTOR('',#9483,1.);
#9483 = DIRECTION('',(0.,0.,1.));
#9484 = PCURVE('',#2107,#9485);
#9485 = DEFINITIONAL_REPRESENTATION('',(#9486),#9489);
#9486 = B_SPLINE_CURVE_WITH_KNOTS('',1,(#9487,#9488),.UNSPECIFIED.,.F.,
  .F.,(2,2),(0.,30.),.PIECEWISE_BEZIER_KNOTS.);
#9487 = CARTESIAN_POINT('',(0.,-12.71111111111));
#9488 = CARTESIAN_POINT('',(30.,-12.71111111111));
#9489 = ( GEOMETRIC_REPRESENTATION_CONTEXT(2) 
PARAMETRIC_REPRESENTATION_CONTEXT() REPRESENTATION_CONTEXT('2D SPACE',''
  ) );
#9490 = PCURVE('',#2189,#9491);
#9491 = DEFINITIONAL_REPRESENTATION('',(#9492),#9495);
#9492 = B_SPLINE_CURVE_WITH_KNOTS('',1,(#9493,#9494),.UNSPECIFIED.,.F.,
  .F.,(2,2),(0.,30.),.PIECEWISE_BEZIER_KNOTS.);
#9493 = CARTESIAN_POINT('',(0.,25.422222222222));
#9494 = CARTESIAN_POINT('',(30.,25.422222222222));
#9495 = ( GEOMETRIC_REPRESENTATION_CONTEXT(2) 
PARAMETRIC_REPRESENTATION_CONTEXT() REPRESENTATION_CONTEXT('2D SPACE',''
  ) );
#9496 = ORIENTED_EDGE('',*,*,#5949,.T.);
#9497 = ORIENTED_EDGE('',*,*,#9498,.T.);
#9498 = EDGE_CURVE('',#5952,#2092,#9499,.T.);
#9499 = SURFACE_CURVE('',#9500,(#9504,#9510),.PCURVE_S1.);
#9500 = LINE('',#9501,#9502);
#9501 = CARTESIAN_POINT('',(6.755555555556,-0.4,0.));
#9502 = VECTOR('',#9503,1.);
#9503 = DIRECTION('',(0.,0.,1.));
#9504 = PCURVE('',#2107,#9505);
#9505 = DEFINITIONAL_REPRESENTATION('',(#9506),#9509);
#9506 = B_SPLINE_CURVE_WITH_KNOTS('',1,(#9507,#9508),.UNSPECIFIED.,.F.,
  .F.,(2,2),(0.,30.),.PIECEWISE_BEZIER_KNOTS.);
#9507 = CARTESIAN_POINT('',(0.,-18.26666666666));
#9508 = CARTESIAN_POINT('',(30.,-18.26666666666));
#9509 = ( GEOMETRIC_REPRESENTATION_CONTEXT(2) 
PARAMETRIC_REPRESENTATION_CONTEXT() REPRESENTATION_CONTEXT('2D SPACE',''
  ) );
#9510 = PCURVE('',#2135,#9511);
#9511 = DEFINITIONAL_REPRESENTATION('',(#9512),#9515);
#9512 = B_SPLINE_CURVE_WITH_KNOTS('',1,(#9513,#9514),.UNSPECIFIED.,.F.,
  .F.,(2,2),(0.,30.),.PIECEWISE_BEZIER_KNOTS.);
#9513 = CARTESIAN_POINT('',(0.,25.422222222222));
#9514 = CARTESIAN_POINT('',(30.,25.422222222222));
#9515 = ( GEOMETRIC_REPRESENTATION_CONTEXT(2) 
PARAMETRIC_REPRESENTATION_CONTEXT() REPRESENTATION_CONTEXT('2D SPACE',''
  ) );
#9516 = ADVANCED_FACE('',(#9517),#2189,.T.);
#9517 = FACE_BOUND('',#9518,.T.);
#9518 = EDGE_LOOP('',(#9519,#9520,#9521,#9522));
#9519 = ORIENTED_EDGE('',*,*,#6020,.F.);
#9520 = ORIENTED_EDGE('',*,*,#9478,.T.);
#9521 = ORIENTED_EDGE('',*,*,#2175,.T.);
#9522 = ORIENTED_EDGE('',*,*,#9523,.F.);
#9523 = EDGE_CURVE('',#5998,#2148,#9524,.T.);
#9524 = SURFACE_CURVE('',#9525,(#9529,#9535),.PCURVE_S1.);
#9525 = LINE('',#9526,#9527);
#9526 = CARTESIAN_POINT('',(12.311111111111,-5.955555555556,0.));
#9527 = VECTOR('',#9528,1.);
#9528 = DIRECTION('',(0.,0.,1.));
#9529 = PCURVE('',#2189,#9530);
#9530 = DEFINITIONAL_REPRESENTATION('',(#9531),#9534);
#9531 = B_SPLINE_CURVE_WITH_KNOTS('',1,(#9532,#9533),.UNSPECIFIED.,.F.,
  .F.,(2,2),(0.,30.),.PIECEWISE_BEZIER_KNOTS.);
#9532 = CARTESIAN_POINT('',(0.,30.977777777778));
#9533 = CARTESIAN_POINT('',(30.,30.977777777778));
#9534 = ( GEOMETRIC_REPRESENTATION_CONTEXT(2) 
PARAMETRIC_REPRESENTATION_CONTEXT() REPRESENTATION_CONTEXT('2D SPACE',''
  ) );
#9535 = PCURVE('',#2163,#9536);
#9536 = DEFINITIONAL_REPRESENTATION('',(#9537),#9540);
#9537 = B_SPLINE_CURVE_WITH_KNOTS('',1,(#9538,#9539),.UNSPECIFIED.,.F.,
  .F.,(2,2),(0.,30.),.PIECEWISE_BEZIER_KNOTS.);
#9538 = CARTESIAN_POINT('',(0.,-12.71111111111));
#9539 = CARTESIAN_POINT('',(30.,-12.71111111111));
#9540 = ( GEOMETRIC_REPRESENTATION_CONTEXT(2) 
PARAMETRIC_REPRESENTATION_CONTEXT() REPRESENTATION_CONTEXT('2D SPACE',''
  ) );
#9541 = ADVANCED_FACE('',(#9542),#2135,.F.);
#9542 = FACE_BOUND('',#9543,.F.);
#9543 = EDGE_LOOP('',(#9544,#9545,#9546,#9547));
#9544 = ORIENTED_EDGE('',*,*,#5974,.F.);
#9545 = ORIENTED_EDGE('',*,*,#9498,.T.);
#9546 = ORIENTED_EDGE('',*,*,#2119,.T.);
#9547 = ORIENTED_EDGE('',*,*,#9548,.F.);
#9548 = EDGE_CURVE('',#5975,#2120,#9549,.T.);
#9549 = SURFACE_CURVE('',#9550,(#9554,#9560),.PCURVE_S1.);
#9550 = LINE('',#9551,#9552);
#9551 = CARTESIAN_POINT('',(12.311111111111,-0.4,0.));
#9552 = VECTOR('',#9553,1.);
#9553 = DIRECTION('',(0.,0.,1.));
#9554 = PCURVE('',#2135,#9555);
#9555 = DEFINITIONAL_REPRESENTATION('',(#9556),#9559);
#9556 = B_SPLINE_CURVE_WITH_KNOTS('',1,(#9557,#9558),.UNSPECIFIED.,.F.,
  .F.,(2,2),(0.,30.),.PIECEWISE_BEZIER_KNOTS.);
#9557 = CARTESIAN_POINT('',(0.,30.977777777778));
#9558 = CARTESIAN_POINT('',(30.,30.977777777778));
#9559 = ( GEOMETRIC_REPRESENTATION_CONTEXT(2) 
PARAMETRIC_REPRESENTATION_CONTEXT() REPRESENTATION_CONTEXT('2D SPACE',''
  ) );
#9560 = PCURVE('',#2163,#9561);
#9561 = DEFINITIONAL_REPRESENTATION('',(#9562),#9565);
#9562 = B_SPLINE_CURVE_WITH_KNOTS('',1,(#9563,#9564),.UNSPECIFIED.,.F.,
  .F.,(2,2),(0.,30.),.PIECEWISE_BEZIER_KNOTS.);
#9563 = CARTESIAN_POINT('',(0.,-18.26666666666));
#9564 = CARTESIAN_POINT('',(30.,-18.26666666666));
#9565 = ( GEOMETRIC_REPRESENTATION_CONTEXT(2) 
PARAMETRIC_REPRESENTATION_CONTEXT() REPRESENTATION_CONTEXT('2D SPACE',''
  ) );
#9566 = ADVANCED_FACE('',(#9567),#2163,.F.);
#9567 = FACE_BOUND('',#9568,.F.);
#9568 = EDGE_LOOP('',(#9569,#9570,#9571,#9572));
#9569 = ORIENTED_EDGE('',*,*,#2147,.F.);
#9570 = ORIENTED_EDGE('',*,*,#9523,.F.);
#9571 = ORIENTED_EDGE('',*,*,#5997,.T.);
#9572 = ORIENTED_EDGE('',*,*,#9548,.T.);
#9573 = ADVANCED_FACE('',(#9574),#2221,.F.);
#9574 = FACE_BOUND('',#9575,.F.);
#9575 = EDGE_LOOP('',(#9576,#9577,#9598,#9599));
#9576 = ORIENTED_EDGE('',*,*,#2203,.F.);
#9577 = ORIENTED_EDGE('',*,*,#9578,.F.);
#9578 = EDGE_CURVE('',#6044,#2204,#9579,.T.);
#9579 = SURFACE_CURVE('',#9580,(#9584,#9591),.PCURVE_S1.);
#9580 = LINE('',#9581,#9582);
#9581 = CARTESIAN_POINT('',(18.666666666667,-5.955555555556,0.));
#9582 = VECTOR('',#9583,1.);
#9583 = DIRECTION('',(0.,0.,1.));
#9584 = PCURVE('',#2221,#9585);
#9585 = DEFINITIONAL_REPRESENTATION('',(#9586),#9590);
#9586 = LINE('',#9587,#9588);
#9587 = CARTESIAN_POINT('',(0.,-12.71111111111));
#9588 = VECTOR('',#9589,1.);
#9589 = DIRECTION('',(1.,0.));
#9590 = ( GEOMETRIC_REPRESENTATION_CONTEXT(2) 
PARAMETRIC_REPRESENTATION_CONTEXT() REPRESENTATION_CONTEXT('2D SPACE',''
  ) );
#9591 = PCURVE('',#2249,#9592);
#9592 = DEFINITIONAL_REPRESENTATION('',(#9593),#9597);
#9593 = LINE('',#9594,#9595);
#9594 = CARTESIAN_POINT('',(0.,37.333333333333));
#9595 = VECTOR('',#9596,1.);
#9596 = DIRECTION('',(1.,0.));
#9597 = ( GEOMETRIC_REPRESENTATION_CONTEXT(2) 
PARAMETRIC_REPRESENTATION_CONTEXT() REPRESENTATION_CONTEXT('2D SPACE',''
  ) );
#9598 = ORIENTED_EDGE('',*,*,#6043,.T.);
#9599 = ORIENTED_EDGE('',*,*,#9600,.T.);
#9600 = EDGE_CURVE('',#6046,#2206,#9601,.T.);
#9601 = SURFACE_CURVE('',#9602,(#9606,#9613),.PCURVE_S1.);
#9602 = LINE('',#9603,#9604);
#9603 = CARTESIAN_POINT('',(18.666666666667,-0.4,0.));
#9604 = VECTOR('',#9605,1.);
#9605 = DIRECTION('',(0.,0.,1.));
#9606 = PCURVE('',#2221,#9607);
#9607 = DEFINITIONAL_REPRESENTATION('',(#9608),#9612);
#9608 = LINE('',#9609,#9610);
#9609 = CARTESIAN_POINT('',(0.,-18.26666666666));
#9610 = VECTOR('',#9611,1.);
#9611 = DIRECTION('',(1.,0.));
#9612 = ( GEOMETRIC_REPRESENTATION_CONTEXT(2) 
PARAMETRIC_REPRESENTATION_CONTEXT() REPRESENTATION_CONTEXT('2D SPACE',''
  ) );
#9613 = PCURVE('',#2303,#9614);
#9614 = DEFINITIONAL_REPRESENTATION('',(#9615),#9619);
#9615 = LINE('',#9616,#9617);
#9616 = CARTESIAN_POINT('',(0.,37.333333333333));
#9617 = VECTOR('',#9618,1.);
#9618 = DIRECTION('',(1.,0.));
#9619 = ( GEOMETRIC_REPRESENTATION_CONTEXT(2) 
PARAMETRIC_REPRESENTATION_CONTEXT() REPRESENTATION_CONTEXT('2D SPACE',''
  ) );
#9620 = ADVANCED_FACE('',(#9621),#2249,.T.);
#9621 = FACE_BOUND('',#9622,.T.);
#9622 = EDGE_LOOP('',(#9623,#9624,#9643,#9644));
#9623 = ORIENTED_EDGE('',*,*,#6068,.F.);
#9624 = ORIENTED_EDGE('',*,*,#9625,.T.);
#9625 = EDGE_CURVE('',#6069,#2234,#9626,.T.);
#9626 = SURFACE_CURVE('',#9627,(#9631,#9637),.PCURVE_S1.);
#9627 = LINE('',#9628,#9629);
#9628 = CARTESIAN_POINT('',(13.111111111111,-5.955555555556,0.));
#9629 = VECTOR('',#9630,1.);
#9630 = DIRECTION('',(0.,0.,1.));
#9631 = PCURVE('',#2249,#9632);
#9632 = DEFINITIONAL_REPRESENTATION('',(#9633),#9636);
#9633 = B_SPLINE_CURVE_WITH_KNOTS('',1,(#9634,#9635),.UNSPECIFIED.,.F.,
  .F.,(2,2),(0.,30.),.PIECEWISE_BEZIER_KNOTS.);
#9634 = CARTESIAN_POINT('',(0.,31.777777777778));
#9635 = CARTESIAN_POINT('',(30.,31.777777777778));
#9636 = ( GEOMETRIC_REPRESENTATION_CONTEXT(2) 
PARAMETRIC_REPRESENTATION_CONTEXT() REPRESENTATION_CONTEXT('2D SPACE',''
  ) );
#9637 = PCURVE('',#2277,#9638);
#9638 = DEFINITIONAL_REPRESENTATION('',(#9639),#9642);
#9639 = B_SPLINE_CURVE_WITH_KNOTS('',1,(#9640,#9641),.UNSPECIFIED.,.F.,
  .F.,(2,2),(0.,30.),.PIECEWISE_BEZIER_KNOTS.);
#9640 = CARTESIAN_POINT('',(0.,-12.71111111111));
#9641 = CARTESIAN_POINT('',(30.,-12.71111111111));
#9642 = ( GEOMETRIC_REPRESENTATION_CONTEXT(2) 
PARAMETRIC_REPRESENTATION_CONTEXT() REPRESENTATION_CONTEXT('2D SPACE',''
  ) );
#9643 = ORIENTED_EDGE('',*,*,#2233,.T.);
#9644 = ORIENTED_EDGE('',*,*,#9578,.F.);
#9645 = ADVANCED_FACE('',(#9646),#2303,.F.);
#9646 = FACE_BOUND('',#9647,.F.);
#9647 = EDGE_LOOP('',(#9648,#9649,#9668,#9669));
#9648 = ORIENTED_EDGE('',*,*,#6114,.F.);
#9649 = ORIENTED_EDGE('',*,*,#9650,.T.);
#9650 = EDGE_CURVE('',#6092,#2262,#9651,.T.);
#9651 = SURFACE_CURVE('',#9652,(#9656,#9662),.PCURVE_S1.);
#9652 = LINE('',#9653,#9654);
#9653 = CARTESIAN_POINT('',(13.111111111111,-0.4,0.));
#9654 = VECTOR('',#9655,1.);
#9655 = DIRECTION('',(0.,0.,1.));
#9656 = PCURVE('',#2303,#9657);
#9657 = DEFINITIONAL_REPRESENTATION('',(#9658),#9661);
#9658 = B_SPLINE_CURVE_WITH_KNOTS('',1,(#9659,#9660),.UNSPECIFIED.,.F.,
  .F.,(2,2),(0.,30.),.PIECEWISE_BEZIER_KNOTS.);
#9659 = CARTESIAN_POINT('',(0.,31.777777777778));
#9660 = CARTESIAN_POINT('',(30.,31.777777777778));
#9661 = ( GEOMETRIC_REPRESENTATION_CONTEXT(2) 
PARAMETRIC_REPRESENTATION_CONTEXT() REPRESENTATION_CONTEXT('2D SPACE',''
  ) );
#9662 = PCURVE('',#2277,#9663);
#9663 = DEFINITIONAL_REPRESENTATION('',(#9664),#9667);
#9664 = B_SPLINE_CURVE_WITH_KNOTS('',1,(#9665,#9666),.UNSPECIFIED.,.F.,
  .F.,(2,2),(0.,30.),.PIECEWISE_BEZIER_KNOTS.);
#9665 = CARTESIAN_POINT('',(0.,-18.26666666666));
#9666 = CARTESIAN_POINT('',(30.,-18.26666666666));
#9667 = ( GEOMETRIC_REPRESENTATION_CONTEXT(2) 
PARAMETRIC_REPRESENTATION_CONTEXT() REPRESENTATION_CONTEXT('2D SPACE',''
  ) );
#9668 = ORIENTED_EDGE('',*,*,#2289,.T.);
#9669 = ORIENTED_EDGE('',*,*,#9600,.F.);
#9670 = ADVANCED_FACE('',(#9671),#2277,.T.);
#9671 = FACE_BOUND('',#9672,.T.);
#9672 = EDGE_LOOP('',(#9673,#9674,#9675,#9676));
#9673 = ORIENTED_EDGE('',*,*,#2261,.F.);
#9674 = ORIENTED_EDGE('',*,*,#9625,.F.);
#9675 = ORIENTED_EDGE('',*,*,#6091,.T.);
#9676 = ORIENTED_EDGE('',*,*,#9650,.T.);
#9677 = ADVANCED_FACE('',(#9678),#2335,.T.);
#9678 = FACE_BOUND('',#9679,.T.);
#9679 = EDGE_LOOP('',(#9680,#9681,#9702,#9703));
#9680 = ORIENTED_EDGE('',*,*,#2317,.F.);
#9681 = ORIENTED_EDGE('',*,*,#9682,.F.);
#9682 = EDGE_CURVE('',#6138,#2318,#9683,.T.);
#9683 = SURFACE_CURVE('',#9684,(#9688,#9695),.PCURVE_S1.);
#9684 = LINE('',#9685,#9686);
#9685 = CARTESIAN_POINT('',(-18.66666666666,0.4,0.));
#9686 = VECTOR('',#9687,1.);
#9687 = DIRECTION('',(0.,0.,1.));
#9688 = PCURVE('',#2335,#9689);
#9689 = DEFINITIONAL_REPRESENTATION('',(#9690),#9694);
#9690 = LINE('',#9691,#9692);
#9691 = CARTESIAN_POINT('',(0.,-19.06666666666));
#9692 = VECTOR('',#9693,1.);
#9693 = DIRECTION('',(1.,0.));
#9694 = ( GEOMETRIC_REPRESENTATION_CONTEXT(2) 
PARAMETRIC_REPRESENTATION_CONTEXT() REPRESENTATION_CONTEXT('2D SPACE',''
  ) );
#9695 = PCURVE('',#2417,#9696);
#9696 = DEFINITIONAL_REPRESENTATION('',(#9697),#9701);
#9697 = LINE('',#9698,#9699);
#9698 = CARTESIAN_POINT('',(0.,0.));
#9699 = VECTOR('',#9700,1.);
#9700 = DIRECTION('',(1.,0.));
#9701 = ( GEOMETRIC_REPRESENTATION_CONTEXT(2) 
PARAMETRIC_REPRESENTATION_CONTEXT() REPRESENTATION_CONTEXT('2D SPACE',''
  ) );
#9702 = ORIENTED_EDGE('',*,*,#6137,.T.);
#9703 = ORIENTED_EDGE('',*,*,#9704,.T.);
#9704 = EDGE_CURVE('',#6140,#2320,#9705,.T.);
#9705 = SURFACE_CURVE('',#9706,(#9710,#9717),.PCURVE_S1.);
#9706 = LINE('',#9707,#9708);
#9707 = CARTESIAN_POINT('',(-18.66666666666,5.955555555556,0.));
#9708 = VECTOR('',#9709,1.);
#9709 = DIRECTION('',(0.,0.,1.));
#9710 = PCURVE('',#2335,#9711);
#9711 = DEFINITIONAL_REPRESENTATION('',(#9712),#9716);
#9712 = LINE('',#9713,#9714);
#9713 = CARTESIAN_POINT('',(0.,-24.62222222222));
#9714 = VECTOR('',#9715,1.);
#9715 = DIRECTION('',(1.,0.));
#9716 = ( GEOMETRIC_REPRESENTATION_CONTEXT(2) 
PARAMETRIC_REPRESENTATION_CONTEXT() REPRESENTATION_CONTEXT('2D SPACE',''
  ) );
#9717 = PCURVE('',#2363,#9718);
#9718 = DEFINITIONAL_REPRESENTATION('',(#9719),#9723);
#9719 = LINE('',#9720,#9721);
#9720 = CARTESIAN_POINT('',(0.,0.));
#9721 = VECTOR('',#9722,1.);
#9722 = DIRECTION('',(1.,0.));
#9723 = ( GEOMETRIC_REPRESENTATION_CONTEXT(2) 
PARAMETRIC_REPRESENTATION_CONTEXT() REPRESENTATION_CONTEXT('2D SPACE',''
  ) );
#9724 = ADVANCED_FACE('',(#9725),#2417,.T.);
#9725 = FACE_BOUND('',#9726,.T.);
#9726 = EDGE_LOOP('',(#9727,#9728,#9729,#9730));
#9727 = ORIENTED_EDGE('',*,*,#6208,.F.);
#9728 = ORIENTED_EDGE('',*,*,#9682,.T.);
#9729 = ORIENTED_EDGE('',*,*,#2403,.T.);
#9730 = ORIENTED_EDGE('',*,*,#9731,.F.);
#9731 = EDGE_CURVE('',#6186,#2376,#9732,.T.);
#9732 = SURFACE_CURVE('',#9733,(#9737,#9743),.PCURVE_S1.);
#9733 = LINE('',#9734,#9735);
#9734 = CARTESIAN_POINT('',(-13.11111111111,0.4,0.));
#9735 = VECTOR('',#9736,1.);
#9736 = DIRECTION('',(0.,0.,1.));
#9737 = PCURVE('',#2417,#9738);
#9738 = DEFINITIONAL_REPRESENTATION('',(#9739),#9742);
#9739 = B_SPLINE_CURVE_WITH_KNOTS('',1,(#9740,#9741),.UNSPECIFIED.,.F.,
  .F.,(2,2),(0.,30.),.PIECEWISE_BEZIER_KNOTS.);
#9740 = CARTESIAN_POINT('',(0.,5.555555555556));
#9741 = CARTESIAN_POINT('',(30.,5.555555555556));
#9742 = ( GEOMETRIC_REPRESENTATION_CONTEXT(2) 
PARAMETRIC_REPRESENTATION_CONTEXT() REPRESENTATION_CONTEXT('2D SPACE',''
  ) );
#9743 = PCURVE('',#2391,#9744);
#9744 = DEFINITIONAL_REPRESENTATION('',(#9745),#9748);
#9745 = B_SPLINE_CURVE_WITH_KNOTS('',1,(#9746,#9747),.UNSPECIFIED.,.F.,
  .F.,(2,2),(0.,30.),.PIECEWISE_BEZIER_KNOTS.);
#9746 = CARTESIAN_POINT('',(0.,-19.06666666666));
#9747 = CARTESIAN_POINT('',(30.,-19.06666666666));
#9748 = ( GEOMETRIC_REPRESENTATION_CONTEXT(2) 
PARAMETRIC_REPRESENTATION_CONTEXT() REPRESENTATION_CONTEXT('2D SPACE',''
  ) );
#9749 = ADVANCED_FACE('',(#9750),#2363,.F.);
#9750 = FACE_BOUND('',#9751,.F.);
#9751 = EDGE_LOOP('',(#9752,#9753,#9754,#9755));
#9752 = ORIENTED_EDGE('',*,*,#6162,.F.);
#9753 = ORIENTED_EDGE('',*,*,#9704,.T.);
#9754 = ORIENTED_EDGE('',*,*,#2347,.T.);
#9755 = ORIENTED_EDGE('',*,*,#9756,.F.);
#9756 = EDGE_CURVE('',#6163,#2348,#9757,.T.);
#9757 = SURFACE_CURVE('',#9758,(#9762,#9768),.PCURVE_S1.);
#9758 = LINE('',#9759,#9760);
#9759 = CARTESIAN_POINT('',(-13.11111111111,5.955555555556,0.));
#9760 = VECTOR('',#9761,1.);
#9761 = DIRECTION('',(0.,0.,1.));
#9762 = PCURVE('',#2363,#9763);
#9763 = DEFINITIONAL_REPRESENTATION('',(#9764),#9767);
#9764 = B_SPLINE_CURVE_WITH_KNOTS('',1,(#9765,#9766),.UNSPECIFIED.,.F.,
  .F.,(2,2),(0.,30.),.PIECEWISE_BEZIER_KNOTS.);
#9765 = CARTESIAN_POINT('',(0.,5.555555555556));
#9766 = CARTESIAN_POINT('',(30.,5.555555555556));
#9767 = ( GEOMETRIC_REPRESENTATION_CONTEXT(2) 
PARAMETRIC_REPRESENTATION_CONTEXT() REPRESENTATION_CONTEXT('2D SPACE',''
  ) );
#9768 = PCURVE('',#2391,#9769);
#9769 = DEFINITIONAL_REPRESENTATION('',(#9770),#9773);
#9770 = B_SPLINE_CURVE_WITH_KNOTS('',1,(#9771,#9772),.UNSPECIFIED.,.F.,
  .F.,(2,2),(0.,30.),.PIECEWISE_BEZIER_KNOTS.);
#9771 = CARTESIAN_POINT('',(0.,-24.62222222222));
#9772 = CARTESIAN_POINT('',(30.,-24.62222222222));
#9773 = ( GEOMETRIC_REPRESENTATION_CONTEXT(2) 
PARAMETRIC_REPRESENTATION_CONTEXT() REPRESENTATION_CONTEXT('2D SPACE',''
  ) );
#9774 = ADVANCED_FACE('',(#9775),#2391,.F.);
#9775 = FACE_BOUND('',#9776,.F.);
#9776 = EDGE_LOOP('',(#9777,#9778,#9779,#9780));
#9777 = ORIENTED_EDGE('',*,*,#2375,.F.);
#9778 = ORIENTED_EDGE('',*,*,#9731,.F.);
#9779 = ORIENTED_EDGE('',*,*,#6185,.T.);
#9780 = ORIENTED_EDGE('',*,*,#9756,.T.);
#9781 = ADVANCED_FACE('',(#9782),#2449,.T.);
#9782 = FACE_BOUND('',#9783,.T.);
#9783 = EDGE_LOOP('',(#9784,#9785,#9804,#9805));
#9784 = ORIENTED_EDGE('',*,*,#2431,.F.);
#9785 = ORIENTED_EDGE('',*,*,#9786,.F.);
#9786 = EDGE_CURVE('',#6232,#2432,#9787,.T.);
#9787 = SURFACE_CURVE('',#9788,(#9792,#9798),.PCURVE_S1.);
#9788 = LINE('',#9789,#9790);
#9789 = CARTESIAN_POINT('',(-12.31111111111,0.4,0.));
#9790 = VECTOR('',#9791,1.);
#9791 = DIRECTION('',(0.,0.,1.));
#9792 = PCURVE('',#2449,#9793);
#9793 = DEFINITIONAL_REPRESENTATION('',(#9794),#9797);
#9794 = B_SPLINE_CURVE_WITH_KNOTS('',1,(#9795,#9796),.UNSPECIFIED.,.F.,
  .F.,(2,2),(0.,30.),.PIECEWISE_BEZIER_KNOTS.);
#9795 = CARTESIAN_POINT('',(0.,-19.06666666666));
#9796 = CARTESIAN_POINT('',(30.,-19.06666666666));
#9797 = ( GEOMETRIC_REPRESENTATION_CONTEXT(2) 
PARAMETRIC_REPRESENTATION_CONTEXT() REPRESENTATION_CONTEXT('2D SPACE',''
  ) );
#9798 = PCURVE('',#2531,#9799);
#9799 = DEFINITIONAL_REPRESENTATION('',(#9800),#9803);
#9800 = B_SPLINE_CURVE_WITH_KNOTS('',1,(#9801,#9802),.UNSPECIFIED.,.F.,
  .F.,(2,2),(0.,30.),.PIECEWISE_BEZIER_KNOTS.);
#9801 = CARTESIAN_POINT('',(0.,6.355555555556));
#9802 = CARTESIAN_POINT('',(30.,6.355555555556));
#9803 = ( GEOMETRIC_REPRESENTATION_CONTEXT(2) 
PARAMETRIC_REPRESENTATION_CONTEXT() REPRESENTATION_CONTEXT('2D SPACE',''
  ) );
#9804 = ORIENTED_EDGE('',*,*,#6231,.T.);
#9805 = ORIENTED_EDGE('',*,*,#9806,.T.);
#9806 = EDGE_CURVE('',#6234,#2434,#9807,.T.);
#9807 = SURFACE_CURVE('',#9808,(#9812,#9818),.PCURVE_S1.);
#9808 = LINE('',#9809,#9810);
#9809 = CARTESIAN_POINT('',(-12.31111111111,5.955555555556,0.));
#9810 = VECTOR('',#9811,1.);
#9811 = DIRECTION('',(0.,0.,1.));
#9812 = PCURVE('',#2449,#9813);
#9813 = DEFINITIONAL_REPRESENTATION('',(#9814),#9817);
#9814 = B_SPLINE_CURVE_WITH_KNOTS('',1,(#9815,#9816),.UNSPECIFIED.,.F.,
  .F.,(2,2),(0.,30.),.PIECEWISE_BEZIER_KNOTS.);
#9815 = CARTESIAN_POINT('',(0.,-24.62222222222));
#9816 = CARTESIAN_POINT('',(30.,-24.62222222222));
#9817 = ( GEOMETRIC_REPRESENTATION_CONTEXT(2) 
PARAMETRIC_REPRESENTATION_CONTEXT() REPRESENTATION_CONTEXT('2D SPACE',''
  ) );
#9818 = PCURVE('',#2477,#9819);
#9819 = DEFINITIONAL_REPRESENTATION('',(#9820),#9823);
#9820 = B_SPLINE_CURVE_WITH_KNOTS('',1,(#9821,#9822),.UNSPECIFIED.,.F.,
  .F.,(2,2),(0.,30.),.PIECEWISE_BEZIER_KNOTS.);
#9821 = CARTESIAN_POINT('',(0.,6.355555555556));
#9822 = CARTESIAN_POINT('',(30.,6.355555555556));
#9823 = ( GEOMETRIC_REPRESENTATION_CONTEXT(2) 
PARAMETRIC_REPRESENTATION_CONTEXT() REPRESENTATION_CONTEXT('2D SPACE',''
  ) );
#9824 = ADVANCED_FACE('',(#9825),#2531,.T.);
#9825 = FACE_BOUND('',#9826,.T.);
#9826 = EDGE_LOOP('',(#9827,#9828,#9829,#9830));
#9827 = ORIENTED_EDGE('',*,*,#6302,.F.);
#9828 = ORIENTED_EDGE('',*,*,#9786,.T.);
#9829 = ORIENTED_EDGE('',*,*,#2517,.T.);
#9830 = ORIENTED_EDGE('',*,*,#9831,.F.);
#9831 = EDGE_CURVE('',#6280,#2490,#9832,.T.);
#9832 = SURFACE_CURVE('',#9833,(#9837,#9843),.PCURVE_S1.);
#9833 = LINE('',#9834,#9835);
#9834 = CARTESIAN_POINT('',(-6.755555555556,0.4,0.));
#9835 = VECTOR('',#9836,1.);
#9836 = DIRECTION('',(0.,0.,1.));
#9837 = PCURVE('',#2531,#9838);
#9838 = DEFINITIONAL_REPRESENTATION('',(#9839),#9842);
#9839 = B_SPLINE_CURVE_WITH_KNOTS('',1,(#9840,#9841),.UNSPECIFIED.,.F.,
  .F.,(2,2),(0.,30.),.PIECEWISE_BEZIER_KNOTS.);
#9840 = CARTESIAN_POINT('',(0.,11.911111111111));
#9841 = CARTESIAN_POINT('',(30.,11.911111111111));
#9842 = ( GEOMETRIC_REPRESENTATION_CONTEXT(2) 
PARAMETRIC_REPRESENTATION_CONTEXT() REPRESENTATION_CONTEXT('2D SPACE',''
  ) );
#9843 = PCURVE('',#2505,#9844);
#9844 = DEFINITIONAL_REPRESENTATION('',(#9845),#9848);
#9845 = B_SPLINE_CURVE_WITH_KNOTS('',1,(#9846,#9847),.UNSPECIFIED.,.F.,
  .F.,(2,2),(0.,30.),.PIECEWISE_BEZIER_KNOTS.);
#9846 = CARTESIAN_POINT('',(0.,-19.06666666666));
#9847 = CARTESIAN_POINT('',(30.,-19.06666666666));
#9848 = ( GEOMETRIC_REPRESENTATION_CONTEXT(2) 
PARAMETRIC_REPRESENTATION_CONTEXT() REPRESENTATION_CONTEXT('2D SPACE',''
  ) );
#9849 = ADVANCED_FACE('',(#9850),#2477,.F.);
#9850 = FACE_BOUND('',#9851,.F.);
#9851 = EDGE_LOOP('',(#9852,#9853,#9854,#9855));
#9852 = ORIENTED_EDGE('',*,*,#6256,.F.);
#9853 = ORIENTED_EDGE('',*,*,#9806,.T.);
#9854 = ORIENTED_EDGE('',*,*,#2461,.T.);
#9855 = ORIENTED_EDGE('',*,*,#9856,.F.);
#9856 = EDGE_CURVE('',#6257,#2462,#9857,.T.);
#9857 = SURFACE_CURVE('',#9858,(#9862,#9868),.PCURVE_S1.);
#9858 = LINE('',#9859,#9860);
#9859 = CARTESIAN_POINT('',(-6.755555555556,5.955555555556,0.));
#9860 = VECTOR('',#9861,1.);
#9861 = DIRECTION('',(0.,0.,1.));
#9862 = PCURVE('',#2477,#9863);
#9863 = DEFINITIONAL_REPRESENTATION('',(#9864),#9867);
#9864 = B_SPLINE_CURVE_WITH_KNOTS('',1,(#9865,#9866),.UNSPECIFIED.,.F.,
  .F.,(2,2),(0.,30.),.PIECEWISE_BEZIER_KNOTS.);
#9865 = CARTESIAN_POINT('',(0.,11.911111111111));
#9866 = CARTESIAN_POINT('',(30.,11.911111111111));
#9867 = ( GEOMETRIC_REPRESENTATION_CONTEXT(2) 
PARAMETRIC_REPRESENTATION_CONTEXT() REPRESENTATION_CONTEXT('2D SPACE',''
  ) );
#9868 = PCURVE('',#2505,#9869);
#9869 = DEFINITIONAL_REPRESENTATION('',(#9870),#9873);
#9870 = B_SPLINE_CURVE_WITH_KNOTS('',1,(#9871,#9872),.UNSPECIFIED.,.F.,
  .F.,(2,2),(0.,30.),.PIECEWISE_BEZIER_KNOTS.);
#9871 = CARTESIAN_POINT('',(0.,-24.62222222222));
#9872 = CARTESIAN_POINT('',(30.,-24.62222222222));
#9873 = ( GEOMETRIC_REPRESENTATION_CONTEXT(2) 
PARAMETRIC_REPRESENTATION_CONTEXT() REPRESENTATION_CONTEXT('2D SPACE',''
  ) );
#9874 = ADVANCED_FACE('',(#9875),#2505,.F.);
#9875 = FACE_BOUND('',#9876,.F.);
#9876 = EDGE_LOOP('',(#9877,#9878,#9879,#9880));
#9877 = ORIENTED_EDGE('',*,*,#2489,.F.);
#9878 = ORIENTED_EDGE('',*,*,#9831,.F.);
#9879 = ORIENTED_EDGE('',*,*,#6279,.T.);
#9880 = ORIENTED_EDGE('',*,*,#9856,.T.);
#9881 = ADVANCED_FACE('',(#9882),#2563,.T.);
#9882 = FACE_BOUND('',#9883,.T.);
#9883 = EDGE_LOOP('',(#9884,#9885,#9904,#9905));
#9884 = ORIENTED_EDGE('',*,*,#2545,.F.);
#9885 = ORIENTED_EDGE('',*,*,#9886,.F.);
#9886 = EDGE_CURVE('',#6326,#2546,#9887,.T.);
#9887 = SURFACE_CURVE('',#9888,(#9892,#9898),.PCURVE_S1.);
#9888 = LINE('',#9889,#9890);
#9889 = CARTESIAN_POINT('',(-5.955555555556,0.4,0.));
#9890 = VECTOR('',#9891,1.);
#9891 = DIRECTION('',(0.,0.,1.));
#9892 = PCURVE('',#2563,#9893);
#9893 = DEFINITIONAL_REPRESENTATION('',(#9894),#9897);
#9894 = B_SPLINE_CURVE_WITH_KNOTS('',1,(#9895,#9896),.UNSPECIFIED.,.F.,
  .F.,(2,2),(0.,30.),.PIECEWISE_BEZIER_KNOTS.);
#9895 = CARTESIAN_POINT('',(0.,-19.06666666666));
#9896 = CARTESIAN_POINT('',(30.,-19.06666666666));
#9897 = ( GEOMETRIC_REPRESENTATION_CONTEXT(2) 
PARAMETRIC_REPRESENTATION_CONTEXT() REPRESENTATION_CONTEXT('2D SPACE',''
  ) );
#9898 = PCURVE('',#2645,#9899);
#9899 = DEFINITIONAL_REPRESENTATION('',(#9900),#9903);
#9900 = B_SPLINE_CURVE_WITH_KNOTS('',1,(#9901,#9902),.UNSPECIFIED.,.F.,
  .F.,(2,2),(0.,30.),.PIECEWISE_BEZIER_KNOTS.);
#9901 = CARTESIAN_POINT('',(0.,12.711111111111));
#9902 = CARTESIAN_POINT('',(30.,12.711111111111));
#9903 = ( GEOMETRIC_REPRESENTATION_CONTEXT(2) 
PARAMETRIC_REPRESENTATION_CONTEXT() REPRESENTATION_CONTEXT('2D SPACE',''
  ) );
#9904 = ORIENTED_EDGE('',*,*,#6325,.T.);
#9905 = ORIENTED_EDGE('',*,*,#9906,.T.);
#9906 = EDGE_CURVE('',#6328,#2548,#9907,.T.);
#9907 = SURFACE_CURVE('',#9908,(#9912,#9918),.PCURVE_S1.);
#9908 = LINE('',#9909,#9910);
#9909 = CARTESIAN_POINT('',(-5.955555555556,5.955555555556,0.));
#9910 = VECTOR('',#9911,1.);
#9911 = DIRECTION('',(0.,0.,1.));
#9912 = PCURVE('',#2563,#9913);
#9913 = DEFINITIONAL_REPRESENTATION('',(#9914),#9917);
#9914 = B_SPLINE_CURVE_WITH_KNOTS('',1,(#9915,#9916),.UNSPECIFIED.,.F.,
  .F.,(2,2),(0.,30.),.PIECEWISE_BEZIER_KNOTS.);
#9915 = CARTESIAN_POINT('',(0.,-24.62222222222));
#9916 = CARTESIAN_POINT('',(30.,-24.62222222222));
#9917 = ( GEOMETRIC_REPRESENTATION_CONTEXT(2) 
PARAMETRIC_REPRESENTATION_CONTEXT() REPRESENTATION_CONTEXT('2D SPACE',''
  ) );
#9918 = PCURVE('',#2591,#9919);
#9919 = DEFINITIONAL_REPRESENTATION('',(#9920),#9923);
#9920 = B_SPLINE_CURVE_WITH_KNOTS('',1,(#9921,#9922),.UNSPECIFIED.,.F.,
  .F.,(2,2),(0.,30.),.PIECEWISE_BEZIER_KNOTS.);
#9921 = CARTESIAN_POINT('',(0.,12.711111111111));
#9922 = CARTESIAN_POINT('',(30.,12.711111111111));
#9923 = ( GEOMETRIC_REPRESENTATION_CONTEXT(2) 
PARAMETRIC_REPRESENTATION_CONTEXT() REPRESENTATION_CONTEXT('2D SPACE',''
  ) );
#9924 = ADVANCED_FACE('',(#9925),#2645,.T.);
#9925 = FACE_BOUND('',#9926,.T.);
#9926 = EDGE_LOOP('',(#9927,#9928,#9929,#9930));
#9927 = ORIENTED_EDGE('',*,*,#6396,.F.);
#9928 = ORIENTED_EDGE('',*,*,#9886,.T.);
#9929 = ORIENTED_EDGE('',*,*,#2631,.T.);
#9930 = ORIENTED_EDGE('',*,*,#9931,.F.);
#9931 = EDGE_CURVE('',#6374,#2604,#9932,.T.);
#9932 = SURFACE_CURVE('',#9933,(#9937,#9943),.PCURVE_S1.);
#9933 = LINE('',#9934,#9935);
#9934 = CARTESIAN_POINT('',(-0.4,0.4,0.));
#9935 = VECTOR('',#9936,1.);
#9936 = DIRECTION('',(0.,0.,1.));
#9937 = PCURVE('',#2645,#9938);
#9938 = DEFINITIONAL_REPRESENTATION('',(#9939),#9942);
#9939 = B_SPLINE_CURVE_WITH_KNOTS('',1,(#9940,#9941),.UNSPECIFIED.,.F.,
  .F.,(2,2),(0.,30.),.PIECEWISE_BEZIER_KNOTS.);
#9940 = CARTESIAN_POINT('',(0.,18.266666666667));
#9941 = CARTESIAN_POINT('',(30.,18.266666666667));
#9942 = ( GEOMETRIC_REPRESENTATION_CONTEXT(2) 
PARAMETRIC_REPRESENTATION_CONTEXT() REPRESENTATION_CONTEXT('2D SPACE',''
  ) );
#9943 = PCURVE('',#2619,#9944);
#9944 = DEFINITIONAL_REPRESENTATION('',(#9945),#9948);
#9945 = B_SPLINE_CURVE_WITH_KNOTS('',1,(#9946,#9947),.UNSPECIFIED.,.F.,
  .F.,(2,2),(0.,30.),.PIECEWISE_BEZIER_KNOTS.);
#9946 = CARTESIAN_POINT('',(0.,-19.06666666666));
#9947 = CARTESIAN_POINT('',(30.,-19.06666666666));
#9948 = ( GEOMETRIC_REPRESENTATION_CONTEXT(2) 
PARAMETRIC_REPRESENTATION_CONTEXT() REPRESENTATION_CONTEXT('2D SPACE',''
  ) );
#9949 = ADVANCED_FACE('',(#9950),#2591,.F.);
#9950 = FACE_BOUND('',#9951,.F.);
#9951 = EDGE_LOOP('',(#9952,#9953,#9954,#9955));
#9952 = ORIENTED_EDGE('',*,*,#6350,.F.);
#9953 = ORIENTED_EDGE('',*,*,#9906,.T.);
#9954 = ORIENTED_EDGE('',*,*,#2575,.T.);
#9955 = ORIENTED_EDGE('',*,*,#9956,.F.);
#9956 = EDGE_CURVE('',#6351,#2576,#9957,.T.);
#9957 = SURFACE_CURVE('',#9958,(#9962,#9968),.PCURVE_S1.);
#9958 = LINE('',#9959,#9960);
#9959 = CARTESIAN_POINT('',(-0.4,5.955555555556,0.));
#9960 = VECTOR('',#9961,1.);
#9961 = DIRECTION('',(0.,0.,1.));
#9962 = PCURVE('',#2591,#9963);
#9963 = DEFINITIONAL_REPRESENTATION('',(#9964),#9967);
#9964 = B_SPLINE_CURVE_WITH_KNOTS('',1,(#9965,#9966),.UNSPECIFIED.,.F.,
  .F.,(2,2),(0.,30.),.PIECEWISE_BEZIER_KNOTS.);
#9965 = CARTESIAN_POINT('',(0.,18.266666666667));
#9966 = CARTESIAN_POINT('',(30.,18.266666666667));
#9967 = ( GEOMETRIC_REPRESENTATION_CONTEXT(2) 
PARAMETRIC_REPRESENTATION_CONTEXT() REPRESENTATION_CONTEXT('2D SPACE',''
  ) );
#9968 = PCURVE('',#2619,#9969);
#9969 = DEFINITIONAL_REPRESENTATION('',(#9970),#9973);
#9970 = B_SPLINE_CURVE_WITH_KNOTS('',1,(#9971,#9972),.UNSPECIFIED.,.F.,
  .F.,(2,2),(0.,30.),.PIECEWISE_BEZIER_KNOTS.);
#9971 = CARTESIAN_POINT('',(0.,-24.62222222222));
#9972 = CARTESIAN_POINT('',(30.,-24.62222222222));
#9973 = ( GEOMETRIC_REPRESENTATION_CONTEXT(2) 
PARAMETRIC_REPRESENTATION_CONTEXT() REPRESENTATION_CONTEXT('2D SPACE',''
  ) );
#9974 = ADVANCED_FACE('',(#9975),#2619,.F.);
#9975 = FACE_BOUND('',#9976,.F.);
#9976 = EDGE_LOOP('',(#9977,#9978,#9979,#9980));
#9977 = ORIENTED_EDGE('',*,*,#2603,.F.);
#9978 = ORIENTED_EDGE('',*,*,#9931,.F.);
#9979 = ORIENTED_EDGE('',*,*,#6373,.T.);
#9980 = ORIENTED_EDGE('',*,*,#9956,.T.);
#9981 = ADVANCED_FACE('',(#9982),#2677,.T.);
#9982 = FACE_BOUND('',#9983,.T.);
#9983 = EDGE_LOOP('',(#9984,#9985,#10004,#10005));
#9984 = ORIENTED_EDGE('',*,*,#2659,.F.);
#9985 = ORIENTED_EDGE('',*,*,#9986,.F.);
#9986 = EDGE_CURVE('',#6420,#2660,#9987,.T.);
#9987 = SURFACE_CURVE('',#9988,(#9992,#9998),.PCURVE_S1.);
#9988 = LINE('',#9989,#9990);
#9989 = CARTESIAN_POINT('',(0.4,0.4,0.));
#9990 = VECTOR('',#9991,1.);
#9991 = DIRECTION('',(0.,0.,1.));
#9992 = PCURVE('',#2677,#9993);
#9993 = DEFINITIONAL_REPRESENTATION('',(#9994),#9997);
#9994 = B_SPLINE_CURVE_WITH_KNOTS('',1,(#9995,#9996),.UNSPECIFIED.,.F.,
  .F.,(2,2),(0.,30.),.PIECEWISE_BEZIER_KNOTS.);
#9995 = CARTESIAN_POINT('',(0.,-19.06666666666));
#9996 = CARTESIAN_POINT('',(30.,-19.06666666666));
#9997 = ( GEOMETRIC_REPRESENTATION_CONTEXT(2) 
PARAMETRIC_REPRESENTATION_CONTEXT() REPRESENTATION_CONTEXT('2D SPACE',''
  ) );
#9998 = PCURVE('',#2759,#9999);
#9999 = DEFINITIONAL_REPRESENTATION('',(#10000),#10003);
#10000 = B_SPLINE_CURVE_WITH_KNOTS('',1,(#10001,#10002),.UNSPECIFIED.,
  .F.,.F.,(2,2),(0.,30.),.PIECEWISE_BEZIER_KNOTS.);
#10001 = CARTESIAN_POINT('',(0.,19.066666666667));
#10002 = CARTESIAN_POINT('',(30.,19.066666666667));
#10003 = ( GEOMETRIC_REPRESENTATION_CONTEXT(2) 
PARAMETRIC_REPRESENTATION_CONTEXT() REPRESENTATION_CONTEXT('2D SPACE',''
  ) );
#10004 = ORIENTED_EDGE('',*,*,#6419,.T.);
#10005 = ORIENTED_EDGE('',*,*,#10006,.T.);
#10006 = EDGE_CURVE('',#6422,#2662,#10007,.T.);
#10007 = SURFACE_CURVE('',#10008,(#10012,#10018),.PCURVE_S1.);
#10008 = LINE('',#10009,#10010);
#10009 = CARTESIAN_POINT('',(0.4,5.955555555556,0.));
#10010 = VECTOR('',#10011,1.);
#10011 = DIRECTION('',(0.,0.,1.));
#10012 = PCURVE('',#2677,#10013);
#10013 = DEFINITIONAL_REPRESENTATION('',(#10014),#10017);
#10014 = B_SPLINE_CURVE_WITH_KNOTS('',1,(#10015,#10016),.UNSPECIFIED.,
  .F.,.F.,(2,2),(0.,30.),.PIECEWISE_BEZIER_KNOTS.);
#10015 = CARTESIAN_POINT('',(0.,-24.62222222222));
#10016 = CARTESIAN_POINT('',(30.,-24.62222222222));
#10017 = ( GEOMETRIC_REPRESENTATION_CONTEXT(2) 
PARAMETRIC_REPRESENTATION_CONTEXT() REPRESENTATION_CONTEXT('2D SPACE',''
  ) );
#10018 = PCURVE('',#2705,#10019);
#10019 = DEFINITIONAL_REPRESENTATION('',(#10020),#10023);
#10020 = B_SPLINE_CURVE_WITH_KNOTS('',1,(#10021,#10022),.UNSPECIFIED.,
  .F.,.F.,(2,2),(0.,30.),.PIECEWISE_BEZIER_KNOTS.);
#10021 = CARTESIAN_POINT('',(0.,19.066666666667));
#10022 = CARTESIAN_POINT('',(30.,19.066666666667));
#10023 = ( GEOMETRIC_REPRESENTATION_CONTEXT(2) 
PARAMETRIC_REPRESENTATION_CONTEXT() REPRESENTATION_CONTEXT('2D SPACE',''
  ) );
#10024 = ADVANCED_FACE('',(#10025),#2759,.T.);
#10025 = FACE_BOUND('',#10026,.T.);
#10026 = EDGE_LOOP('',(#10027,#10028,#10029,#10030));
#10027 = ORIENTED_EDGE('',*,*,#6490,.F.);
#10028 = ORIENTED_EDGE('',*,*,#9986,.T.);
#10029 = ORIENTED_EDGE('',*,*,#2745,.T.);
#10030 = ORIENTED_EDGE('',*,*,#10031,.F.);
#10031 = EDGE_CURVE('',#6468,#2718,#10032,.T.);
#10032 = SURFACE_CURVE('',#10033,(#10037,#10043),.PCURVE_S1.);
#10033 = LINE('',#10034,#10035);
#10034 = CARTESIAN_POINT('',(5.955555555556,0.4,0.));
#10035 = VECTOR('',#10036,1.);
#10036 = DIRECTION('',(0.,0.,1.));
#10037 = PCURVE('',#2759,#10038);
#10038 = DEFINITIONAL_REPRESENTATION('',(#10039),#10042);
#10039 = B_SPLINE_CURVE_WITH_KNOTS('',1,(#10040,#10041),.UNSPECIFIED.,
  .F.,.F.,(2,2),(0.,30.),.PIECEWISE_BEZIER_KNOTS.);
#10040 = CARTESIAN_POINT('',(0.,24.622222222222));
#10041 = CARTESIAN_POINT('',(30.,24.622222222222));
#10042 = ( GEOMETRIC_REPRESENTATION_CONTEXT(2) 
PARAMETRIC_REPRESENTATION_CONTEXT() REPRESENTATION_CONTEXT('2D SPACE',''
  ) );
#10043 = PCURVE('',#2733,#10044);
#10044 = DEFINITIONAL_REPRESENTATION('',(#10045),#10048);
#10045 = B_SPLINE_CURVE_WITH_KNOTS('',1,(#10046,#10047),.UNSPECIFIED.,
  .F.,.F.,(2,2),(0.,30.),.PIECEWISE_BEZIER_KNOTS.);
#10046 = CARTESIAN_POINT('',(0.,-19.06666666666));
#10047 = CARTESIAN_POINT('',(30.,-19.06666666666));
#10048 = ( GEOMETRIC_REPRESENTATION_CONTEXT(2) 
PARAMETRIC_REPRESENTATION_CONTEXT() REPRESENTATION_CONTEXT('2D SPACE',''
  ) );
#10049 = ADVANCED_FACE('',(#10050),#2705,.F.);
#10050 = FACE_BOUND('',#10051,.F.);
#10051 = EDGE_LOOP('',(#10052,#10053,#10054,#10055));
#10052 = ORIENTED_EDGE('',*,*,#6444,.F.);
#10053 = ORIENTED_EDGE('',*,*,#10006,.T.);
#10054 = ORIENTED_EDGE('',*,*,#2689,.T.);
#10055 = ORIENTED_EDGE('',*,*,#10056,.F.);
#10056 = EDGE_CURVE('',#6445,#2690,#10057,.T.);
#10057 = SURFACE_CURVE('',#10058,(#10062,#10068),.PCURVE_S1.);
#10058 = LINE('',#10059,#10060);
#10059 = CARTESIAN_POINT('',(5.955555555556,5.955555555556,0.));
#10060 = VECTOR('',#10061,1.);
#10061 = DIRECTION('',(0.,0.,1.));
#10062 = PCURVE('',#2705,#10063);
#10063 = DEFINITIONAL_REPRESENTATION('',(#10064),#10067);
#10064 = B_SPLINE_CURVE_WITH_KNOTS('',1,(#10065,#10066),.UNSPECIFIED.,
  .F.,.F.,(2,2),(0.,30.),.PIECEWISE_BEZIER_KNOTS.);
#10065 = CARTESIAN_POINT('',(0.,24.622222222222));
#10066 = CARTESIAN_POINT('',(30.,24.622222222222));
#10067 = ( GEOMETRIC_REPRESENTATION_CONTEXT(2) 
PARAMETRIC_REPRESENTATION_CONTEXT() REPRESENTATION_CONTEXT('2D SPACE',''
  ) );
#10068 = PCURVE('',#2733,#10069);
#10069 = DEFINITIONAL_REPRESENTATION('',(#10070),#10073);
#10070 = B_SPLINE_CURVE_WITH_KNOTS('',1,(#10071,#10072),.UNSPECIFIED.,
  .F.,.F.,(2,2),(0.,30.),.PIECEWISE_BEZIER_KNOTS.);
#10071 = CARTESIAN_POINT('',(0.,-24.62222222222));
#10072 = CARTESIAN_POINT('',(30.,-24.62222222222));
#10073 = ( GEOMETRIC_REPRESENTATION_CONTEXT(2) 
PARAMETRIC_REPRESENTATION_CONTEXT() REPRESENTATION_CONTEXT('2D SPACE',''
  ) );
#10074 = ADVANCED_FACE('',(#10075),#2733,.F.);
#10075 = FACE_BOUND('',#10076,.F.);
#10076 = EDGE_LOOP('',(#10077,#10078,#10079,#10080));
#10077 = ORIENTED_EDGE('',*,*,#2717,.F.);
#10078 = ORIENTED_EDGE('',*,*,#10031,.F.);
#10079 = ORIENTED_EDGE('',*,*,#6467,.T.);
#10080 = ORIENTED_EDGE('',*,*,#10056,.T.);
#10081 = ADVANCED_FACE('',(#10082),#2791,.T.);
#10082 = FACE_BOUND('',#10083,.T.);
#10083 = EDGE_LOOP('',(#10084,#10085,#10104,#10105));
#10084 = ORIENTED_EDGE('',*,*,#2773,.F.);
#10085 = ORIENTED_EDGE('',*,*,#10086,.F.);
#10086 = EDGE_CURVE('',#6514,#2774,#10087,.T.);
#10087 = SURFACE_CURVE('',#10088,(#10092,#10098),.PCURVE_S1.);
#10088 = LINE('',#10089,#10090);
#10089 = CARTESIAN_POINT('',(6.755555555556,0.4,0.));
#10090 = VECTOR('',#10091,1.);
#10091 = DIRECTION('',(0.,0.,1.));
#10092 = PCURVE('',#2791,#10093);
#10093 = DEFINITIONAL_REPRESENTATION('',(#10094),#10097);
#10094 = B_SPLINE_CURVE_WITH_KNOTS('',1,(#10095,#10096),.UNSPECIFIED.,
  .F.,.F.,(2,2),(0.,30.),.PIECEWISE_BEZIER_KNOTS.);
#10095 = CARTESIAN_POINT('',(0.,-19.06666666666));
#10096 = CARTESIAN_POINT('',(30.,-19.06666666666));
#10097 = ( GEOMETRIC_REPRESENTATION_CONTEXT(2) 
PARAMETRIC_REPRESENTATION_CONTEXT() REPRESENTATION_CONTEXT('2D SPACE',''
  ) );
#10098 = PCURVE('',#2873,#10099);
#10099 = DEFINITIONAL_REPRESENTATION('',(#10100),#10103);
#10100 = B_SPLINE_CURVE_WITH_KNOTS('',1,(#10101,#10102),.UNSPECIFIED.,
  .F.,.F.,(2,2),(0.,30.),.PIECEWISE_BEZIER_KNOTS.);
#10101 = CARTESIAN_POINT('',(0.,25.422222222222));
#10102 = CARTESIAN_POINT('',(30.,25.422222222222));
#10103 = ( GEOMETRIC_REPRESENTATION_CONTEXT(2) 
PARAMETRIC_REPRESENTATION_CONTEXT() REPRESENTATION_CONTEXT('2D SPACE',''
  ) );
#10104 = ORIENTED_EDGE('',*,*,#6513,.T.);
#10105 = ORIENTED_EDGE('',*,*,#10106,.T.);
#10106 = EDGE_CURVE('',#6516,#2776,#10107,.T.);
#10107 = SURFACE_CURVE('',#10108,(#10112,#10118),.PCURVE_S1.);
#10108 = LINE('',#10109,#10110);
#10109 = CARTESIAN_POINT('',(6.755555555556,5.955555555556,0.));
#10110 = VECTOR('',#10111,1.);
#10111 = DIRECTION('',(0.,0.,1.));
#10112 = PCURVE('',#2791,#10113);
#10113 = DEFINITIONAL_REPRESENTATION('',(#10114),#10117);
#10114 = B_SPLINE_CURVE_WITH_KNOTS('',1,(#10115,#10116),.UNSPECIFIED.,
  .F.,.F.,(2,2),(0.,30.),.PIECEWISE_BEZIER_KNOTS.);
#10115 = CARTESIAN_POINT('',(0.,-24.62222222222));
#10116 = CARTESIAN_POINT('',(30.,-24.62222222222));
#10117 = ( GEOMETRIC_REPRESENTATION_CONTEXT(2) 
PARAMETRIC_REPRESENTATION_CONTEXT() REPRESENTATION_CONTEXT('2D SPACE',''
  ) );
#10118 = PCURVE('',#2819,#10119);
#10119 = DEFINITIONAL_REPRESENTATION('',(#10120),#10123);
#10120 = B_SPLINE_CURVE_WITH_KNOTS('',1,(#10121,#10122),.UNSPECIFIED.,
  .F.,.F.,(2,2),(0.,30.),.PIECEWISE_BEZIER_KNOTS.);
#10121 = CARTESIAN_POINT('',(0.,25.422222222222));
#10122 = CARTESIAN_POINT('',(30.,25.422222222222));
#10123 = ( GEOMETRIC_REPRESENTATION_CONTEXT(2) 
PARAMETRIC_REPRESENTATION_CONTEXT() REPRESENTATION_CONTEXT('2D SPACE',''
  ) );
#10124 = ADVANCED_FACE('',(#10125),#2873,.T.);
#10125 = FACE_BOUND('',#10126,.T.);
#10126 = EDGE_LOOP('',(#10127,#10128,#10129,#10130));
#10127 = ORIENTED_EDGE('',*,*,#6584,.F.);
#10128 = ORIENTED_EDGE('',*,*,#10086,.T.);
#10129 = ORIENTED_EDGE('',*,*,#2859,.T.);
#10130 = ORIENTED_EDGE('',*,*,#10131,.F.);
#10131 = EDGE_CURVE('',#6562,#2832,#10132,.T.);
#10132 = SURFACE_CURVE('',#10133,(#10137,#10143),.PCURVE_S1.);
#10133 = LINE('',#10134,#10135);
#10134 = CARTESIAN_POINT('',(12.311111111111,0.4,0.));
#10135 = VECTOR('',#10136,1.);
#10136 = DIRECTION('',(0.,0.,1.));
#10137 = PCURVE('',#2873,#10138);
#10138 = DEFINITIONAL_REPRESENTATION('',(#10139),#10142);
#10139 = B_SPLINE_CURVE_WITH_KNOTS('',1,(#10140,#10141),.UNSPECIFIED.,
  .F.,.F.,(2,2),(0.,30.),.PIECEWISE_BEZIER_KNOTS.);
#10140 = CARTESIAN_POINT('',(0.,30.977777777778));
#10141 = CARTESIAN_POINT('',(30.,30.977777777778));
#10142 = ( GEOMETRIC_REPRESENTATION_CONTEXT(2) 
PARAMETRIC_REPRESENTATION_CONTEXT() REPRESENTATION_CONTEXT('2D SPACE',''
  ) );
#10143 = PCURVE('',#2847,#10144);
#10144 = DEFINITIONAL_REPRESENTATION('',(#10145),#10148);
#10145 = B_SPLINE_CURVE_WITH_KNOTS('',1,(#10146,#10147),.UNSPECIFIED.,
  .F.,.F.,(2,2),(0.,30.),.PIECEWISE_BEZIER_KNOTS.);
#10146 = CARTESIAN_POINT('',(0.,-19.06666666666));
#10147 = CARTESIAN_POINT('',(30.,-19.06666666666));
#10148 = ( GEOMETRIC_REPRESENTATION_CONTEXT(2) 
PARAMETRIC_REPRESENTATION_CONTEXT() REPRESENTATION_CONTEXT('2D SPACE',''
  ) );
#10149 = ADVANCED_FACE('',(#10150),#2819,.F.);
#10150 = FACE_BOUND('',#10151,.F.);
#10151 = EDGE_LOOP('',(#10152,#10153,#10154,#10155));
#10152 = ORIENTED_EDGE('',*,*,#6538,.F.);
#10153 = ORIENTED_EDGE('',*,*,#10106,.T.);
#10154 = ORIENTED_EDGE('',*,*,#2803,.T.);
#10155 = ORIENTED_EDGE('',*,*,#10156,.F.);
#10156 = EDGE_CURVE('',#6539,#2804,#10157,.T.);
#10157 = SURFACE_CURVE('',#10158,(#10162,#10168),.PCURVE_S1.);
#10158 = LINE('',#10159,#10160);
#10159 = CARTESIAN_POINT('',(12.311111111111,5.955555555556,0.));
#10160 = VECTOR('',#10161,1.);
#10161 = DIRECTION('',(0.,0.,1.));
#10162 = PCURVE('',#2819,#10163);
#10163 = DEFINITIONAL_REPRESENTATION('',(#10164),#10167);
#10164 = B_SPLINE_CURVE_WITH_KNOTS('',1,(#10165,#10166),.UNSPECIFIED.,
  .F.,.F.,(2,2),(0.,30.),.PIECEWISE_BEZIER_KNOTS.);
#10165 = CARTESIAN_POINT('',(0.,30.977777777778));
#10166 = CARTESIAN_POINT('',(30.,30.977777777778));
#10167 = ( GEOMETRIC_REPRESENTATION_CONTEXT(2) 
PARAMETRIC_REPRESENTATION_CONTEXT() REPRESENTATION_CONTEXT('2D SPACE',''
  ) );
#10168 = PCURVE('',#2847,#10169);
#10169 = DEFINITIONAL_REPRESENTATION('',(#10170),#10173);
#10170 = B_SPLINE_CURVE_WITH_KNOTS('',1,(#10171,#10172),.UNSPECIFIED.,
  .F.,.F.,(2,2),(0.,30.),.PIECEWISE_BEZIER_KNOTS.);
#10171 = CARTESIAN_POINT('',(0.,-24.62222222222));
#10172 = CARTESIAN_POINT('',(30.,-24.62222222222));
#10173 = ( GEOMETRIC_REPRESENTATION_CONTEXT(2) 
PARAMETRIC_REPRESENTATION_CONTEXT() REPRESENTATION_CONTEXT('2D SPACE',''
  ) );
#10174 = ADVANCED_FACE('',(#10175),#2847,.F.);
#10175 = FACE_BOUND('',#10176,.F.);
#10176 = EDGE_LOOP('',(#10177,#10178,#10179,#10180));
#10177 = ORIENTED_EDGE('',*,*,#2831,.F.);
#10178 = ORIENTED_EDGE('',*,*,#10131,.F.);
#10179 = ORIENTED_EDGE('',*,*,#6561,.T.);
#10180 = ORIENTED_EDGE('',*,*,#10156,.T.);
#10181 = ADVANCED_FACE('',(#10182),#2905,.F.);
#10182 = FACE_BOUND('',#10183,.F.);
#10183 = EDGE_LOOP('',(#10184,#10185,#10206,#10207));
#10184 = ORIENTED_EDGE('',*,*,#2887,.F.);
#10185 = ORIENTED_EDGE('',*,*,#10186,.F.);
#10186 = EDGE_CURVE('',#6608,#2888,#10187,.T.);
#10187 = SURFACE_CURVE('',#10188,(#10192,#10199),.PCURVE_S1.);
#10188 = LINE('',#10189,#10190);
#10189 = CARTESIAN_POINT('',(18.666666666667,0.4,0.));
#10190 = VECTOR('',#10191,1.);
#10191 = DIRECTION('',(0.,0.,1.));
#10192 = PCURVE('',#2905,#10193);
#10193 = DEFINITIONAL_REPRESENTATION('',(#10194),#10198);
#10194 = LINE('',#10195,#10196);
#10195 = CARTESIAN_POINT('',(0.,-19.06666666666));
#10196 = VECTOR('',#10197,1.);
#10197 = DIRECTION('',(1.,0.));
#10198 = ( GEOMETRIC_REPRESENTATION_CONTEXT(2) 
PARAMETRIC_REPRESENTATION_CONTEXT() REPRESENTATION_CONTEXT('2D SPACE',''
  ) );
#10199 = PCURVE('',#2933,#10200);
#10200 = DEFINITIONAL_REPRESENTATION('',(#10201),#10205);
#10201 = LINE('',#10202,#10203);
#10202 = CARTESIAN_POINT('',(0.,37.333333333333));
#10203 = VECTOR('',#10204,1.);
#10204 = DIRECTION('',(1.,0.));
#10205 = ( GEOMETRIC_REPRESENTATION_CONTEXT(2) 
PARAMETRIC_REPRESENTATION_CONTEXT() REPRESENTATION_CONTEXT('2D SPACE',''
  ) );
#10206 = ORIENTED_EDGE('',*,*,#6607,.T.);
#10207 = ORIENTED_EDGE('',*,*,#10208,.T.);
#10208 = EDGE_CURVE('',#6610,#2890,#10209,.T.);
#10209 = SURFACE_CURVE('',#10210,(#10214,#10221),.PCURVE_S1.);
#10210 = LINE('',#10211,#10212);
#10211 = CARTESIAN_POINT('',(18.666666666667,5.955555555556,0.));
#10212 = VECTOR('',#10213,1.);
#10213 = DIRECTION('',(0.,0.,1.));
#10214 = PCURVE('',#2905,#10215);
#10215 = DEFINITIONAL_REPRESENTATION('',(#10216),#10220);
#10216 = LINE('',#10217,#10218);
#10217 = CARTESIAN_POINT('',(0.,-24.62222222222));
#10218 = VECTOR('',#10219,1.);
#10219 = DIRECTION('',(1.,0.));
#10220 = ( GEOMETRIC_REPRESENTATION_CONTEXT(2) 
PARAMETRIC_REPRESENTATION_CONTEXT() REPRESENTATION_CONTEXT('2D SPACE',''
  ) );
#10221 = PCURVE('',#2987,#10222);
#10222 = DEFINITIONAL_REPRESENTATION('',(#10223),#10227);
#10223 = LINE('',#10224,#10225);
#10224 = CARTESIAN_POINT('',(0.,37.333333333333));
#10225 = VECTOR('',#10226,1.);
#10226 = DIRECTION('',(1.,0.));
#10227 = ( GEOMETRIC_REPRESENTATION_CONTEXT(2) 
PARAMETRIC_REPRESENTATION_CONTEXT() REPRESENTATION_CONTEXT('2D SPACE',''
  ) );
#10228 = ADVANCED_FACE('',(#10229),#2933,.T.);
#10229 = FACE_BOUND('',#10230,.T.);
#10230 = EDGE_LOOP('',(#10231,#10232,#10251,#10252));
#10231 = ORIENTED_EDGE('',*,*,#6632,.F.);
#10232 = ORIENTED_EDGE('',*,*,#10233,.T.);
#10233 = EDGE_CURVE('',#6633,#2918,#10234,.T.);
#10234 = SURFACE_CURVE('',#10235,(#10239,#10245),.PCURVE_S1.);
#10235 = LINE('',#10236,#10237);
#10236 = CARTESIAN_POINT('',(13.111111111111,0.4,0.));
#10237 = VECTOR('',#10238,1.);
#10238 = DIRECTION('',(0.,0.,1.));
#10239 = PCURVE('',#2933,#10240);
#10240 = DEFINITIONAL_REPRESENTATION('',(#10241),#10244);
#10241 = B_SPLINE_CURVE_WITH_KNOTS('',1,(#10242,#10243),.UNSPECIFIED.,
  .F.,.F.,(2,2),(0.,30.),.PIECEWISE_BEZIER_KNOTS.);
#10242 = CARTESIAN_POINT('',(0.,31.777777777778));
#10243 = CARTESIAN_POINT('',(30.,31.777777777778));
#10244 = ( GEOMETRIC_REPRESENTATION_CONTEXT(2) 
PARAMETRIC_REPRESENTATION_CONTEXT() REPRESENTATION_CONTEXT('2D SPACE',''
  ) );
#10245 = PCURVE('',#2961,#10246);
#10246 = DEFINITIONAL_REPRESENTATION('',(#10247),#10250);
#10247 = B_SPLINE_CURVE_WITH_KNOTS('',1,(#10248,#10249),.UNSPECIFIED.,
  .F.,.F.,(2,2),(0.,30.),.PIECEWISE_BEZIER_KNOTS.);
#10248 = CARTESIAN_POINT('',(0.,-19.06666666666));
#10249 = CARTESIAN_POINT('',(30.,-19.06666666666));
#10250 = ( GEOMETRIC_REPRESENTATION_CONTEXT(2) 
PARAMETRIC_REPRESENTATION_CONTEXT() REPRESENTATION_CONTEXT('2D SPACE',''
  ) );
#10251 = ORIENTED_EDGE('',*,*,#2917,.T.);
#10252 = ORIENTED_EDGE('',*,*,#10186,.F.);
#10253 = ADVANCED_FACE('',(#10254),#2987,.F.);
#10254 = FACE_BOUND('',#10255,.F.);
#10255 = EDGE_LOOP('',(#10256,#10257,#10276,#10277));
#10256 = ORIENTED_EDGE('',*,*,#6678,.F.);
#10257 = ORIENTED_EDGE('',*,*,#10258,.T.);
#10258 = EDGE_CURVE('',#6656,#2946,#10259,.T.);
#10259 = SURFACE_CURVE('',#10260,(#10264,#10270),.PCURVE_S1.);
#10260 = LINE('',#10261,#10262);
#10261 = CARTESIAN_POINT('',(13.111111111111,5.955555555556,0.));
#10262 = VECTOR('',#10263,1.);
#10263 = DIRECTION('',(0.,0.,1.));
#10264 = PCURVE('',#2987,#10265);
#10265 = DEFINITIONAL_REPRESENTATION('',(#10266),#10269);
#10266 = B_SPLINE_CURVE_WITH_KNOTS('',1,(#10267,#10268),.UNSPECIFIED.,
  .F.,.F.,(2,2),(0.,30.),.PIECEWISE_BEZIER_KNOTS.);
#10267 = CARTESIAN_POINT('',(0.,31.777777777778));
#10268 = CARTESIAN_POINT('',(30.,31.777777777778));
#10269 = ( GEOMETRIC_REPRESENTATION_CONTEXT(2) 
PARAMETRIC_REPRESENTATION_CONTEXT() REPRESENTATION_CONTEXT('2D SPACE',''
  ) );
#10270 = PCURVE('',#2961,#10271);
#10271 = DEFINITIONAL_REPRESENTATION('',(#10272),#10275);
#10272 = B_SPLINE_CURVE_WITH_KNOTS('',1,(#10273,#10274),.UNSPECIFIED.,
  .F.,.F.,(2,2),(0.,30.),.PIECEWISE_BEZIER_KNOTS.);
#10273 = CARTESIAN_POINT('',(0.,-24.62222222222));
#10274 = CARTESIAN_POINT('',(30.,-24.62222222222));
#10275 = ( GEOMETRIC_REPRESENTATION_CONTEXT(2) 
PARAMETRIC_REPRESENTATION_CONTEXT() REPRESENTATION_CONTEXT('2D SPACE',''
  ) );
#10276 = ORIENTED_EDGE('',*,*,#2973,.T.);
#10277 = ORIENTED_EDGE('',*,*,#10208,.F.);
#10278 = ADVANCED_FACE('',(#10279),#2961,.T.);
#10279 = FACE_BOUND('',#10280,.T.);
#10280 = EDGE_LOOP('',(#10281,#10282,#10283,#10284));
#10281 = ORIENTED_EDGE('',*,*,#2945,.F.);
#10282 = ORIENTED_EDGE('',*,*,#10233,.F.);
#10283 = ORIENTED_EDGE('',*,*,#6655,.T.);
#10284 = ORIENTED_EDGE('',*,*,#10258,.T.);
#10285 = ADVANCED_FACE('',(#10286),#3019,.F.);
#10286 = FACE_BOUND('',#10287,.F.);
#10287 = EDGE_LOOP('',(#10288,#10289,#10310,#10311));
#10288 = ORIENTED_EDGE('',*,*,#3001,.F.);
#10289 = ORIENTED_EDGE('',*,*,#10290,.F.);
#10290 = EDGE_CURVE('',#6702,#3002,#10291,.T.);
#10291 = SURFACE_CURVE('',#10292,(#10296,#10303),.PCURVE_S1.);
#10292 = LINE('',#10293,#10294);
#10293 = CARTESIAN_POINT('',(18.666666666667,6.755555555556,0.));
#10294 = VECTOR('',#10295,1.);
#10295 = DIRECTION('',(0.,0.,1.));
#10296 = PCURVE('',#3019,#10297);
#10297 = DEFINITIONAL_REPRESENTATION('',(#10298),#10302);
#10298 = LINE('',#10299,#10300);
#10299 = CARTESIAN_POINT('',(0.,-25.42222222222));
#10300 = VECTOR('',#10301,1.);
#10301 = DIRECTION('',(1.,0.));
#10302 = ( GEOMETRIC_REPRESENTATION_CONTEXT(2) 
PARAMETRIC_REPRESENTATION_CONTEXT() REPRESENTATION_CONTEXT('2D SPACE',''
  ) );
#10303 = PCURVE('',#3047,#10304);
#10304 = DEFINITIONAL_REPRESENTATION('',(#10305),#10309);
#10305 = LINE('',#10306,#10307);
#10306 = CARTESIAN_POINT('',(0.,37.333333333333));
#10307 = VECTOR('',#10308,1.);
#10308 = DIRECTION('',(1.,0.));
#10309 = ( GEOMETRIC_REPRESENTATION_CONTEXT(2) 
PARAMETRIC_REPRESENTATION_CONTEXT() REPRESENTATION_CONTEXT('2D SPACE',''
  ) );
#10310 = ORIENTED_EDGE('',*,*,#6701,.T.);
#10311 = ORIENTED_EDGE('',*,*,#10312,.T.);
#10312 = EDGE_CURVE('',#6704,#3004,#10313,.T.);
#10313 = SURFACE_CURVE('',#10314,(#10318,#10325),.PCURVE_S1.);
#10314 = LINE('',#10315,#10316);
#10315 = CARTESIAN_POINT('',(18.666666666667,12.311111111111,0.));
#10316 = VECTOR('',#10317,1.);
#10317 = DIRECTION('',(0.,0.,1.));
#10318 = PCURVE('',#3019,#10319);
#10319 = DEFINITIONAL_REPRESENTATION('',(#10320),#10324);
#10320 = LINE('',#10321,#10322);
#10321 = CARTESIAN_POINT('',(0.,-30.97777777777));
#10322 = VECTOR('',#10323,1.);
#10323 = DIRECTION('',(1.,0.));
#10324 = ( GEOMETRIC_REPRESENTATION_CONTEXT(2) 
PARAMETRIC_REPRESENTATION_CONTEXT() REPRESENTATION_CONTEXT('2D SPACE',''
  ) );
#10325 = PCURVE('',#3101,#10326);
#10326 = DEFINITIONAL_REPRESENTATION('',(#10327),#10331);
#10327 = LINE('',#10328,#10329);
#10328 = CARTESIAN_POINT('',(0.,37.333333333333));
#10329 = VECTOR('',#10330,1.);
#10330 = DIRECTION('',(1.,0.));
#10331 = ( GEOMETRIC_REPRESENTATION_CONTEXT(2) 
PARAMETRIC_REPRESENTATION_CONTEXT() REPRESENTATION_CONTEXT('2D SPACE',''
  ) );
#10332 = ADVANCED_FACE('',(#10333),#3133,.F.);
#10333 = FACE_BOUND('',#10334,.F.);
#10334 = EDGE_LOOP('',(#10335,#10336,#10357,#10358));
#10335 = ORIENTED_EDGE('',*,*,#3115,.F.);
#10336 = ORIENTED_EDGE('',*,*,#10337,.F.);
#10337 = EDGE_CURVE('',#6796,#3116,#10338,.T.);
#10338 = SURFACE_CURVE('',#10339,(#10343,#10350),.PCURVE_S1.);
#10339 = LINE('',#10340,#10341);
#10340 = CARTESIAN_POINT('',(18.666666666667,13.111111111111,0.));
#10341 = VECTOR('',#10342,1.);
#10342 = DIRECTION('',(0.,0.,1.));
#10343 = PCURVE('',#3133,#10344);
#10344 = DEFINITIONAL_REPRESENTATION('',(#10345),#10349);
#10345 = LINE('',#10346,#10347);
#10346 = CARTESIAN_POINT('',(0.,-31.77777777777));
#10347 = VECTOR('',#10348,1.);
#10348 = DIRECTION('',(1.,0.));
#10349 = ( GEOMETRIC_REPRESENTATION_CONTEXT(2) 
PARAMETRIC_REPRESENTATION_CONTEXT() REPRESENTATION_CONTEXT('2D SPACE',''
  ) );
#10350 = PCURVE('',#3161,#10351);
#10351 = DEFINITIONAL_REPRESENTATION('',(#10352),#10356);
#10352 = LINE('',#10353,#10354);
#10353 = CARTESIAN_POINT('',(0.,37.333333333333));
#10354 = VECTOR('',#10355,1.);
#10355 = DIRECTION('',(1.,0.));
#10356 = ( GEOMETRIC_REPRESENTATION_CONTEXT(2) 
PARAMETRIC_REPRESENTATION_CONTEXT() REPRESENTATION_CONTEXT('2D SPACE',''
  ) );
#10357 = ORIENTED_EDGE('',*,*,#6795,.T.);
#10358 = ORIENTED_EDGE('',*,*,#10359,.T.);
#10359 = EDGE_CURVE('',#6798,#3118,#10360,.T.);
#10360 = SURFACE_CURVE('',#10361,(#10365,#10372),.PCURVE_S1.);
#10361 = LINE('',#10362,#10363);
#10362 = CARTESIAN_POINT('',(18.666666666667,18.666666666667,0.));
#10363 = VECTOR('',#10364,1.);
#10364 = DIRECTION('',(0.,0.,1.));
#10365 = PCURVE('',#3133,#10366);
#10366 = DEFINITIONAL_REPRESENTATION('',(#10367),#10371);
#10367 = LINE('',#10368,#10369);
#10368 = CARTESIAN_POINT('',(0.,-37.33333333333));
#10369 = VECTOR('',#10370,1.);
#10370 = DIRECTION('',(1.,0.));
#10371 = ( GEOMETRIC_REPRESENTATION_CONTEXT(2) 
PARAMETRIC_REPRESENTATION_CONTEXT() REPRESENTATION_CONTEXT('2D SPACE',''
  ) );
#10372 = PCURVE('',#3215,#10373);
#10373 = DEFINITIONAL_REPRESENTATION('',(#10374),#10378);
#10374 = LINE('',#10375,#10376);
#10375 = CARTESIAN_POINT('',(0.,37.333333333333));
#10376 = VECTOR('',#10377,1.);
#10377 = DIRECTION('',(1.,0.));
#10378 = ( GEOMETRIC_REPRESENTATION_CONTEXT(2) 
PARAMETRIC_REPRESENTATION_CONTEXT() REPRESENTATION_CONTEXT('2D SPACE',''
  ) );
#10379 = ADVANCED_FACE('',(#10380),#3215,.F.);
#10380 = FACE_BOUND('',#10381,.F.);
#10381 = EDGE_LOOP('',(#10382,#10383,#10404,#10405));
#10382 = ORIENTED_EDGE('',*,*,#6866,.F.);
#10383 = ORIENTED_EDGE('',*,*,#10384,.T.);
#10384 = EDGE_CURVE('',#6844,#3174,#10385,.T.);
#10385 = SURFACE_CURVE('',#10386,(#10390,#10397),.PCURVE_S1.);
#10386 = LINE('',#10387,#10388);
#10387 = CARTESIAN_POINT('',(13.111111111111,18.666666666667,0.));
#10388 = VECTOR('',#10389,1.);
#10389 = DIRECTION('',(0.,0.,1.));
#10390 = PCURVE('',#3215,#10391);
#10391 = DEFINITIONAL_REPRESENTATION('',(#10392),#10396);
#10392 = LINE('',#10393,#10394);
#10393 = CARTESIAN_POINT('',(0.,31.777777777778));
#10394 = VECTOR('',#10395,1.);
#10395 = DIRECTION('',(1.,0.));
#10396 = ( GEOMETRIC_REPRESENTATION_CONTEXT(2) 
PARAMETRIC_REPRESENTATION_CONTEXT() REPRESENTATION_CONTEXT('2D SPACE',''
  ) );
#10397 = PCURVE('',#3189,#10398);
#10398 = DEFINITIONAL_REPRESENTATION('',(#10399),#10403);
#10399 = LINE('',#10400,#10401);
#10400 = CARTESIAN_POINT('',(0.,-37.33333333333));
#10401 = VECTOR('',#10402,1.);
#10402 = DIRECTION('',(1.,0.));
#10403 = ( GEOMETRIC_REPRESENTATION_CONTEXT(2) 
PARAMETRIC_REPRESENTATION_CONTEXT() REPRESENTATION_CONTEXT('2D SPACE',''
  ) );
#10404 = ORIENTED_EDGE('',*,*,#3201,.T.);
#10405 = ORIENTED_EDGE('',*,*,#10359,.F.);
#10406 = ADVANCED_FACE('',(#10407),#3189,.T.);
#10407 = FACE_BOUND('',#10408,.T.);
#10408 = EDGE_LOOP('',(#10409,#10410,#10429,#10430));
#10409 = ORIENTED_EDGE('',*,*,#3173,.F.);
#10410 = ORIENTED_EDGE('',*,*,#10411,.F.);
#10411 = EDGE_CURVE('',#6821,#3146,#10412,.T.);
#10412 = SURFACE_CURVE('',#10413,(#10417,#10423),.PCURVE_S1.);
#10413 = LINE('',#10414,#10415);
#10414 = CARTESIAN_POINT('',(13.111111111111,13.111111111111,0.));
#10415 = VECTOR('',#10416,1.);
#10416 = DIRECTION('',(0.,0.,1.));
#10417 = PCURVE('',#3189,#10418);
#10418 = DEFINITIONAL_REPRESENTATION('',(#10419),#10422);
#10419 = B_SPLINE_CURVE_WITH_KNOTS('',1,(#10420,#10421),.UNSPECIFIED.,
  .F.,.F.,(2,2),(0.,30.),.PIECEWISE_BEZIER_KNOTS.);
#10420 = CARTESIAN_POINT('',(0.,-31.77777777777));
#10421 = CARTESIAN_POINT('',(30.,-31.77777777777));
#10422 = ( GEOMETRIC_REPRESENTATION_CONTEXT(2) 
PARAMETRIC_REPRESENTATION_CONTEXT() REPRESENTATION_CONTEXT('2D SPACE',''
  ) );
#10423 = PCURVE('',#3161,#10424);
#10424 = DEFINITIONAL_REPRESENTATION('',(#10425),#10428);
#10425 = B_SPLINE_CURVE_WITH_KNOTS('',1,(#10426,#10427),.UNSPECIFIED.,
  .F.,.F.,(2,2),(0.,30.),.PIECEWISE_BEZIER_KNOTS.);
#10426 = CARTESIAN_POINT('',(0.,31.777777777778));
#10427 = CARTESIAN_POINT('',(30.,31.777777777778));
#10428 = ( GEOMETRIC_REPRESENTATION_CONTEXT(2) 
PARAMETRIC_REPRESENTATION_CONTEXT() REPRESENTATION_CONTEXT('2D SPACE',''
  ) );
#10429 = ORIENTED_EDGE('',*,*,#6843,.T.);
#10430 = ORIENTED_EDGE('',*,*,#10384,.T.);
#10431 = ADVANCED_FACE('',(#10432),#3247,.F.);
#10432 = FACE_BOUND('',#10433,.F.);
#10433 = EDGE_LOOP('',(#10434,#10435,#10454,#10455));
#10434 = ORIENTED_EDGE('',*,*,#3229,.F.);
#10435 = ORIENTED_EDGE('',*,*,#10436,.F.);
#10436 = EDGE_CURVE('',#6890,#3230,#10437,.T.);
#10437 = SURFACE_CURVE('',#10438,(#10442,#10448),.PCURVE_S1.);
#10438 = LINE('',#10439,#10440);
#10439 = CARTESIAN_POINT('',(12.311111111111,13.111111111111,0.));
#10440 = VECTOR('',#10441,1.);
#10441 = DIRECTION('',(0.,0.,1.));
#10442 = PCURVE('',#3247,#10443);
#10443 = DEFINITIONAL_REPRESENTATION('',(#10444),#10447);
#10444 = B_SPLINE_CURVE_WITH_KNOTS('',1,(#10445,#10446),.UNSPECIFIED.,
  .F.,.F.,(2,2),(0.,30.),.PIECEWISE_BEZIER_KNOTS.);
#10445 = CARTESIAN_POINT('',(0.,-31.77777777777));
#10446 = CARTESIAN_POINT('',(30.,-31.77777777777));
#10447 = ( GEOMETRIC_REPRESENTATION_CONTEXT(2) 
PARAMETRIC_REPRESENTATION_CONTEXT() REPRESENTATION_CONTEXT('2D SPACE',''
  ) );
#10448 = PCURVE('',#3275,#10449);
#10449 = DEFINITIONAL_REPRESENTATION('',(#10450),#10453);
#10450 = B_SPLINE_CURVE_WITH_KNOTS('',1,(#10451,#10452),.UNSPECIFIED.,
  .F.,.F.,(2,2),(0.,30.),.PIECEWISE_BEZIER_KNOTS.);
#10451 = CARTESIAN_POINT('',(0.,30.977777777778));
#10452 = CARTESIAN_POINT('',(30.,30.977777777778));
#10453 = ( GEOMETRIC_REPRESENTATION_CONTEXT(2) 
PARAMETRIC_REPRESENTATION_CONTEXT() REPRESENTATION_CONTEXT('2D SPACE',''
  ) );
#10454 = ORIENTED_EDGE('',*,*,#6889,.T.);
#10455 = ORIENTED_EDGE('',*,*,#10456,.T.);
#10456 = EDGE_CURVE('',#6892,#3232,#10457,.T.);
#10457 = SURFACE_CURVE('',#10458,(#10462,#10469),.PCURVE_S1.);
#10458 = LINE('',#10459,#10460);
#10459 = CARTESIAN_POINT('',(12.311111111111,18.666666666667,0.));
#10460 = VECTOR('',#10461,1.);
#10461 = DIRECTION('',(0.,0.,1.));
#10462 = PCURVE('',#3247,#10463);
#10463 = DEFINITIONAL_REPRESENTATION('',(#10464),#10468);
#10464 = LINE('',#10465,#10466);
#10465 = CARTESIAN_POINT('',(0.,-37.33333333333));
#10466 = VECTOR('',#10467,1.);
#10467 = DIRECTION('',(1.,0.));
#10468 = ( GEOMETRIC_REPRESENTATION_CONTEXT(2) 
PARAMETRIC_REPRESENTATION_CONTEXT() REPRESENTATION_CONTEXT('2D SPACE',''
  ) );
#10469 = PCURVE('',#3329,#10470);
#10470 = DEFINITIONAL_REPRESENTATION('',(#10471),#10475);
#10471 = LINE('',#10472,#10473);
#10472 = CARTESIAN_POINT('',(0.,30.977777777778));
#10473 = VECTOR('',#10474,1.);
#10474 = DIRECTION('',(1.,0.));
#10475 = ( GEOMETRIC_REPRESENTATION_CONTEXT(2) 
PARAMETRIC_REPRESENTATION_CONTEXT() REPRESENTATION_CONTEXT('2D SPACE',''
  ) );
#10476 = ADVANCED_FACE('',(#10477),#3329,.F.);
#10477 = FACE_BOUND('',#10478,.F.);
#10478 = EDGE_LOOP('',(#10479,#10480,#10501,#10502));
#10479 = ORIENTED_EDGE('',*,*,#6960,.F.);
#10480 = ORIENTED_EDGE('',*,*,#10481,.T.);
#10481 = EDGE_CURVE('',#6938,#3288,#10482,.T.);
#10482 = SURFACE_CURVE('',#10483,(#10487,#10494),.PCURVE_S1.);
#10483 = LINE('',#10484,#10485);
#10484 = CARTESIAN_POINT('',(6.755555555556,18.666666666667,0.));
#10485 = VECTOR('',#10486,1.);
#10486 = DIRECTION('',(0.,0.,1.));
#10487 = PCURVE('',#3329,#10488);
#10488 = DEFINITIONAL_REPRESENTATION('',(#10489),#10493);
#10489 = LINE('',#10490,#10491);
#10490 = CARTESIAN_POINT('',(0.,25.422222222222));
#10491 = VECTOR('',#10492,1.);
#10492 = DIRECTION('',(1.,0.));
#10493 = ( GEOMETRIC_REPRESENTATION_CONTEXT(2) 
PARAMETRIC_REPRESENTATION_CONTEXT() REPRESENTATION_CONTEXT('2D SPACE',''
  ) );
#10494 = PCURVE('',#3303,#10495);
#10495 = DEFINITIONAL_REPRESENTATION('',(#10496),#10500);
#10496 = LINE('',#10497,#10498);
#10497 = CARTESIAN_POINT('',(0.,-37.33333333333));
#10498 = VECTOR('',#10499,1.);
#10499 = DIRECTION('',(1.,0.));
#10500 = ( GEOMETRIC_REPRESENTATION_CONTEXT(2) 
PARAMETRIC_REPRESENTATION_CONTEXT() REPRESENTATION_CONTEXT('2D SPACE',''
  ) );
#10501 = ORIENTED_EDGE('',*,*,#3315,.T.);
#10502 = ORIENTED_EDGE('',*,*,#10456,.F.);
#10503 = ADVANCED_FACE('',(#10504),#3303,.T.);
#10504 = FACE_BOUND('',#10505,.T.);
#10505 = EDGE_LOOP('',(#10506,#10507,#10526,#10527));
#10506 = ORIENTED_EDGE('',*,*,#3287,.F.);
#10507 = ORIENTED_EDGE('',*,*,#10508,.F.);
#10508 = EDGE_CURVE('',#6915,#3260,#10509,.T.);
#10509 = SURFACE_CURVE('',#10510,(#10514,#10520),.PCURVE_S1.);
#10510 = LINE('',#10511,#10512);
#10511 = CARTESIAN_POINT('',(6.755555555556,13.111111111111,0.));
#10512 = VECTOR('',#10513,1.);
#10513 = DIRECTION('',(0.,0.,1.));
#10514 = PCURVE('',#3303,#10515);
#10515 = DEFINITIONAL_REPRESENTATION('',(#10516),#10519);
#10516 = B_SPLINE_CURVE_WITH_KNOTS('',1,(#10517,#10518),.UNSPECIFIED.,
  .F.,.F.,(2,2),(0.,30.),.PIECEWISE_BEZIER_KNOTS.);
#10517 = CARTESIAN_POINT('',(0.,-31.77777777777));
#10518 = CARTESIAN_POINT('',(30.,-31.77777777777));
#10519 = ( GEOMETRIC_REPRESENTATION_CONTEXT(2) 
PARAMETRIC_REPRESENTATION_CONTEXT() REPRESENTATION_CONTEXT('2D SPACE',''
  ) );
#10520 = PCURVE('',#3275,#10521);
#10521 = DEFINITIONAL_REPRESENTATION('',(#10522),#10525);
#10522 = B_SPLINE_CURVE_WITH_KNOTS('',1,(#10523,#10524),.UNSPECIFIED.,
  .F.,.F.,(2,2),(0.,30.),.PIECEWISE_BEZIER_KNOTS.);
#10523 = CARTESIAN_POINT('',(0.,25.422222222222));
#10524 = CARTESIAN_POINT('',(30.,25.422222222222));
#10525 = ( GEOMETRIC_REPRESENTATION_CONTEXT(2) 
PARAMETRIC_REPRESENTATION_CONTEXT() REPRESENTATION_CONTEXT('2D SPACE',''
  ) );
#10526 = ORIENTED_EDGE('',*,*,#6937,.T.);
#10527 = ORIENTED_EDGE('',*,*,#10481,.T.);
#10528 = ADVANCED_FACE('',(#10529),#3361,.F.);
#10529 = FACE_BOUND('',#10530,.F.);
#10530 = EDGE_LOOP('',(#10531,#10532,#10551,#10552));
#10531 = ORIENTED_EDGE('',*,*,#3343,.F.);
#10532 = ORIENTED_EDGE('',*,*,#10533,.F.);
#10533 = EDGE_CURVE('',#6984,#3344,#10534,.T.);
#10534 = SURFACE_CURVE('',#10535,(#10539,#10545),.PCURVE_S1.);
#10535 = LINE('',#10536,#10537);
#10536 = CARTESIAN_POINT('',(5.955555555556,13.111111111111,0.));
#10537 = VECTOR('',#10538,1.);
#10538 = DIRECTION('',(0.,0.,1.));
#10539 = PCURVE('',#3361,#10540);
#10540 = DEFINITIONAL_REPRESENTATION('',(#10541),#10544);
#10541 = B_SPLINE_CURVE_WITH_KNOTS('',1,(#10542,#10543),.UNSPECIFIED.,
  .F.,.F.,(2,2),(0.,30.),.PIECEWISE_BEZIER_KNOTS.);
#10542 = CARTESIAN_POINT('',(0.,-31.77777777777));
#10543 = CARTESIAN_POINT('',(30.,-31.77777777777));
#10544 = ( GEOMETRIC_REPRESENTATION_CONTEXT(2) 
PARAMETRIC_REPRESENTATION_CONTEXT() REPRESENTATION_CONTEXT('2D SPACE',''
  ) );
#10545 = PCURVE('',#3389,#10546);
#10546 = DEFINITIONAL_REPRESENTATION('',(#10547),#10550);
#10547 = B_SPLINE_CURVE_WITH_KNOTS('',1,(#10548,#10549),.UNSPECIFIED.,
  .F.,.F.,(2,2),(0.,30.),.PIECEWISE_BEZIER_KNOTS.);
#10548 = CARTESIAN_POINT('',(0.,24.622222222222));
#10549 = CARTESIAN_POINT('',(30.,24.622222222222));
#10550 = ( GEOMETRIC_REPRESENTATION_CONTEXT(2) 
PARAMETRIC_REPRESENTATION_CONTEXT() REPRESENTATION_CONTEXT('2D SPACE',''
  ) );
#10551 = ORIENTED_EDGE('',*,*,#6983,.T.);
#10552 = ORIENTED_EDGE('',*,*,#10553,.T.);
#10553 = EDGE_CURVE('',#6986,#3346,#10554,.T.);
#10554 = SURFACE_CURVE('',#10555,(#10559,#10566),.PCURVE_S1.);
#10555 = LINE('',#10556,#10557);
#10556 = CARTESIAN_POINT('',(5.955555555556,18.666666666667,0.));
#10557 = VECTOR('',#10558,1.);
#10558 = DIRECTION('',(0.,0.,1.));
#10559 = PCURVE('',#3361,#10560);
#10560 = DEFINITIONAL_REPRESENTATION('',(#10561),#10565);
#10561 = LINE('',#10562,#10563);
#10562 = CARTESIAN_POINT('',(0.,-37.33333333333));
#10563 = VECTOR('',#10564,1.);
#10564 = DIRECTION('',(1.,0.));
#10565 = ( GEOMETRIC_REPRESENTATION_CONTEXT(2) 
PARAMETRIC_REPRESENTATION_CONTEXT() REPRESENTATION_CONTEXT('2D SPACE',''
  ) );
#10566 = PCURVE('',#3443,#10567);
#10567 = DEFINITIONAL_REPRESENTATION('',(#10568),#10572);
#10568 = LINE('',#10569,#10570);
#10569 = CARTESIAN_POINT('',(0.,24.622222222222));
#10570 = VECTOR('',#10571,1.);
#10571 = DIRECTION('',(1.,0.));
#10572 = ( GEOMETRIC_REPRESENTATION_CONTEXT(2) 
PARAMETRIC_REPRESENTATION_CONTEXT() REPRESENTATION_CONTEXT('2D SPACE',''
  ) );
#10573 = ADVANCED_FACE('',(#10574),#3443,.F.);
#10574 = FACE_BOUND('',#10575,.F.);
#10575 = EDGE_LOOP('',(#10576,#10577,#10598,#10599));
#10576 = ORIENTED_EDGE('',*,*,#7054,.F.);
#10577 = ORIENTED_EDGE('',*,*,#10578,.T.);
#10578 = EDGE_CURVE('',#7032,#3402,#10579,.T.);
#10579 = SURFACE_CURVE('',#10580,(#10584,#10591),.PCURVE_S1.);
#10580 = LINE('',#10581,#10582);
#10581 = CARTESIAN_POINT('',(0.4,18.666666666667,0.));
#10582 = VECTOR('',#10583,1.);
#10583 = DIRECTION('',(0.,0.,1.));
#10584 = PCURVE('',#3443,#10585);
#10585 = DEFINITIONAL_REPRESENTATION('',(#10586),#10590);
#10586 = LINE('',#10587,#10588);
#10587 = CARTESIAN_POINT('',(0.,19.066666666667));
#10588 = VECTOR('',#10589,1.);
#10589 = DIRECTION('',(1.,0.));
#10590 = ( GEOMETRIC_REPRESENTATION_CONTEXT(2) 
PARAMETRIC_REPRESENTATION_CONTEXT() REPRESENTATION_CONTEXT('2D SPACE',''
  ) );
#10591 = PCURVE('',#3417,#10592);
#10592 = DEFINITIONAL_REPRESENTATION('',(#10593),#10597);
#10593 = LINE('',#10594,#10595);
#10594 = CARTESIAN_POINT('',(0.,-37.33333333333));
#10595 = VECTOR('',#10596,1.);
#10596 = DIRECTION('',(1.,0.));
#10597 = ( GEOMETRIC_REPRESENTATION_CONTEXT(2) 
PARAMETRIC_REPRESENTATION_CONTEXT() REPRESENTATION_CONTEXT('2D SPACE',''
  ) );
#10598 = ORIENTED_EDGE('',*,*,#3429,.T.);
#10599 = ORIENTED_EDGE('',*,*,#10553,.F.);
#10600 = ADVANCED_FACE('',(#10601),#3417,.T.);
#10601 = FACE_BOUND('',#10602,.T.);
#10602 = EDGE_LOOP('',(#10603,#10604,#10623,#10624));
#10603 = ORIENTED_EDGE('',*,*,#3401,.F.);
#10604 = ORIENTED_EDGE('',*,*,#10605,.F.);
#10605 = EDGE_CURVE('',#7009,#3374,#10606,.T.);
#10606 = SURFACE_CURVE('',#10607,(#10611,#10617),.PCURVE_S1.);
#10607 = LINE('',#10608,#10609);
#10608 = CARTESIAN_POINT('',(0.4,13.111111111111,0.));
#10609 = VECTOR('',#10610,1.);
#10610 = DIRECTION('',(0.,0.,1.));
#10611 = PCURVE('',#3417,#10612);
#10612 = DEFINITIONAL_REPRESENTATION('',(#10613),#10616);
#10613 = B_SPLINE_CURVE_WITH_KNOTS('',1,(#10614,#10615),.UNSPECIFIED.,
  .F.,.F.,(2,2),(0.,30.),.PIECEWISE_BEZIER_KNOTS.);
#10614 = CARTESIAN_POINT('',(0.,-31.77777777777));
#10615 = CARTESIAN_POINT('',(30.,-31.77777777777));
#10616 = ( GEOMETRIC_REPRESENTATION_CONTEXT(2) 
PARAMETRIC_REPRESENTATION_CONTEXT() REPRESENTATION_CONTEXT('2D SPACE',''
  ) );
#10617 = PCURVE('',#3389,#10618);
#10618 = DEFINITIONAL_REPRESENTATION('',(#10619),#10622);
#10619 = B_SPLINE_CURVE_WITH_KNOTS('',1,(#10620,#10621),.UNSPECIFIED.,
  .F.,.F.,(2,2),(0.,30.),.PIECEWISE_BEZIER_KNOTS.);
#10620 = CARTESIAN_POINT('',(0.,19.066666666667));
#10621 = CARTESIAN_POINT('',(30.,19.066666666667));
#10622 = ( GEOMETRIC_REPRESENTATION_CONTEXT(2) 
PARAMETRIC_REPRESENTATION_CONTEXT() REPRESENTATION_CONTEXT('2D SPACE',''
  ) );
#10623 = ORIENTED_EDGE('',*,*,#7031,.T.);
#10624 = ORIENTED_EDGE('',*,*,#10578,.T.);
#10625 = ADVANCED_FACE('',(#10626),#3475,.F.);
#10626 = FACE_BOUND('',#10627,.F.);
#10627 = EDGE_LOOP('',(#10628,#10629,#10648,#10649));
#10628 = ORIENTED_EDGE('',*,*,#3457,.F.);
#10629 = ORIENTED_EDGE('',*,*,#10630,.F.);
#10630 = EDGE_CURVE('',#7078,#3458,#10631,.T.);
#10631 = SURFACE_CURVE('',#10632,(#10636,#10642),.PCURVE_S1.);
#10632 = LINE('',#10633,#10634);
#10633 = CARTESIAN_POINT('',(-0.4,13.111111111111,0.));
#10634 = VECTOR('',#10635,1.);
#10635 = DIRECTION('',(0.,0.,1.));
#10636 = PCURVE('',#3475,#10637);
#10637 = DEFINITIONAL_REPRESENTATION('',(#10638),#10641);
#10638 = B_SPLINE_CURVE_WITH_KNOTS('',1,(#10639,#10640),.UNSPECIFIED.,
  .F.,.F.,(2,2),(0.,30.),.PIECEWISE_BEZIER_KNOTS.);
#10639 = CARTESIAN_POINT('',(0.,-31.77777777777));
#10640 = CARTESIAN_POINT('',(30.,-31.77777777777));
#10641 = ( GEOMETRIC_REPRESENTATION_CONTEXT(2) 
PARAMETRIC_REPRESENTATION_CONTEXT() REPRESENTATION_CONTEXT('2D SPACE',''
  ) );
#10642 = PCURVE('',#3503,#10643);
#10643 = DEFINITIONAL_REPRESENTATION('',(#10644),#10647);
#10644 = B_SPLINE_CURVE_WITH_KNOTS('',1,(#10645,#10646),.UNSPECIFIED.,
  .F.,.F.,(2,2),(0.,30.),.PIECEWISE_BEZIER_KNOTS.);
#10645 = CARTESIAN_POINT('',(0.,18.266666666667));
#10646 = CARTESIAN_POINT('',(30.,18.266666666667));
#10647 = ( GEOMETRIC_REPRESENTATION_CONTEXT(2) 
PARAMETRIC_REPRESENTATION_CONTEXT() REPRESENTATION_CONTEXT('2D SPACE',''
  ) );
#10648 = ORIENTED_EDGE('',*,*,#7077,.T.);
#10649 = ORIENTED_EDGE('',*,*,#10650,.T.);
#10650 = EDGE_CURVE('',#7080,#3460,#10651,.T.);
#10651 = SURFACE_CURVE('',#10652,(#10656,#10663),.PCURVE_S1.);
#10652 = LINE('',#10653,#10654);
#10653 = CARTESIAN_POINT('',(-0.4,18.666666666667,0.));
#10654 = VECTOR('',#10655,1.);
#10655 = DIRECTION('',(0.,0.,1.));
#10656 = PCURVE('',#3475,#10657);
#10657 = DEFINITIONAL_REPRESENTATION('',(#10658),#10662);
#10658 = LINE('',#10659,#10660);
#10659 = CARTESIAN_POINT('',(0.,-37.33333333333));
#10660 = VECTOR('',#10661,1.);
#10661 = DIRECTION('',(1.,0.));
#10662 = ( GEOMETRIC_REPRESENTATION_CONTEXT(2) 
PARAMETRIC_REPRESENTATION_CONTEXT() REPRESENTATION_CONTEXT('2D SPACE',''
  ) );
#10663 = PCURVE('',#3557,#10664);
#10664 = DEFINITIONAL_REPRESENTATION('',(#10665),#10669);
#10665 = LINE('',#10666,#10667);
#10666 = CARTESIAN_POINT('',(0.,18.266666666667));
#10667 = VECTOR('',#10668,1.);
#10668 = DIRECTION('',(1.,0.));
#10669 = ( GEOMETRIC_REPRESENTATION_CONTEXT(2) 
PARAMETRIC_REPRESENTATION_CONTEXT() REPRESENTATION_CONTEXT('2D SPACE',''
  ) );
#10670 = ADVANCED_FACE('',(#10671),#3557,.F.);
#10671 = FACE_BOUND('',#10672,.F.);
#10672 = EDGE_LOOP('',(#10673,#10674,#10695,#10696));
#10673 = ORIENTED_EDGE('',*,*,#7148,.F.);
#10674 = ORIENTED_EDGE('',*,*,#10675,.T.);
#10675 = EDGE_CURVE('',#7126,#3516,#10676,.T.);
#10676 = SURFACE_CURVE('',#10677,(#10681,#10688),.PCURVE_S1.);
#10677 = LINE('',#10678,#10679);
#10678 = CARTESIAN_POINT('',(-5.955555555556,18.666666666667,0.));
#10679 = VECTOR('',#10680,1.);
#10680 = DIRECTION('',(0.,0.,1.));
#10681 = PCURVE('',#3557,#10682);
#10682 = DEFINITIONAL_REPRESENTATION('',(#10683),#10687);
#10683 = LINE('',#10684,#10685);
#10684 = CARTESIAN_POINT('',(0.,12.711111111111));
#10685 = VECTOR('',#10686,1.);
#10686 = DIRECTION('',(1.,0.));
#10687 = ( GEOMETRIC_REPRESENTATION_CONTEXT(2) 
PARAMETRIC_REPRESENTATION_CONTEXT() REPRESENTATION_CONTEXT('2D SPACE',''
  ) );
#10688 = PCURVE('',#3531,#10689);
#10689 = DEFINITIONAL_REPRESENTATION('',(#10690),#10694);
#10690 = LINE('',#10691,#10692);
#10691 = CARTESIAN_POINT('',(0.,-37.33333333333));
#10692 = VECTOR('',#10693,1.);
#10693 = DIRECTION('',(1.,0.));
#10694 = ( GEOMETRIC_REPRESENTATION_CONTEXT(2) 
PARAMETRIC_REPRESENTATION_CONTEXT() REPRESENTATION_CONTEXT('2D SPACE',''
  ) );
#10695 = ORIENTED_EDGE('',*,*,#3543,.T.);
#10696 = ORIENTED_EDGE('',*,*,#10650,.F.);
#10697 = ADVANCED_FACE('',(#10698),#3531,.T.);
#10698 = FACE_BOUND('',#10699,.T.);
#10699 = EDGE_LOOP('',(#10700,#10701,#10720,#10721));
#10700 = ORIENTED_EDGE('',*,*,#3515,.F.);
#10701 = ORIENTED_EDGE('',*,*,#10702,.F.);
#10702 = EDGE_CURVE('',#7103,#3488,#10703,.T.);
#10703 = SURFACE_CURVE('',#10704,(#10708,#10714),.PCURVE_S1.);
#10704 = LINE('',#10705,#10706);
#10705 = CARTESIAN_POINT('',(-5.955555555556,13.111111111111,0.));
#10706 = VECTOR('',#10707,1.);
#10707 = DIRECTION('',(0.,0.,1.));
#10708 = PCURVE('',#3531,#10709);
#10709 = DEFINITIONAL_REPRESENTATION('',(#10710),#10713);
#10710 = B_SPLINE_CURVE_WITH_KNOTS('',1,(#10711,#10712),.UNSPECIFIED.,
  .F.,.F.,(2,2),(0.,30.),.PIECEWISE_BEZIER_KNOTS.);
#10711 = CARTESIAN_POINT('',(0.,-31.77777777777));
#10712 = CARTESIAN_POINT('',(30.,-31.77777777777));
#10713 = ( GEOMETRIC_REPRESENTATION_CONTEXT(2) 
PARAMETRIC_REPRESENTATION_CONTEXT() REPRESENTATION_CONTEXT('2D SPACE',''
  ) );
#10714 = PCURVE('',#3503,#10715);
#10715 = DEFINITIONAL_REPRESENTATION('',(#10716),#10719);
#10716 = B_SPLINE_CURVE_WITH_KNOTS('',1,(#10717,#10718),.UNSPECIFIED.,
  .F.,.F.,(2,2),(0.,30.),.PIECEWISE_BEZIER_KNOTS.);
#10717 = CARTESIAN_POINT('',(0.,12.711111111111));
#10718 = CARTESIAN_POINT('',(30.,12.711111111111));
#10719 = ( GEOMETRIC_REPRESENTATION_CONTEXT(2) 
PARAMETRIC_REPRESENTATION_CONTEXT() REPRESENTATION_CONTEXT('2D SPACE',''
  ) );
#10720 = ORIENTED_EDGE('',*,*,#7125,.T.);
#10721 = ORIENTED_EDGE('',*,*,#10675,.T.);
#10722 = ADVANCED_FACE('',(#10723),#3589,.F.);
#10723 = FACE_BOUND('',#10724,.F.);
#10724 = EDGE_LOOP('',(#10725,#10726,#10745,#10746));
#10725 = ORIENTED_EDGE('',*,*,#3571,.F.);
#10726 = ORIENTED_EDGE('',*,*,#10727,.F.);
#10727 = EDGE_CURVE('',#7172,#3572,#10728,.T.);
#10728 = SURFACE_CURVE('',#10729,(#10733,#10739),.PCURVE_S1.);
#10729 = LINE('',#10730,#10731);
#10730 = CARTESIAN_POINT('',(-6.755555555556,13.111111111111,0.));
#10731 = VECTOR('',#10732,1.);
#10732 = DIRECTION('',(0.,0.,1.));
#10733 = PCURVE('',#3589,#10734);
#10734 = DEFINITIONAL_REPRESENTATION('',(#10735),#10738);
#10735 = B_SPLINE_CURVE_WITH_KNOTS('',1,(#10736,#10737),.UNSPECIFIED.,
  .F.,.F.,(2,2),(0.,30.),.PIECEWISE_BEZIER_KNOTS.);
#10736 = CARTESIAN_POINT('',(0.,-31.77777777777));
#10737 = CARTESIAN_POINT('',(30.,-31.77777777777));
#10738 = ( GEOMETRIC_REPRESENTATION_CONTEXT(2) 
PARAMETRIC_REPRESENTATION_CONTEXT() REPRESENTATION_CONTEXT('2D SPACE',''
  ) );
#10739 = PCURVE('',#3617,#10740);
#10740 = DEFINITIONAL_REPRESENTATION('',(#10741),#10744);
#10741 = B_SPLINE_CURVE_WITH_KNOTS('',1,(#10742,#10743),.UNSPECIFIED.,
  .F.,.F.,(2,2),(0.,30.),.PIECEWISE_BEZIER_KNOTS.);
#10742 = CARTESIAN_POINT('',(0.,11.911111111111));
#10743 = CARTESIAN_POINT('',(30.,11.911111111111));
#10744 = ( GEOMETRIC_REPRESENTATION_CONTEXT(2) 
PARAMETRIC_REPRESENTATION_CONTEXT() REPRESENTATION_CONTEXT('2D SPACE',''
  ) );
#10745 = ORIENTED_EDGE('',*,*,#7171,.T.);
#10746 = ORIENTED_EDGE('',*,*,#10747,.T.);
#10747 = EDGE_CURVE('',#7174,#3574,#10748,.T.);
#10748 = SURFACE_CURVE('',#10749,(#10753,#10760),.PCURVE_S1.);
#10749 = LINE('',#10750,#10751);
#10750 = CARTESIAN_POINT('',(-6.755555555556,18.666666666667,0.));
#10751 = VECTOR('',#10752,1.);
#10752 = DIRECTION('',(0.,0.,1.));
#10753 = PCURVE('',#3589,#10754);
#10754 = DEFINITIONAL_REPRESENTATION('',(#10755),#10759);
#10755 = LINE('',#10756,#10757);
#10756 = CARTESIAN_POINT('',(0.,-37.33333333333));
#10757 = VECTOR('',#10758,1.);
#10758 = DIRECTION('',(1.,0.));
#10759 = ( GEOMETRIC_REPRESENTATION_CONTEXT(2) 
PARAMETRIC_REPRESENTATION_CONTEXT() REPRESENTATION_CONTEXT('2D SPACE',''
  ) );
#10760 = PCURVE('',#3671,#10761);
#10761 = DEFINITIONAL_REPRESENTATION('',(#10762),#10766);
#10762 = LINE('',#10763,#10764);
#10763 = CARTESIAN_POINT('',(0.,11.911111111111));
#10764 = VECTOR('',#10765,1.);
#10765 = DIRECTION('',(1.,0.));
#10766 = ( GEOMETRIC_REPRESENTATION_CONTEXT(2) 
PARAMETRIC_REPRESENTATION_CONTEXT() REPRESENTATION_CONTEXT('2D SPACE',''
  ) );
#10767 = ADVANCED_FACE('',(#10768),#3671,.F.);
#10768 = FACE_BOUND('',#10769,.F.);
#10769 = EDGE_LOOP('',(#10770,#10771,#10792,#10793));
#10770 = ORIENTED_EDGE('',*,*,#7242,.F.);
#10771 = ORIENTED_EDGE('',*,*,#10772,.T.);
#10772 = EDGE_CURVE('',#7220,#3630,#10773,.T.);
#10773 = SURFACE_CURVE('',#10774,(#10778,#10785),.PCURVE_S1.);
#10774 = LINE('',#10775,#10776);
#10775 = CARTESIAN_POINT('',(-12.31111111111,18.666666666667,0.));
#10776 = VECTOR('',#10777,1.);
#10777 = DIRECTION('',(0.,0.,1.));
#10778 = PCURVE('',#3671,#10779);
#10779 = DEFINITIONAL_REPRESENTATION('',(#10780),#10784);
#10780 = LINE('',#10781,#10782);
#10781 = CARTESIAN_POINT('',(0.,6.355555555556));
#10782 = VECTOR('',#10783,1.);
#10783 = DIRECTION('',(1.,0.));
#10784 = ( GEOMETRIC_REPRESENTATION_CONTEXT(2) 
PARAMETRIC_REPRESENTATION_CONTEXT() REPRESENTATION_CONTEXT('2D SPACE',''
  ) );
#10785 = PCURVE('',#3645,#10786);
#10786 = DEFINITIONAL_REPRESENTATION('',(#10787),#10791);
#10787 = LINE('',#10788,#10789);
#10788 = CARTESIAN_POINT('',(0.,-37.33333333333));
#10789 = VECTOR('',#10790,1.);
#10790 = DIRECTION('',(1.,0.));
#10791 = ( GEOMETRIC_REPRESENTATION_CONTEXT(2) 
PARAMETRIC_REPRESENTATION_CONTEXT() REPRESENTATION_CONTEXT('2D SPACE',''
  ) );
#10792 = ORIENTED_EDGE('',*,*,#3657,.T.);
#10793 = ORIENTED_EDGE('',*,*,#10747,.F.);
#10794 = ADVANCED_FACE('',(#10795),#3645,.T.);
#10795 = FACE_BOUND('',#10796,.T.);
#10796 = EDGE_LOOP('',(#10797,#10798,#10817,#10818));
#10797 = ORIENTED_EDGE('',*,*,#3629,.F.);
#10798 = ORIENTED_EDGE('',*,*,#10799,.F.);
#10799 = EDGE_CURVE('',#7197,#3602,#10800,.T.);
#10800 = SURFACE_CURVE('',#10801,(#10805,#10811),.PCURVE_S1.);
#10801 = LINE('',#10802,#10803);
#10802 = CARTESIAN_POINT('',(-12.31111111111,13.111111111111,0.));
#10803 = VECTOR('',#10804,1.);
#10804 = DIRECTION('',(0.,0.,1.));
#10805 = PCURVE('',#3645,#10806);
#10806 = DEFINITIONAL_REPRESENTATION('',(#10807),#10810);
#10807 = B_SPLINE_CURVE_WITH_KNOTS('',1,(#10808,#10809),.UNSPECIFIED.,
  .F.,.F.,(2,2),(0.,30.),.PIECEWISE_BEZIER_KNOTS.);
#10808 = CARTESIAN_POINT('',(0.,-31.77777777777));
#10809 = CARTESIAN_POINT('',(30.,-31.77777777777));
#10810 = ( GEOMETRIC_REPRESENTATION_CONTEXT(2) 
PARAMETRIC_REPRESENTATION_CONTEXT() REPRESENTATION_CONTEXT('2D SPACE',''
  ) );
#10811 = PCURVE('',#3617,#10812);
#10812 = DEFINITIONAL_REPRESENTATION('',(#10813),#10816);
#10813 = B_SPLINE_CURVE_WITH_KNOTS('',1,(#10814,#10815),.UNSPECIFIED.,
  .F.,.F.,(2,2),(0.,30.),.PIECEWISE_BEZIER_KNOTS.);
#10814 = CARTESIAN_POINT('',(0.,6.355555555556));
#10815 = CARTESIAN_POINT('',(30.,6.355555555556));
#10816 = ( GEOMETRIC_REPRESENTATION_CONTEXT(2) 
PARAMETRIC_REPRESENTATION_CONTEXT() REPRESENTATION_CONTEXT('2D SPACE',''
  ) );
#10817 = ORIENTED_EDGE('',*,*,#7219,.T.);
#10818 = ORIENTED_EDGE('',*,*,#10772,.T.);
#10819 = ADVANCED_FACE('',(#10820),#3703,.F.);
#10820 = FACE_BOUND('',#10821,.F.);
#10821 = EDGE_LOOP('',(#10822,#10823,#10842,#10843));
#10822 = ORIENTED_EDGE('',*,*,#3685,.F.);
#10823 = ORIENTED_EDGE('',*,*,#10824,.F.);
#10824 = EDGE_CURVE('',#7266,#3686,#10825,.T.);
#10825 = SURFACE_CURVE('',#10826,(#10830,#10836),.PCURVE_S1.);
#10826 = LINE('',#10827,#10828);
#10827 = CARTESIAN_POINT('',(-13.11111111111,13.111111111111,0.));
#10828 = VECTOR('',#10829,1.);
#10829 = DIRECTION('',(0.,0.,1.));
#10830 = PCURVE('',#3703,#10831);
#10831 = DEFINITIONAL_REPRESENTATION('',(#10832),#10835);
#10832 = B_SPLINE_CURVE_WITH_KNOTS('',1,(#10833,#10834),.UNSPECIFIED.,
  .F.,.F.,(2,2),(0.,30.),.PIECEWISE_BEZIER_KNOTS.);
#10833 = CARTESIAN_POINT('',(0.,-31.77777777777));
#10834 = CARTESIAN_POINT('',(30.,-31.77777777777));
#10835 = ( GEOMETRIC_REPRESENTATION_CONTEXT(2) 
PARAMETRIC_REPRESENTATION_CONTEXT() REPRESENTATION_CONTEXT('2D SPACE',''
  ) );
#10836 = PCURVE('',#3731,#10837);
#10837 = DEFINITIONAL_REPRESENTATION('',(#10838),#10841);
#10838 = B_SPLINE_CURVE_WITH_KNOTS('',1,(#10839,#10840),.UNSPECIFIED.,
  .F.,.F.,(2,2),(0.,30.),.PIECEWISE_BEZIER_KNOTS.);
#10839 = CARTESIAN_POINT('',(0.,5.555555555556));
#10840 = CARTESIAN_POINT('',(30.,5.555555555556));
#10841 = ( GEOMETRIC_REPRESENTATION_CONTEXT(2) 
PARAMETRIC_REPRESENTATION_CONTEXT() REPRESENTATION_CONTEXT('2D SPACE',''
  ) );
#10842 = ORIENTED_EDGE('',*,*,#7265,.T.);
#10843 = ORIENTED_EDGE('',*,*,#10844,.T.);
#10844 = EDGE_CURVE('',#7268,#3688,#10845,.T.);
#10845 = SURFACE_CURVE('',#10846,(#10850,#10857),.PCURVE_S1.);
#10846 = LINE('',#10847,#10848);
#10847 = CARTESIAN_POINT('',(-13.11111111111,18.666666666667,0.));
#10848 = VECTOR('',#10849,1.);
#10849 = DIRECTION('',(0.,0.,1.));
#10850 = PCURVE('',#3703,#10851);
#10851 = DEFINITIONAL_REPRESENTATION('',(#10852),#10856);
#10852 = LINE('',#10853,#10854);
#10853 = CARTESIAN_POINT('',(0.,-37.33333333333));
#10854 = VECTOR('',#10855,1.);
#10855 = DIRECTION('',(1.,0.));
#10856 = ( GEOMETRIC_REPRESENTATION_CONTEXT(2) 
PARAMETRIC_REPRESENTATION_CONTEXT() REPRESENTATION_CONTEXT('2D SPACE',''
  ) );
#10857 = PCURVE('',#3785,#10858);
#10858 = DEFINITIONAL_REPRESENTATION('',(#10859),#10863);
#10859 = LINE('',#10860,#10861);
#10860 = CARTESIAN_POINT('',(0.,5.555555555556));
#10861 = VECTOR('',#10862,1.);
#10862 = DIRECTION('',(1.,0.));
#10863 = ( GEOMETRIC_REPRESENTATION_CONTEXT(2) 
PARAMETRIC_REPRESENTATION_CONTEXT() REPRESENTATION_CONTEXT('2D SPACE',''
  ) );
#10864 = ADVANCED_FACE('',(#10865),#3785,.F.);
#10865 = FACE_BOUND('',#10866,.F.);
#10866 = EDGE_LOOP('',(#10867,#10868,#10889,#10890));
#10867 = ORIENTED_EDGE('',*,*,#7336,.F.);
#10868 = ORIENTED_EDGE('',*,*,#10869,.T.);
#10869 = EDGE_CURVE('',#7314,#3744,#10870,.T.);
#10870 = SURFACE_CURVE('',#10871,(#10875,#10882),.PCURVE_S1.);
#10871 = LINE('',#10872,#10873);
#10872 = CARTESIAN_POINT('',(-18.66666666666,18.666666666667,0.));
#10873 = VECTOR('',#10874,1.);
#10874 = DIRECTION('',(0.,0.,1.));
#10875 = PCURVE('',#3785,#10876);
#10876 = DEFINITIONAL_REPRESENTATION('',(#10877),#10881);
#10877 = LINE('',#10878,#10879);
#10878 = CARTESIAN_POINT('',(0.,0.));
#10879 = VECTOR('',#10880,1.);
#10880 = DIRECTION('',(1.,0.));
#10881 = ( GEOMETRIC_REPRESENTATION_CONTEXT(2) 
PARAMETRIC_REPRESENTATION_CONTEXT() REPRESENTATION_CONTEXT('2D SPACE',''
  ) );
#10882 = PCURVE('',#3759,#10883);
#10883 = DEFINITIONAL_REPRESENTATION('',(#10884),#10888);
#10884 = LINE('',#10885,#10886);
#10885 = CARTESIAN_POINT('',(0.,-37.33333333333));
#10886 = VECTOR('',#10887,1.);
#10887 = DIRECTION('',(1.,0.));
#10888 = ( GEOMETRIC_REPRESENTATION_CONTEXT(2) 
PARAMETRIC_REPRESENTATION_CONTEXT() REPRESENTATION_CONTEXT('2D SPACE',''
  ) );
#10889 = ORIENTED_EDGE('',*,*,#3771,.T.);
#10890 = ORIENTED_EDGE('',*,*,#10844,.F.);
#10891 = ADVANCED_FACE('',(#10892),#3759,.T.);
#10892 = FACE_BOUND('',#10893,.T.);
#10893 = EDGE_LOOP('',(#10894,#10895,#10916,#10917));
#10894 = ORIENTED_EDGE('',*,*,#3743,.F.);
#10895 = ORIENTED_EDGE('',*,*,#10896,.F.);
#10896 = EDGE_CURVE('',#7291,#3716,#10897,.T.);
#10897 = SURFACE_CURVE('',#10898,(#10902,#10909),.PCURVE_S1.);
#10898 = LINE('',#10899,#10900);
#10899 = CARTESIAN_POINT('',(-18.66666666666,13.111111111111,0.));
#10900 = VECTOR('',#10901,1.);
#10901 = DIRECTION('',(0.,0.,1.));
#10902 = PCURVE('',#3759,#10903);
#10903 = DEFINITIONAL_REPRESENTATION('',(#10904),#10908);
#10904 = LINE('',#10905,#10906);
#10905 = CARTESIAN_POINT('',(0.,-31.77777777777));
#10906 = VECTOR('',#10907,1.);
#10907 = DIRECTION('',(1.,0.));
#10908 = ( GEOMETRIC_REPRESENTATION_CONTEXT(2) 
PARAMETRIC_REPRESENTATION_CONTEXT() REPRESENTATION_CONTEXT('2D SPACE',''
  ) );
#10909 = PCURVE('',#3731,#10910);
#10910 = DEFINITIONAL_REPRESENTATION('',(#10911),#10915);
#10911 = LINE('',#10912,#10913);
#10912 = CARTESIAN_POINT('',(0.,0.));
#10913 = VECTOR('',#10914,1.);
#10914 = DIRECTION('',(1.,0.));
#10915 = ( GEOMETRIC_REPRESENTATION_CONTEXT(2) 
PARAMETRIC_REPRESENTATION_CONTEXT() REPRESENTATION_CONTEXT('2D SPACE',''
  ) );
#10916 = ORIENTED_EDGE('',*,*,#7313,.T.);
#10917 = ORIENTED_EDGE('',*,*,#10869,.T.);
#10918 = ADVANCED_FACE('',(#10919),#3817,.T.);
#10919 = FACE_BOUND('',#10920,.T.);
#10920 = EDGE_LOOP('',(#10921,#10922,#10943,#10944));
#10921 = ORIENTED_EDGE('',*,*,#3799,.F.);
#10922 = ORIENTED_EDGE('',*,*,#10923,.F.);
#10923 = EDGE_CURVE('',#7360,#3800,#10924,.T.);
#10924 = SURFACE_CURVE('',#10925,(#10929,#10936),.PCURVE_S1.);
#10925 = LINE('',#10926,#10927);
#10926 = CARTESIAN_POINT('',(-18.66666666666,6.755555555556,0.));
#10927 = VECTOR('',#10928,1.);
#10928 = DIRECTION('',(0.,0.,1.));
#10929 = PCURVE('',#3817,#10930);
#10930 = DEFINITIONAL_REPRESENTATION('',(#10931),#10935);
#10931 = LINE('',#10932,#10933);
#10932 = CARTESIAN_POINT('',(0.,-25.42222222222));
#10933 = VECTOR('',#10934,1.);
#10934 = DIRECTION('',(1.,0.));
#10935 = ( GEOMETRIC_REPRESENTATION_CONTEXT(2) 
PARAMETRIC_REPRESENTATION_CONTEXT() REPRESENTATION_CONTEXT('2D SPACE',''
  ) );
#10936 = PCURVE('',#3899,#10937);
#10937 = DEFINITIONAL_REPRESENTATION('',(#10938),#10942);
#10938 = LINE('',#10939,#10940);
#10939 = CARTESIAN_POINT('',(0.,0.));
#10940 = VECTOR('',#10941,1.);
#10941 = DIRECTION('',(1.,0.));
#10942 = ( GEOMETRIC_REPRESENTATION_CONTEXT(2) 
PARAMETRIC_REPRESENTATION_CONTEXT() REPRESENTATION_CONTEXT('2D SPACE',''
  ) );
#10943 = ORIENTED_EDGE('',*,*,#7359,.T.);
#10944 = ORIENTED_EDGE('',*,*,#10945,.T.);
#10945 = EDGE_CURVE('',#7362,#3802,#10946,.T.);
#10946 = SURFACE_CURVE('',#10947,(#10951,#10958),.PCURVE_S1.);
#10947 = LINE('',#10948,#10949);
#10948 = CARTESIAN_POINT('',(-18.66666666666,12.311111111111,0.));
#10949 = VECTOR('',#10950,1.);
#10950 = DIRECTION('',(0.,0.,1.));
#10951 = PCURVE('',#3817,#10952);
#10952 = DEFINITIONAL_REPRESENTATION('',(#10953),#10957);
#10953 = LINE('',#10954,#10955);
#10954 = CARTESIAN_POINT('',(0.,-30.97777777777));
#10955 = VECTOR('',#10956,1.);
#10956 = DIRECTION('',(1.,0.));
#10957 = ( GEOMETRIC_REPRESENTATION_CONTEXT(2) 
PARAMETRIC_REPRESENTATION_CONTEXT() REPRESENTATION_CONTEXT('2D SPACE',''
  ) );
#10958 = PCURVE('',#3845,#10959);
#10959 = DEFINITIONAL_REPRESENTATION('',(#10960),#10964);
#10960 = LINE('',#10961,#10962);
#10961 = CARTESIAN_POINT('',(0.,0.));
#10962 = VECTOR('',#10963,1.);
#10963 = DIRECTION('',(1.,0.));
#10964 = ( GEOMETRIC_REPRESENTATION_CONTEXT(2) 
PARAMETRIC_REPRESENTATION_CONTEXT() REPRESENTATION_CONTEXT('2D SPACE',''
  ) );
#10965 = ADVANCED_FACE('',(#10966),#3899,.T.);
#10966 = FACE_BOUND('',#10967,.T.);
#10967 = EDGE_LOOP('',(#10968,#10969,#10970,#10971));
#10968 = ORIENTED_EDGE('',*,*,#7430,.F.);
#10969 = ORIENTED_EDGE('',*,*,#10923,.T.);
#10970 = ORIENTED_EDGE('',*,*,#3885,.T.);
#10971 = ORIENTED_EDGE('',*,*,#10972,.F.);
#10972 = EDGE_CURVE('',#7408,#3858,#10973,.T.);
#10973 = SURFACE_CURVE('',#10974,(#10978,#10984),.PCURVE_S1.);
#10974 = LINE('',#10975,#10976);
#10975 = CARTESIAN_POINT('',(-13.11111111111,6.755555555556,0.));
#10976 = VECTOR('',#10977,1.);
#10977 = DIRECTION('',(0.,0.,1.));
#10978 = PCURVE('',#3899,#10979);
#10979 = DEFINITIONAL_REPRESENTATION('',(#10980),#10983);
#10980 = B_SPLINE_CURVE_WITH_KNOTS('',1,(#10981,#10982),.UNSPECIFIED.,
  .F.,.F.,(2,2),(0.,30.),.PIECEWISE_BEZIER_KNOTS.);
#10981 = CARTESIAN_POINT('',(0.,5.555555555556));
#10982 = CARTESIAN_POINT('',(30.,5.555555555556));
#10983 = ( GEOMETRIC_REPRESENTATION_CONTEXT(2) 
PARAMETRIC_REPRESENTATION_CONTEXT() REPRESENTATION_CONTEXT('2D SPACE',''
  ) );
#10984 = PCURVE('',#3873,#10985);
#10985 = DEFINITIONAL_REPRESENTATION('',(#10986),#10989);
#10986 = B_SPLINE_CURVE_WITH_KNOTS('',1,(#10987,#10988),.UNSPECIFIED.,
  .F.,.F.,(2,2),(0.,30.),.PIECEWISE_BEZIER_KNOTS.);
#10987 = CARTESIAN_POINT('',(0.,-25.42222222222));
#10988 = CARTESIAN_POINT('',(30.,-25.42222222222));
#10989 = ( GEOMETRIC_REPRESENTATION_CONTEXT(2) 
PARAMETRIC_REPRESENTATION_CONTEXT() REPRESENTATION_CONTEXT('2D SPACE',''
  ) );
#10990 = ADVANCED_FACE('',(#10991),#3873,.F.);
#10991 = FACE_BOUND('',#10992,.F.);
#10992 = EDGE_LOOP('',(#10993,#10994,#10995,#10996));
#10993 = ORIENTED_EDGE('',*,*,#3857,.F.);
#10994 = ORIENTED_EDGE('',*,*,#10972,.F.);
#10995 = ORIENTED_EDGE('',*,*,#7407,.T.);
#10996 = ORIENTED_EDGE('',*,*,#10997,.T.);
#10997 = EDGE_CURVE('',#7385,#3830,#10998,.T.);
#10998 = SURFACE_CURVE('',#10999,(#11003,#11009),.PCURVE_S1.);
#10999 = LINE('',#11000,#11001);
#11000 = CARTESIAN_POINT('',(-13.11111111111,12.311111111111,0.));
#11001 = VECTOR('',#11002,1.);
#11002 = DIRECTION('',(0.,0.,1.));
#11003 = PCURVE('',#3873,#11004);
#11004 = DEFINITIONAL_REPRESENTATION('',(#11005),#11008);
#11005 = B_SPLINE_CURVE_WITH_KNOTS('',1,(#11006,#11007),.UNSPECIFIED.,
  .F.,.F.,(2,2),(0.,30.),.PIECEWISE_BEZIER_KNOTS.);
#11006 = CARTESIAN_POINT('',(0.,-30.97777777777));
#11007 = CARTESIAN_POINT('',(30.,-30.97777777777));
#11008 = ( GEOMETRIC_REPRESENTATION_CONTEXT(2) 
PARAMETRIC_REPRESENTATION_CONTEXT() REPRESENTATION_CONTEXT('2D SPACE',''
  ) );
#11009 = PCURVE('',#3845,#11010);
#11010 = DEFINITIONAL_REPRESENTATION('',(#11011),#11014);
#11011 = B_SPLINE_CURVE_WITH_KNOTS('',1,(#11012,#11013),.UNSPECIFIED.,
  .F.,.F.,(2,2),(0.,30.),.PIECEWISE_BEZIER_KNOTS.);
#11012 = CARTESIAN_POINT('',(0.,5.555555555556));
#11013 = CARTESIAN_POINT('',(30.,5.555555555556));
#11014 = ( GEOMETRIC_REPRESENTATION_CONTEXT(2) 
PARAMETRIC_REPRESENTATION_CONTEXT() REPRESENTATION_CONTEXT('2D SPACE',''
  ) );
#11015 = ADVANCED_FACE('',(#11016),#3931,.T.);
#11016 = FACE_BOUND('',#11017,.T.);
#11017 = EDGE_LOOP('',(#11018,#11019,#11038,#11039));
#11018 = ORIENTED_EDGE('',*,*,#3913,.F.);
#11019 = ORIENTED_EDGE('',*,*,#11020,.F.);
#11020 = EDGE_CURVE('',#7454,#3914,#11021,.T.);
#11021 = SURFACE_CURVE('',#11022,(#11026,#11032),.PCURVE_S1.);
#11022 = LINE('',#11023,#11024);
#11023 = CARTESIAN_POINT('',(-12.31111111111,6.755555555556,0.));
#11024 = VECTOR('',#11025,1.);
#11025 = DIRECTION('',(0.,0.,1.));
#11026 = PCURVE('',#3931,#11027);
#11027 = DEFINITIONAL_REPRESENTATION('',(#11028),#11031);
#11028 = B_SPLINE_CURVE_WITH_KNOTS('',1,(#11029,#11030),.UNSPECIFIED.,
  .F.,.F.,(2,2),(0.,30.),.PIECEWISE_BEZIER_KNOTS.);
#11029 = CARTESIAN_POINT('',(0.,-25.42222222222));
#11030 = CARTESIAN_POINT('',(30.,-25.42222222222));
#11031 = ( GEOMETRIC_REPRESENTATION_CONTEXT(2) 
PARAMETRIC_REPRESENTATION_CONTEXT() REPRESENTATION_CONTEXT('2D SPACE',''
  ) );
#11032 = PCURVE('',#4013,#11033);
#11033 = DEFINITIONAL_REPRESENTATION('',(#11034),#11037);
#11034 = B_SPLINE_CURVE_WITH_KNOTS('',1,(#11035,#11036),.UNSPECIFIED.,
  .F.,.F.,(2,2),(0.,30.),.PIECEWISE_BEZIER_KNOTS.);
#11035 = CARTESIAN_POINT('',(0.,6.355555555556));
#11036 = CARTESIAN_POINT('',(30.,6.355555555556));
#11037 = ( GEOMETRIC_REPRESENTATION_CONTEXT(2) 
PARAMETRIC_REPRESENTATION_CONTEXT() REPRESENTATION_CONTEXT('2D SPACE',''
  ) );
#11038 = ORIENTED_EDGE('',*,*,#7453,.T.);
#11039 = ORIENTED_EDGE('',*,*,#11040,.T.);
#11040 = EDGE_CURVE('',#7456,#3916,#11041,.T.);
#11041 = SURFACE_CURVE('',#11042,(#11046,#11052),.PCURVE_S1.);
#11042 = LINE('',#11043,#11044);
#11043 = CARTESIAN_POINT('',(-12.31111111111,12.311111111111,0.));
#11044 = VECTOR('',#11045,1.);
#11045 = DIRECTION('',(0.,0.,1.));
#11046 = PCURVE('',#3931,#11047);
#11047 = DEFINITIONAL_REPRESENTATION('',(#11048),#11051);
#11048 = B_SPLINE_CURVE_WITH_KNOTS('',1,(#11049,#11050),.UNSPECIFIED.,
  .F.,.F.,(2,2),(0.,30.),.PIECEWISE_BEZIER_KNOTS.);
#11049 = CARTESIAN_POINT('',(0.,-30.97777777777));
#11050 = CARTESIAN_POINT('',(30.,-30.97777777777));
#11051 = ( GEOMETRIC_REPRESENTATION_CONTEXT(2) 
PARAMETRIC_REPRESENTATION_CONTEXT() REPRESENTATION_CONTEXT('2D SPACE',''
  ) );
#11052 = PCURVE('',#3959,#11053);
#11053 = DEFINITIONAL_REPRESENTATION('',(#11054),#11057);
#11054 = B_SPLINE_CURVE_WITH_KNOTS('',1,(#11055,#11056),.UNSPECIFIED.,
  .F.,.F.,(2,2),(0.,30.),.PIECEWISE_BEZIER_KNOTS.);
#11055 = CARTESIAN_POINT('',(0.,6.355555555556));
#11056 = CARTESIAN_POINT('',(30.,6.355555555556));
#11057 = ( GEOMETRIC_REPRESENTATION_CONTEXT(2) 
PARAMETRIC_REPRESENTATION_CONTEXT() REPRESENTATION_CONTEXT('2D SPACE',''
  ) );
#11058 = ADVANCED_FACE('',(#11059),#4013,.T.);
#11059 = FACE_BOUND('',#11060,.T.);
#11060 = EDGE_LOOP('',(#11061,#11062,#11063,#11064));
#11061 = ORIENTED_EDGE('',*,*,#7524,.F.);
#11062 = ORIENTED_EDGE('',*,*,#11020,.T.);
#11063 = ORIENTED_EDGE('',*,*,#3999,.T.);
#11064 = ORIENTED_EDGE('',*,*,#11065,.F.);
#11065 = EDGE_CURVE('',#7502,#3972,#11066,.T.);
#11066 = SURFACE_CURVE('',#11067,(#11071,#11077),.PCURVE_S1.);
#11067 = LINE('',#11068,#11069);
#11068 = CARTESIAN_POINT('',(-6.755555555556,6.755555555556,0.));
#11069 = VECTOR('',#11070,1.);
#11070 = DIRECTION('',(0.,0.,1.));
#11071 = PCURVE('',#4013,#11072);
#11072 = DEFINITIONAL_REPRESENTATION('',(#11073),#11076);
#11073 = B_SPLINE_CURVE_WITH_KNOTS('',1,(#11074,#11075),.UNSPECIFIED.,
  .F.,.F.,(2,2),(0.,30.),.PIECEWISE_BEZIER_KNOTS.);
#11074 = CARTESIAN_POINT('',(0.,11.911111111111));
#11075 = CARTESIAN_POINT('',(30.,11.911111111111));
#11076 = ( GEOMETRIC_REPRESENTATION_CONTEXT(2) 
PARAMETRIC_REPRESENTATION_CONTEXT() REPRESENTATION_CONTEXT('2D SPACE',''
  ) );
#11077 = PCURVE('',#3987,#11078);
#11078 = DEFINITIONAL_REPRESENTATION('',(#11079),#11082);
#11079 = B_SPLINE_CURVE_WITH_KNOTS('',1,(#11080,#11081),.UNSPECIFIED.,
  .F.,.F.,(2,2),(0.,30.),.PIECEWISE_BEZIER_KNOTS.);
#11080 = CARTESIAN_POINT('',(0.,-25.42222222222));
#11081 = CARTESIAN_POINT('',(30.,-25.42222222222));
#11082 = ( GEOMETRIC_REPRESENTATION_CONTEXT(2) 
PARAMETRIC_REPRESENTATION_CONTEXT() REPRESENTATION_CONTEXT('2D SPACE',''
  ) );
#11083 = ADVANCED_FACE('',(#11084),#3987,.F.);
#11084 = FACE_BOUND('',#11085,.F.);
#11085 = EDGE_LOOP('',(#11086,#11087,#11088,#11089));
#11086 = ORIENTED_EDGE('',*,*,#3971,.F.);
#11087 = ORIENTED_EDGE('',*,*,#11065,.F.);
#11088 = ORIENTED_EDGE('',*,*,#7501,.T.);
#11089 = ORIENTED_EDGE('',*,*,#11090,.T.);
#11090 = EDGE_CURVE('',#7479,#3944,#11091,.T.);
#11091 = SURFACE_CURVE('',#11092,(#11096,#11102),.PCURVE_S1.);
#11092 = LINE('',#11093,#11094);
#11093 = CARTESIAN_POINT('',(-6.755555555556,12.311111111111,0.));
#11094 = VECTOR('',#11095,1.);
#11095 = DIRECTION('',(0.,0.,1.));
#11096 = PCURVE('',#3987,#11097);
#11097 = DEFINITIONAL_REPRESENTATION('',(#11098),#11101);
#11098 = B_SPLINE_CURVE_WITH_KNOTS('',1,(#11099,#11100),.UNSPECIFIED.,
  .F.,.F.,(2,2),(0.,30.),.PIECEWISE_BEZIER_KNOTS.);
#11099 = CARTESIAN_POINT('',(0.,-30.97777777777));
#11100 = CARTESIAN_POINT('',(30.,-30.97777777777));
#11101 = ( GEOMETRIC_REPRESENTATION_CONTEXT(2) 
PARAMETRIC_REPRESENTATION_CONTEXT() REPRESENTATION_CONTEXT('2D SPACE',''
  ) );
#11102 = PCURVE('',#3959,#11103);
#11103 = DEFINITIONAL_REPRESENTATION('',(#11104),#11107);
#11104 = B_SPLINE_CURVE_WITH_KNOTS('',1,(#11105,#11106),.UNSPECIFIED.,
  .F.,.F.,(2,2),(0.,30.),.PIECEWISE_BEZIER_KNOTS.);
#11105 = CARTESIAN_POINT('',(0.,11.911111111111));
#11106 = CARTESIAN_POINT('',(30.,11.911111111111));
#11107 = ( GEOMETRIC_REPRESENTATION_CONTEXT(2) 
PARAMETRIC_REPRESENTATION_CONTEXT() REPRESENTATION_CONTEXT('2D SPACE',''
  ) );
#11108 = ADVANCED_FACE('',(#11109),#4045,.T.);
#11109 = FACE_BOUND('',#11110,.T.);
#11110 = EDGE_LOOP('',(#11111,#11112,#11131,#11132));
#11111 = ORIENTED_EDGE('',*,*,#4027,.F.);
#11112 = ORIENTED_EDGE('',*,*,#11113,.F.);
#11113 = EDGE_CURVE('',#7548,#4028,#11114,.T.);
#11114 = SURFACE_CURVE('',#11115,(#11119,#11125),.PCURVE_S1.);
#11115 = LINE('',#11116,#11117);
#11116 = CARTESIAN_POINT('',(-5.955555555556,6.755555555556,0.));
#11117 = VECTOR('',#11118,1.);
#11118 = DIRECTION('',(0.,0.,1.));
#11119 = PCURVE('',#4045,#11120);
#11120 = DEFINITIONAL_REPRESENTATION('',(#11121),#11124);
#11121 = B_SPLINE_CURVE_WITH_KNOTS('',1,(#11122,#11123),.UNSPECIFIED.,
  .F.,.F.,(2,2),(0.,30.),.PIECEWISE_BEZIER_KNOTS.);
#11122 = CARTESIAN_POINT('',(0.,-25.42222222222));
#11123 = CARTESIAN_POINT('',(30.,-25.42222222222));
#11124 = ( GEOMETRIC_REPRESENTATION_CONTEXT(2) 
PARAMETRIC_REPRESENTATION_CONTEXT() REPRESENTATION_CONTEXT('2D SPACE',''
  ) );
#11125 = PCURVE('',#4127,#11126);
#11126 = DEFINITIONAL_REPRESENTATION('',(#11127),#11130);
#11127 = B_SPLINE_CURVE_WITH_KNOTS('',1,(#11128,#11129),.UNSPECIFIED.,
  .F.,.F.,(2,2),(0.,30.),.PIECEWISE_BEZIER_KNOTS.);
#11128 = CARTESIAN_POINT('',(0.,12.711111111111));
#11129 = CARTESIAN_POINT('',(30.,12.711111111111));
#11130 = ( GEOMETRIC_REPRESENTATION_CONTEXT(2) 
PARAMETRIC_REPRESENTATION_CONTEXT() REPRESENTATION_CONTEXT('2D SPACE',''
  ) );
#11131 = ORIENTED_EDGE('',*,*,#7547,.T.);
#11132 = ORIENTED_EDGE('',*,*,#11133,.T.);
#11133 = EDGE_CURVE('',#7550,#4030,#11134,.T.);
#11134 = SURFACE_CURVE('',#11135,(#11139,#11145),.PCURVE_S1.);
#11135 = LINE('',#11136,#11137);
#11136 = CARTESIAN_POINT('',(-5.955555555556,12.311111111111,0.));
#11137 = VECTOR('',#11138,1.);
#11138 = DIRECTION('',(0.,0.,1.));
#11139 = PCURVE('',#4045,#11140);
#11140 = DEFINITIONAL_REPRESENTATION('',(#11141),#11144);
#11141 = B_SPLINE_CURVE_WITH_KNOTS('',1,(#11142,#11143),.UNSPECIFIED.,
  .F.,.F.,(2,2),(0.,30.),.PIECEWISE_BEZIER_KNOTS.);
#11142 = CARTESIAN_POINT('',(0.,-30.97777777777));
#11143 = CARTESIAN_POINT('',(30.,-30.97777777777));
#11144 = ( GEOMETRIC_REPRESENTATION_CONTEXT(2) 
PARAMETRIC_REPRESENTATION_CONTEXT() REPRESENTATION_CONTEXT('2D SPACE',''
  ) );
#11145 = PCURVE('',#4073,#11146);
#11146 = DEFINITIONAL_REPRESENTATION('',(#11147),#11150);
#11147 = B_SPLINE_CURVE_WITH_KNOTS('',1,(#11148,#11149),.UNSPECIFIED.,
  .F.,.F.,(2,2),(0.,30.),.PIECEWISE_BEZIER_KNOTS.);
#11148 = CARTESIAN_POINT('',(0.,12.711111111111));
#11149 = CARTESIAN_POINT('',(30.,12.711111111111));
#11150 = ( GEOMETRIC_REPRESENTATION_CONTEXT(2) 
PARAMETRIC_REPRESENTATION_CONTEXT() REPRESENTATION_CONTEXT('2D SPACE',''
  ) );
#11151 = ADVANCED_FACE('',(#11152),#4127,.T.);
#11152 = FACE_BOUND('',#11153,.T.);
#11153 = EDGE_LOOP('',(#11154,#11155,#11156,#11157));
#11154 = ORIENTED_EDGE('',*,*,#7618,.F.);
#11155 = ORIENTED_EDGE('',*,*,#11113,.T.);
#11156 = ORIENTED_EDGE('',*,*,#4113,.T.);
#11157 = ORIENTED_EDGE('',*,*,#11158,.F.);
#11158 = EDGE_CURVE('',#7596,#4086,#11159,.T.);
#11159 = SURFACE_CURVE('',#11160,(#11164,#11170),.PCURVE_S1.);
#11160 = LINE('',#11161,#11162);
#11161 = CARTESIAN_POINT('',(-0.4,6.755555555556,0.));
#11162 = VECTOR('',#11163,1.);
#11163 = DIRECTION('',(0.,0.,1.));
#11164 = PCURVE('',#4127,#11165);
#11165 = DEFINITIONAL_REPRESENTATION('',(#11166),#11169);
#11166 = B_SPLINE_CURVE_WITH_KNOTS('',1,(#11167,#11168),.UNSPECIFIED.,
  .F.,.F.,(2,2),(0.,30.),.PIECEWISE_BEZIER_KNOTS.);
#11167 = CARTESIAN_POINT('',(0.,18.266666666667));
#11168 = CARTESIAN_POINT('',(30.,18.266666666667));
#11169 = ( GEOMETRIC_REPRESENTATION_CONTEXT(2) 
PARAMETRIC_REPRESENTATION_CONTEXT() REPRESENTATION_CONTEXT('2D SPACE',''
  ) );
#11170 = PCURVE('',#4101,#11171);
#11171 = DEFINITIONAL_REPRESENTATION('',(#11172),#11175);
#11172 = B_SPLINE_CURVE_WITH_KNOTS('',1,(#11173,#11174),.UNSPECIFIED.,
  .F.,.F.,(2,2),(0.,30.),.PIECEWISE_BEZIER_KNOTS.);
#11173 = CARTESIAN_POINT('',(0.,-25.42222222222));
#11174 = CARTESIAN_POINT('',(30.,-25.42222222222));
#11175 = ( GEOMETRIC_REPRESENTATION_CONTEXT(2) 
PARAMETRIC_REPRESENTATION_CONTEXT() REPRESENTATION_CONTEXT('2D SPACE',''
  ) );
#11176 = ADVANCED_FACE('',(#11177),#4101,.F.);
#11177 = FACE_BOUND('',#11178,.F.);
#11178 = EDGE_LOOP('',(#11179,#11180,#11181,#11182));
#11179 = ORIENTED_EDGE('',*,*,#4085,.F.);
#11180 = ORIENTED_EDGE('',*,*,#11158,.F.);
#11181 = ORIENTED_EDGE('',*,*,#7595,.T.);
#11182 = ORIENTED_EDGE('',*,*,#11183,.T.);
#11183 = EDGE_CURVE('',#7573,#4058,#11184,.T.);
#11184 = SURFACE_CURVE('',#11185,(#11189,#11195),.PCURVE_S1.);
#11185 = LINE('',#11186,#11187);
#11186 = CARTESIAN_POINT('',(-0.4,12.311111111111,0.));
#11187 = VECTOR('',#11188,1.);
#11188 = DIRECTION('',(0.,0.,1.));
#11189 = PCURVE('',#4101,#11190);
#11190 = DEFINITIONAL_REPRESENTATION('',(#11191),#11194);
#11191 = B_SPLINE_CURVE_WITH_KNOTS('',1,(#11192,#11193),.UNSPECIFIED.,
  .F.,.F.,(2,2),(0.,30.),.PIECEWISE_BEZIER_KNOTS.);
#11192 = CARTESIAN_POINT('',(0.,-30.97777777777));
#11193 = CARTESIAN_POINT('',(30.,-30.97777777777));
#11194 = ( GEOMETRIC_REPRESENTATION_CONTEXT(2) 
PARAMETRIC_REPRESENTATION_CONTEXT() REPRESENTATION_CONTEXT('2D SPACE',''
  ) );
#11195 = PCURVE('',#4073,#11196);
#11196 = DEFINITIONAL_REPRESENTATION('',(#11197),#11200);
#11197 = B_SPLINE_CURVE_WITH_KNOTS('',1,(#11198,#11199),.UNSPECIFIED.,
  .F.,.F.,(2,2),(0.,30.),.PIECEWISE_BEZIER_KNOTS.);
#11198 = CARTESIAN_POINT('',(0.,18.266666666667));
#11199 = CARTESIAN_POINT('',(30.,18.266666666667));
#11200 = ( GEOMETRIC_REPRESENTATION_CONTEXT(2) 
PARAMETRIC_REPRESENTATION_CONTEXT() REPRESENTATION_CONTEXT('2D SPACE',''
  ) );
#11201 = ADVANCED_FACE('',(#11202),#4159,.T.);
#11202 = FACE_BOUND('',#11203,.T.);
#11203 = EDGE_LOOP('',(#11204,#11205,#11224,#11225));
#11204 = ORIENTED_EDGE('',*,*,#4141,.F.);
#11205 = ORIENTED_EDGE('',*,*,#11206,.F.);
#11206 = EDGE_CURVE('',#7642,#4142,#11207,.T.);
#11207 = SURFACE_CURVE('',#11208,(#11212,#11218),.PCURVE_S1.);
#11208 = LINE('',#11209,#11210);
#11209 = CARTESIAN_POINT('',(0.4,6.755555555556,0.));
#11210 = VECTOR('',#11211,1.);
#11211 = DIRECTION('',(0.,0.,1.));
#11212 = PCURVE('',#4159,#11213);
#11213 = DEFINITIONAL_REPRESENTATION('',(#11214),#11217);
#11214 = B_SPLINE_CURVE_WITH_KNOTS('',1,(#11215,#11216),.UNSPECIFIED.,
  .F.,.F.,(2,2),(0.,30.),.PIECEWISE_BEZIER_KNOTS.);
#11215 = CARTESIAN_POINT('',(0.,-25.42222222222));
#11216 = CARTESIAN_POINT('',(30.,-25.42222222222));
#11217 = ( GEOMETRIC_REPRESENTATION_CONTEXT(2) 
PARAMETRIC_REPRESENTATION_CONTEXT() REPRESENTATION_CONTEXT('2D SPACE',''
  ) );
#11218 = PCURVE('',#4241,#11219);
#11219 = DEFINITIONAL_REPRESENTATION('',(#11220),#11223);
#11220 = B_SPLINE_CURVE_WITH_KNOTS('',1,(#11221,#11222),.UNSPECIFIED.,
  .F.,.F.,(2,2),(0.,30.),.PIECEWISE_BEZIER_KNOTS.);
#11221 = CARTESIAN_POINT('',(0.,19.066666666667));
#11222 = CARTESIAN_POINT('',(30.,19.066666666667));
#11223 = ( GEOMETRIC_REPRESENTATION_CONTEXT(2) 
PARAMETRIC_REPRESENTATION_CONTEXT() REPRESENTATION_CONTEXT('2D SPACE',''
  ) );
#11224 = ORIENTED_EDGE('',*,*,#7641,.T.);
#11225 = ORIENTED_EDGE('',*,*,#11226,.T.);
#11226 = EDGE_CURVE('',#7644,#4144,#11227,.T.);
#11227 = SURFACE_CURVE('',#11228,(#11232,#11238),.PCURVE_S1.);
#11228 = LINE('',#11229,#11230);
#11229 = CARTESIAN_POINT('',(0.4,12.311111111111,0.));
#11230 = VECTOR('',#11231,1.);
#11231 = DIRECTION('',(0.,0.,1.));
#11232 = PCURVE('',#4159,#11233);
#11233 = DEFINITIONAL_REPRESENTATION('',(#11234),#11237);
#11234 = B_SPLINE_CURVE_WITH_KNOTS('',1,(#11235,#11236),.UNSPECIFIED.,
  .F.,.F.,(2,2),(0.,30.),.PIECEWISE_BEZIER_KNOTS.);
#11235 = CARTESIAN_POINT('',(0.,-30.97777777777));
#11236 = CARTESIAN_POINT('',(30.,-30.97777777777));
#11237 = ( GEOMETRIC_REPRESENTATION_CONTEXT(2) 
PARAMETRIC_REPRESENTATION_CONTEXT() REPRESENTATION_CONTEXT('2D SPACE',''
  ) );
#11238 = PCURVE('',#4187,#11239);
#11239 = DEFINITIONAL_REPRESENTATION('',(#11240),#11243);
#11240 = B_SPLINE_CURVE_WITH_KNOTS('',1,(#11241,#11242),.UNSPECIFIED.,
  .F.,.F.,(2,2),(0.,30.),.PIECEWISE_BEZIER_KNOTS.);
#11241 = CARTESIAN_POINT('',(0.,19.066666666667));
#11242 = CARTESIAN_POINT('',(30.,19.066666666667));
#11243 = ( GEOMETRIC_REPRESENTATION_CONTEXT(2) 
PARAMETRIC_REPRESENTATION_CONTEXT() REPRESENTATION_CONTEXT('2D SPACE',''
  ) );
#11244 = ADVANCED_FACE('',(#11245),#4241,.T.);
#11245 = FACE_BOUND('',#11246,.T.);
#11246 = EDGE_LOOP('',(#11247,#11248,#11249,#11250));
#11247 = ORIENTED_EDGE('',*,*,#7712,.F.);
#11248 = ORIENTED_EDGE('',*,*,#11206,.T.);
#11249 = ORIENTED_EDGE('',*,*,#4227,.T.);
#11250 = ORIENTED_EDGE('',*,*,#11251,.F.);
#11251 = EDGE_CURVE('',#7690,#4200,#11252,.T.);
#11252 = SURFACE_CURVE('',#11253,(#11257,#11263),.PCURVE_S1.);
#11253 = LINE('',#11254,#11255);
#11254 = CARTESIAN_POINT('',(5.955555555556,6.755555555556,0.));
#11255 = VECTOR('',#11256,1.);
#11256 = DIRECTION('',(0.,0.,1.));
#11257 = PCURVE('',#4241,#11258);
#11258 = DEFINITIONAL_REPRESENTATION('',(#11259),#11262);
#11259 = B_SPLINE_CURVE_WITH_KNOTS('',1,(#11260,#11261),.UNSPECIFIED.,
  .F.,.F.,(2,2),(0.,30.),.PIECEWISE_BEZIER_KNOTS.);
#11260 = CARTESIAN_POINT('',(0.,24.622222222222));
#11261 = CARTESIAN_POINT('',(30.,24.622222222222));
#11262 = ( GEOMETRIC_REPRESENTATION_CONTEXT(2) 
PARAMETRIC_REPRESENTATION_CONTEXT() REPRESENTATION_CONTEXT('2D SPACE',''
  ) );
#11263 = PCURVE('',#4215,#11264);
#11264 = DEFINITIONAL_REPRESENTATION('',(#11265),#11268);
#11265 = B_SPLINE_CURVE_WITH_KNOTS('',1,(#11266,#11267),.UNSPECIFIED.,
  .F.,.F.,(2,2),(0.,30.),.PIECEWISE_BEZIER_KNOTS.);
#11266 = CARTESIAN_POINT('',(0.,-25.42222222222));
#11267 = CARTESIAN_POINT('',(30.,-25.42222222222));
#11268 = ( GEOMETRIC_REPRESENTATION_CONTEXT(2) 
PARAMETRIC_REPRESENTATION_CONTEXT() REPRESENTATION_CONTEXT('2D SPACE',''
  ) );
#11269 = ADVANCED_FACE('',(#11270),#4215,.F.);
#11270 = FACE_BOUND('',#11271,.F.);
#11271 = EDGE_LOOP('',(#11272,#11273,#11274,#11275));
#11272 = ORIENTED_EDGE('',*,*,#4199,.F.);
#11273 = ORIENTED_EDGE('',*,*,#11251,.F.);
#11274 = ORIENTED_EDGE('',*,*,#7689,.T.);
#11275 = ORIENTED_EDGE('',*,*,#11276,.T.);
#11276 = EDGE_CURVE('',#7667,#4172,#11277,.T.);
#11277 = SURFACE_CURVE('',#11278,(#11282,#11288),.PCURVE_S1.);
#11278 = LINE('',#11279,#11280);
#11279 = CARTESIAN_POINT('',(5.955555555556,12.311111111111,0.));
#11280 = VECTOR('',#11281,1.);
#11281 = DIRECTION('',(0.,0.,1.));
#11282 = PCURVE('',#4215,#11283);
#11283 = DEFINITIONAL_REPRESENTATION('',(#11284),#11287);
#11284 = B_SPLINE_CURVE_WITH_KNOTS('',1,(#11285,#11286),.UNSPECIFIED.,
  .F.,.F.,(2,2),(0.,30.),.PIECEWISE_BEZIER_KNOTS.);
#11285 = CARTESIAN_POINT('',(0.,-30.97777777777));
#11286 = CARTESIAN_POINT('',(30.,-30.97777777777));
#11287 = ( GEOMETRIC_REPRESENTATION_CONTEXT(2) 
PARAMETRIC_REPRESENTATION_CONTEXT() REPRESENTATION_CONTEXT('2D SPACE',''
  ) );
#11288 = PCURVE('',#4187,#11289);
#11289 = DEFINITIONAL_REPRESENTATION('',(#11290),#11293);
#11290 = B_SPLINE_CURVE_WITH_KNOTS('',1,(#11291,#11292),.UNSPECIFIED.,
  .F.,.F.,(2,2),(0.,30.),.PIECEWISE_BEZIER_KNOTS.);
#11291 = CARTESIAN_POINT('',(0.,24.622222222222));
#11292 = CARTESIAN_POINT('',(30.,24.622222222222));
#11293 = ( GEOMETRIC_REPRESENTATION_CONTEXT(2) 
PARAMETRIC_REPRESENTATION_CONTEXT() REPRESENTATION_CONTEXT('2D SPACE',''
  ) );
#11294 = ADVANCED_FACE('',(#11295),#4273,.T.);
#11295 = FACE_BOUND('',#11296,.T.);
#11296 = EDGE_LOOP('',(#11297,#11298,#11317,#11318));
#11297 = ORIENTED_EDGE('',*,*,#4255,.F.);
#11298 = ORIENTED_EDGE('',*,*,#11299,.F.);
#11299 = EDGE_CURVE('',#7736,#4256,#11300,.T.);
#11300 = SURFACE_CURVE('',#11301,(#11305,#11311),.PCURVE_S1.);
#11301 = LINE('',#11302,#11303);
#11302 = CARTESIAN_POINT('',(6.755555555556,6.755555555556,0.));
#11303 = VECTOR('',#11304,1.);
#11304 = DIRECTION('',(0.,0.,1.));
#11305 = PCURVE('',#4273,#11306);
#11306 = DEFINITIONAL_REPRESENTATION('',(#11307),#11310);
#11307 = B_SPLINE_CURVE_WITH_KNOTS('',1,(#11308,#11309),.UNSPECIFIED.,
  .F.,.F.,(2,2),(0.,30.),.PIECEWISE_BEZIER_KNOTS.);
#11308 = CARTESIAN_POINT('',(0.,-25.42222222222));
#11309 = CARTESIAN_POINT('',(30.,-25.42222222222));
#11310 = ( GEOMETRIC_REPRESENTATION_CONTEXT(2) 
PARAMETRIC_REPRESENTATION_CONTEXT() REPRESENTATION_CONTEXT('2D SPACE',''
  ) );
#11311 = PCURVE('',#4355,#11312);
#11312 = DEFINITIONAL_REPRESENTATION('',(#11313),#11316);
#11313 = B_SPLINE_CURVE_WITH_KNOTS('',1,(#11314,#11315),.UNSPECIFIED.,
  .F.,.F.,(2,2),(0.,30.),.PIECEWISE_BEZIER_KNOTS.);
#11314 = CARTESIAN_POINT('',(0.,25.422222222222));
#11315 = CARTESIAN_POINT('',(30.,25.422222222222));
#11316 = ( GEOMETRIC_REPRESENTATION_CONTEXT(2) 
PARAMETRIC_REPRESENTATION_CONTEXT() REPRESENTATION_CONTEXT('2D SPACE',''
  ) );
#11317 = ORIENTED_EDGE('',*,*,#7735,.T.);
#11318 = ORIENTED_EDGE('',*,*,#11319,.T.);
#11319 = EDGE_CURVE('',#7738,#4258,#11320,.T.);
#11320 = SURFACE_CURVE('',#11321,(#11325,#11331),.PCURVE_S1.);
#11321 = LINE('',#11322,#11323);
#11322 = CARTESIAN_POINT('',(6.755555555556,12.311111111111,0.));
#11323 = VECTOR('',#11324,1.);
#11324 = DIRECTION('',(0.,0.,1.));
#11325 = PCURVE('',#4273,#11326);
#11326 = DEFINITIONAL_REPRESENTATION('',(#11327),#11330);
#11327 = B_SPLINE_CURVE_WITH_KNOTS('',1,(#11328,#11329),.UNSPECIFIED.,
  .F.,.F.,(2,2),(0.,30.),.PIECEWISE_BEZIER_KNOTS.);
#11328 = CARTESIAN_POINT('',(0.,-30.97777777777));
#11329 = CARTESIAN_POINT('',(30.,-30.97777777777));
#11330 = ( GEOMETRIC_REPRESENTATION_CONTEXT(2) 
PARAMETRIC_REPRESENTATION_CONTEXT() REPRESENTATION_CONTEXT('2D SPACE',''
  ) );
#11331 = PCURVE('',#4301,#11332);
#11332 = DEFINITIONAL_REPRESENTATION('',(#11333),#11336);
#11333 = B_SPLINE_CURVE_WITH_KNOTS('',1,(#11334,#11335),.UNSPECIFIED.,
  .F.,.F.,(2,2),(0.,30.),.PIECEWISE_BEZIER_KNOTS.);
#11334 = CARTESIAN_POINT('',(0.,25.422222222222));
#11335 = CARTESIAN_POINT('',(30.,25.422222222222));
#11336 = ( GEOMETRIC_REPRESENTATION_CONTEXT(2) 
PARAMETRIC_REPRESENTATION_CONTEXT() REPRESENTATION_CONTEXT('2D SPACE',''
  ) );
#11337 = ADVANCED_FACE('',(#11338),#4355,.T.);
#11338 = FACE_BOUND('',#11339,.T.);
#11339 = EDGE_LOOP('',(#11340,#11341,#11342,#11343));
#11340 = ORIENTED_EDGE('',*,*,#7806,.F.);
#11341 = ORIENTED_EDGE('',*,*,#11299,.T.);
#11342 = ORIENTED_EDGE('',*,*,#4341,.T.);
#11343 = ORIENTED_EDGE('',*,*,#11344,.F.);
#11344 = EDGE_CURVE('',#7784,#4314,#11345,.T.);
#11345 = SURFACE_CURVE('',#11346,(#11350,#11356),.PCURVE_S1.);
#11346 = LINE('',#11347,#11348);
#11347 = CARTESIAN_POINT('',(12.311111111111,6.755555555556,0.));
#11348 = VECTOR('',#11349,1.);
#11349 = DIRECTION('',(0.,0.,1.));
#11350 = PCURVE('',#4355,#11351);
#11351 = DEFINITIONAL_REPRESENTATION('',(#11352),#11355);
#11352 = B_SPLINE_CURVE_WITH_KNOTS('',1,(#11353,#11354),.UNSPECIFIED.,
  .F.,.F.,(2,2),(0.,30.),.PIECEWISE_BEZIER_KNOTS.);
#11353 = CARTESIAN_POINT('',(0.,30.977777777778));
#11354 = CARTESIAN_POINT('',(30.,30.977777777778));
#11355 = ( GEOMETRIC_REPRESENTATION_CONTEXT(2) 
PARAMETRIC_REPRESENTATION_CONTEXT() REPRESENTATION_CONTEXT('2D SPACE',''
  ) );
#11356 = PCURVE('',#4329,#11357);
#11357 = DEFINITIONAL_REPRESENTATION('',(#11358),#11361);
#11358 = B_SPLINE_CURVE_WITH_KNOTS('',1,(#11359,#11360),.UNSPECIFIED.,
  .F.,.F.,(2,2),(0.,30.),.PIECEWISE_BEZIER_KNOTS.);
#11359 = CARTESIAN_POINT('',(0.,-25.42222222222));
#11360 = CARTESIAN_POINT('',(30.,-25.42222222222));
#11361 = ( GEOMETRIC_REPRESENTATION_CONTEXT(2) 
PARAMETRIC_REPRESENTATION_CONTEXT() REPRESENTATION_CONTEXT('2D SPACE',''
  ) );
#11362 = ADVANCED_FACE('',(#11363),#4329,.F.);
#11363 = FACE_BOUND('',#11364,.F.);
#11364 = EDGE_LOOP('',(#11365,#11366,#11367,#11368));
#11365 = ORIENTED_EDGE('',*,*,#4313,.F.);
#11366 = ORIENTED_EDGE('',*,*,#11344,.F.);
#11367 = ORIENTED_EDGE('',*,*,#7783,.T.);
#11368 = ORIENTED_EDGE('',*,*,#11369,.T.);
#11369 = EDGE_CURVE('',#7761,#4286,#11370,.T.);
#11370 = SURFACE_CURVE('',#11371,(#11375,#11381),.PCURVE_S1.);
#11371 = LINE('',#11372,#11373);
#11372 = CARTESIAN_POINT('',(12.311111111111,12.311111111111,0.));
#11373 = VECTOR('',#11374,1.);
#11374 = DIRECTION('',(0.,0.,1.));
#11375 = PCURVE('',#4329,#11376);
#11376 = DEFINITIONAL_REPRESENTATION('',(#11377),#11380);
#11377 = B_SPLINE_CURVE_WITH_KNOTS('',1,(#11378,#11379),.UNSPECIFIED.,
  .F.,.F.,(2,2),(0.,30.),.PIECEWISE_BEZIER_KNOTS.);
#11378 = CARTESIAN_POINT('',(0.,-30.97777777777));
#11379 = CARTESIAN_POINT('',(30.,-30.97777777777));
#11380 = ( GEOMETRIC_REPRESENTATION_CONTEXT(2) 
PARAMETRIC_REPRESENTATION_CONTEXT() REPRESENTATION_CONTEXT('2D SPACE',''
  ) );
#11381 = PCURVE('',#4301,#11382);
#11382 = DEFINITIONAL_REPRESENTATION('',(#11383),#11386);
#11383 = B_SPLINE_CURVE_WITH_KNOTS('',1,(#11384,#11385),.UNSPECIFIED.,
  .F.,.F.,(2,2),(0.,30.),.PIECEWISE_BEZIER_KNOTS.);
#11384 = CARTESIAN_POINT('',(0.,30.977777777778));
#11385 = CARTESIAN_POINT('',(30.,30.977777777778));
#11386 = ( GEOMETRIC_REPRESENTATION_CONTEXT(2) 
PARAMETRIC_REPRESENTATION_CONTEXT() REPRESENTATION_CONTEXT('2D SPACE',''
  ) );
#11387 = ADVANCED_FACE('',(#11388),#3075,.T.);
#11388 = FACE_BOUND('',#11389,.T.);
#11389 = EDGE_LOOP('',(#11390,#11391,#11410,#11411));
#11390 = ORIENTED_EDGE('',*,*,#3059,.F.);
#11391 = ORIENTED_EDGE('',*,*,#11392,.F.);
#11392 = EDGE_CURVE('',#6727,#3032,#11393,.T.);
#11393 = SURFACE_CURVE('',#11394,(#11398,#11404),.PCURVE_S1.);
#11394 = LINE('',#11395,#11396);
#11395 = CARTESIAN_POINT('',(13.111111111111,6.755555555556,0.));
#11396 = VECTOR('',#11397,1.);
#11397 = DIRECTION('',(0.,0.,1.));
#11398 = PCURVE('',#3075,#11399);
#11399 = DEFINITIONAL_REPRESENTATION('',(#11400),#11403);
#11400 = B_SPLINE_CURVE_WITH_KNOTS('',1,(#11401,#11402),.UNSPECIFIED.,
  .F.,.F.,(2,2),(0.,30.),.PIECEWISE_BEZIER_KNOTS.);
#11401 = CARTESIAN_POINT('',(0.,-25.42222222222));
#11402 = CARTESIAN_POINT('',(30.,-25.42222222222));
#11403 = ( GEOMETRIC_REPRESENTATION_CONTEXT(2) 
PARAMETRIC_REPRESENTATION_CONTEXT() REPRESENTATION_CONTEXT('2D SPACE',''
  ) );
#11404 = PCURVE('',#3047,#11405);
#11405 = DEFINITIONAL_REPRESENTATION('',(#11406),#11409);
#11406 = B_SPLINE_CURVE_WITH_KNOTS('',1,(#11407,#11408),.UNSPECIFIED.,
  .F.,.F.,(2,2),(0.,30.),.PIECEWISE_BEZIER_KNOTS.);
#11407 = CARTESIAN_POINT('',(0.,31.777777777778));
#11408 = CARTESIAN_POINT('',(30.,31.777777777778));
#11409 = ( GEOMETRIC_REPRESENTATION_CONTEXT(2) 
PARAMETRIC_REPRESENTATION_CONTEXT() REPRESENTATION_CONTEXT('2D SPACE',''
  ) );
#11410 = ORIENTED_EDGE('',*,*,#6749,.T.);
#11411 = ORIENTED_EDGE('',*,*,#11412,.T.);
#11412 = EDGE_CURVE('',#6750,#3060,#11413,.T.);
#11413 = SURFACE_CURVE('',#11414,(#11418,#11424),.PCURVE_S1.);
#11414 = LINE('',#11415,#11416);
#11415 = CARTESIAN_POINT('',(13.111111111111,12.311111111111,0.));
#11416 = VECTOR('',#11417,1.);
#11417 = DIRECTION('',(0.,0.,1.));
#11418 = PCURVE('',#3075,#11419);
#11419 = DEFINITIONAL_REPRESENTATION('',(#11420),#11423);
#11420 = B_SPLINE_CURVE_WITH_KNOTS('',1,(#11421,#11422),.UNSPECIFIED.,
  .F.,.F.,(2,2),(0.,30.),.PIECEWISE_BEZIER_KNOTS.);
#11421 = CARTESIAN_POINT('',(0.,-30.97777777777));
#11422 = CARTESIAN_POINT('',(30.,-30.97777777777));
#11423 = ( GEOMETRIC_REPRESENTATION_CONTEXT(2) 
PARAMETRIC_REPRESENTATION_CONTEXT() REPRESENTATION_CONTEXT('2D SPACE',''
  ) );
#11424 = PCURVE('',#3101,#11425);
#11425 = DEFINITIONAL_REPRESENTATION('',(#11426),#11429);
#11426 = B_SPLINE_CURVE_WITH_KNOTS('',1,(#11427,#11428),.UNSPECIFIED.,
  .F.,.F.,(2,2),(0.,30.),.PIECEWISE_BEZIER_KNOTS.);
#11427 = CARTESIAN_POINT('',(0.,31.777777777778));
#11428 = CARTESIAN_POINT('',(30.,31.777777777778));
#11429 = ( GEOMETRIC_REPRESENTATION_CONTEXT(2) 
PARAMETRIC_REPRESENTATION_CONTEXT() REPRESENTATION_CONTEXT('2D SPACE',''
  ) );
#11430 = ADVANCED_FACE('',(#11431),#3047,.T.);
#11431 = FACE_BOUND('',#11432,.T.);
#11432 = EDGE_LOOP('',(#11433,#11434,#11435,#11436));
#11433 = ORIENTED_EDGE('',*,*,#6726,.F.);
#11434 = ORIENTED_EDGE('',*,*,#11392,.T.);
#11435 = ORIENTED_EDGE('',*,*,#3031,.T.);
#11436 = ORIENTED_EDGE('',*,*,#10290,.F.);
#11437 = ADVANCED_FACE('',(#11438),#3101,.F.);
#11438 = FACE_BOUND('',#11439,.F.);
#11439 = EDGE_LOOP('',(#11440,#11441,#11442,#11443));
#11440 = ORIENTED_EDGE('',*,*,#6772,.F.);
#11441 = ORIENTED_EDGE('',*,*,#11412,.T.);
#11442 = ORIENTED_EDGE('',*,*,#3087,.T.);
#11443 = ORIENTED_EDGE('',*,*,#10312,.F.);
#11444 = ADVANCED_FACE('',(#11445),#3161,.T.);
#11445 = FACE_BOUND('',#11446,.T.);
#11446 = EDGE_LOOP('',(#11447,#11448,#11449,#11450));
#11447 = ORIENTED_EDGE('',*,*,#6820,.F.);
#11448 = ORIENTED_EDGE('',*,*,#10411,.T.);
#11449 = ORIENTED_EDGE('',*,*,#3145,.T.);
#11450 = ORIENTED_EDGE('',*,*,#10337,.F.);
#11451 = ADVANCED_FACE('',(#11452),#3275,.T.);
#11452 = FACE_BOUND('',#11453,.T.);
#11453 = EDGE_LOOP('',(#11454,#11455,#11456,#11457));
#11454 = ORIENTED_EDGE('',*,*,#6914,.F.);
#11455 = ORIENTED_EDGE('',*,*,#10508,.T.);
#11456 = ORIENTED_EDGE('',*,*,#3259,.T.);
#11457 = ORIENTED_EDGE('',*,*,#10436,.F.);
#11458 = ADVANCED_FACE('',(#11459),#3389,.T.);
#11459 = FACE_BOUND('',#11460,.T.);
#11460 = EDGE_LOOP('',(#11461,#11462,#11463,#11464));
#11461 = ORIENTED_EDGE('',*,*,#7008,.F.);
#11462 = ORIENTED_EDGE('',*,*,#10605,.T.);
#11463 = ORIENTED_EDGE('',*,*,#3373,.T.);
#11464 = ORIENTED_EDGE('',*,*,#10533,.F.);
#11465 = ADVANCED_FACE('',(#11466),#3503,.T.);
#11466 = FACE_BOUND('',#11467,.T.);
#11467 = EDGE_LOOP('',(#11468,#11469,#11470,#11471));
#11468 = ORIENTED_EDGE('',*,*,#7102,.F.);
#11469 = ORIENTED_EDGE('',*,*,#10702,.T.);
#11470 = ORIENTED_EDGE('',*,*,#3487,.T.);
#11471 = ORIENTED_EDGE('',*,*,#10630,.F.);
#11472 = ADVANCED_FACE('',(#11473),#3617,.T.);
#11473 = FACE_BOUND('',#11474,.T.);
#11474 = EDGE_LOOP('',(#11475,#11476,#11477,#11478));
#11475 = ORIENTED_EDGE('',*,*,#7196,.F.);
#11476 = ORIENTED_EDGE('',*,*,#10799,.T.);
#11477 = ORIENTED_EDGE('',*,*,#3601,.T.);
#11478 = ORIENTED_EDGE('',*,*,#10727,.F.);
#11479 = ADVANCED_FACE('',(#11480),#3731,.T.);
#11480 = FACE_BOUND('',#11481,.T.);
#11481 = EDGE_LOOP('',(#11482,#11483,#11484,#11485));
#11482 = ORIENTED_EDGE('',*,*,#7290,.F.);
#11483 = ORIENTED_EDGE('',*,*,#10896,.T.);
#11484 = ORIENTED_EDGE('',*,*,#3715,.T.);
#11485 = ORIENTED_EDGE('',*,*,#10824,.F.);
#11486 = ADVANCED_FACE('',(#11487),#3845,.F.);
#11487 = FACE_BOUND('',#11488,.F.);
#11488 = EDGE_LOOP('',(#11489,#11490,#11491,#11492));
#11489 = ORIENTED_EDGE('',*,*,#7384,.F.);
#11490 = ORIENTED_EDGE('',*,*,#10945,.T.);
#11491 = ORIENTED_EDGE('',*,*,#3829,.T.);
#11492 = ORIENTED_EDGE('',*,*,#10997,.F.);
#11493 = ADVANCED_FACE('',(#11494),#3959,.F.);
#11494 = FACE_BOUND('',#11495,.F.);
#11495 = EDGE_LOOP('',(#11496,#11497,#11498,#11499));
#11496 = ORIENTED_EDGE('',*,*,#7478,.F.);
#11497 = ORIENTED_EDGE('',*,*,#11040,.T.);
#11498 = ORIENTED_EDGE('',*,*,#3943,.T.);
#11499 = ORIENTED_EDGE('',*,*,#11090,.F.);
#11500 = ADVANCED_FACE('',(#11501),#4073,.F.);
#11501 = FACE_BOUND('',#11502,.F.);
#11502 = EDGE_LOOP('',(#11503,#11504,#11505,#11506));
#11503 = ORIENTED_EDGE('',*,*,#7572,.F.);
#11504 = ORIENTED_EDGE('',*,*,#11133,.T.);
#11505 = ORIENTED_EDGE('',*,*,#4057,.T.);
#11506 = ORIENTED_EDGE('',*,*,#11183,.F.);
#11507 = ADVANCED_FACE('',(#11508),#4187,.F.);
#11508 = FACE_BOUND('',#11509,.F.);
#11509 = EDGE_LOOP('',(#11510,#11511,#11512,#11513));
#11510 = ORIENTED_EDGE('',*,*,#7666,.F.);
#11511 = ORIENTED_EDGE('',*,*,#11226,.T.);
#11512 = ORIENTED_EDGE('',*,*,#4171,.T.);
#11513 = ORIENTED_EDGE('',*,*,#11276,.F.);
#11514 = ADVANCED_FACE('',(#11515),#4301,.F.);
#11515 = FACE_BOUND('',#11516,.F.);
#11516 = EDGE_LOOP('',(#11517,#11518,#11519,#11520));
#11517 = ORIENTED_EDGE('',*,*,#7760,.F.);
#11518 = ORIENTED_EDGE('',*,*,#11319,.T.);
#11519 = ORIENTED_EDGE('',*,*,#4285,.T.);
#11520 = ORIENTED_EDGE('',*,*,#11369,.F.);
#11521 = ( GEOMETRIC_REPRESENTATION_CONTEXT(3) 
GLOBAL_UNCERTAINTY_ASSIGNED_CONTEXT((#11525)) 
GLOBAL_UNIT_ASSIGNED_CONTEXT((#11522,#11523,#11524)) 
REPRESENTATION_CONTEXT('Context #1',
  '3D Context with UNIT and UNCERTAINTY') );
#11522 = ( LENGTH_UNIT() NAMED_UNIT(*) SI_UNIT(.MILLI.,.METRE.) );
#11523 = ( NAMED_UNIT(*) PLANE_ANGLE_UNIT() SI_UNIT($,.RADIAN.) );
#11524 = ( NAMED_UNIT(*) SI_UNIT($,.STERADIAN.) SOLID_ANGLE_UNIT() );
#11525 = UNCERTAINTY_MEASURE_WITH_UNIT(LENGTH_MEASURE(1.E-07),#11522,
  'distance_accuracy_value','confusion accuracy');
#11526 = PRODUCT_RELATED_PRODUCT_CATEGORY('part',$,(#7));
ENDSEC;
END-ISO-10303-21;
