ISO-10303-21;
HEADER;
FILE_DESCRIPTION(('Open CASCADE Model'),'2;1');
FILE_NAME('Open CASCADE Shape Model','2026-09-27T12:53:22',('Author'),(
    'Open CASCADE'),'Open CASCADE STEP processor 7.9','Open CASCADE 7.9'
  ,'Unknown');
FILE_SCHEMA(('AUTOMOTIVE_DESIGN { 1 0 10303 214 1 1 1 1 }'));
ENDSEC;
DATA;
#1 = APPLICATION_PROTOCOL_DEFINITION('international standard',
  'automotive_design',2000,#2);
#2 = APPLICATION_CONTEXT(
  'core data for automotive mechanical design processes');
#3 = SHAPE_DEFINITION_REPRESENTATION(#4,#10);
#4 = PRODUCT_DEFINITION_SHAPE('','',#5);
#5 = PRODUCT_DEFINITION('design','',#6,#9);
#6 = PRODUCT_DEFINITION_FORMATION('','',#7);
#7 = PRODUCT('Open CASCADE STEP translator 7.9 4',
  'Open CASCADE STEP translator 7.9 4','',(#8));
#8 = PRODUCT_CONTEXT('',#2,'mechanical');
#9 = PRODUCT_DEFINITION_CONTEXT('part definition',#2,'design');
#10 = ADVANCED_BREP_SHAPE_REPRESENTATION('',(#11,#15),#4432);
#11 = AXIS2_PLACEMENT_3D('',#12,#13,#14);
#12 = CARTESIAN_POINT('',(0.,0.,0.));
#13 = DIRECTION('',(0.,0.,1.));
#14 = DIRECTION('',(1.,0.,-0.));
#15 = MANIFOLD_SOLID_BREP('',#16);
#16 = CLOSED_SHELL('',(#17,#137,#451,#614,#823,#1364,#1592,#1959,#2009,
    #2090,#2666,#2725,#2760,#2819,#3019,#3072,#3125,#3179,#3313,#3320,
    #3494,#3553,#3557,#3616,#3620,#3679,#3683,#3742,#3746,#3843,#3874,
    #3900,#3953,#4000,#4027,#4054,#4061,#4136,#4211,#4286,#4357,#4384,
    #4425));
#17 = ADVANCED_FACE('',(#18),#32,.F.);
#18 = FACE_BOUND('',#19,.F.);
#19 = EDGE_LOOP('',(#20,#55,#83,#111));
#20 = ORIENTED_EDGE('',*,*,#21,.F.);
#21 = EDGE_CURVE('',#22,#24,#26,.T.);
#22 = VERTEX_POINT('',#23);
#23 = CARTESIAN_POINT('',(-73.,-73.,161.6));
#24 = VERTEX_POINT('',#25);
#25 = CARTESIAN_POINT('',(-73.,-73.,167.6));
#26 = SURFACE_CURVE('',#27,(#31,#43),.PCURVE_S1.);
#27 = LINE('',#28,#29);
#28 = CARTESIAN_POINT('',(-73.,-73.,161.6));
#29 = VECTOR('',#30,1.);
#30 = DIRECTION('',(0.,0.,1.));
#31 = PCURVE('',#32,#37);
#32 = PLANE('',#33);
#33 = AXIS2_PLACEMENT_3D('',#34,#35,#36);
#34 = CARTESIAN_POINT('',(-73.,-73.,161.6));
#35 = DIRECTION('',(1.,0.,0.));
#36 = DIRECTION('',(0.,0.,1.));
#37 = DEFINITIONAL_REPRESENTATION('',(#38),#42);
#38 = LINE('',#39,#40);
#39 = CARTESIAN_POINT('',(0.,0.));
#40 = VECTOR('',#41,1.);
#41 = DIRECTION('',(1.,0.));
#42 = ( GEOMETRIC_REPRESENTATION_CONTEXT(2) 
PARAMETRIC_REPRESENTATION_CONTEXT() REPRESENTATION_CONTEXT('2D SPACE',''
  ) );
#43 = PCURVE('',#44,#49);
#44 = PLANE('',#45);
#45 = AXIS2_PLACEMENT_3D('',#46,#47,#48);
#46 = CARTESIAN_POINT('',(-73.,-73.,161.6));
#47 = DIRECTION('',(0.,1.,0.));
#48 = DIRECTION('',(0.,0.,1.));
#49 = DEFINITIONAL_REPRESENTATION('',(#50),#54);
#50 = LINE('',#51,#52);
#51 = CARTESIAN_POINT('',(0.,0.));
#52 = VECTOR('',#53,1.);
#53 = DIRECTION('',(1.,0.));
#54 = ( GEOMETRIC_REPRESENTATION_CONTEXT(2) 
PARAMETRIC_REPRESENTATION_CONTEXT() REPRESENTATION_CONTEXT('2D SPACE',''
  ) );
#55 = ORIENTED_EDGE('',*,*,#56,.T.);
#56 = EDGE_CURVE('',#22,#57,#59,.T.);
#57 = VERTEX_POINT('',#58);
#58 = CARTESIAN_POINT('',(-73.,73.,161.6));
#59 = SURFACE_CURVE('',#60,(#64,#71),.PCURVE_S1.);
#60 = LINE('',#61,#62);
#61 = CARTESIAN_POINT('',(-73.,-73.,161.6));
#62 = VECTOR('',#63,1.);
#63 = DIRECTION('',(0.,1.,0.));
#64 = PCURVE('',#32,#65);
#65 = DEFINITIONAL_REPRESENTATION('',(#66),#70);
#66 = LINE('',#67,#68);
#67 = CARTESIAN_POINT('',(0.,0.));
#68 = VECTOR('',#69,1.);
#69 = DIRECTION('',(0.,-1.));
#70 = ( GEOMETRIC_REPRESENTATION_CONTEXT(2) 
PARAMETRIC_REPRESENTATION_CONTEXT() REPRESENTATION_CONTEXT('2D SPACE',''
  ) );
#71 = PCURVE('',#72,#77);
#72 = PLANE('',#73);
#73 = AXIS2_PLACEMENT_3D('',#74,#75,#76);
#74 = CARTESIAN_POINT('',(-73.,-73.,161.6));
#75 = DIRECTION('',(0.,0.,1.));
#76 = DIRECTION('',(1.,0.,0.));
#77 = DEFINITIONAL_REPRESENTATION('',(#78),#82);
#78 = LINE('',#79,#80);
#79 = CARTESIAN_POINT('',(0.,0.));
#80 = VECTOR('',#81,1.);
#81 = DIRECTION('',(0.,1.));
#82 = ( GEOMETRIC_REPRESENTATION_CONTEXT(2) 
PARAMETRIC_REPRESENTATION_CONTEXT() REPRESENTATION_CONTEXT('2D SPACE',''
  ) );
#83 = ORIENTED_EDGE('',*,*,#84,.T.);
#84 = EDGE_CURVE('',#57,#85,#87,.T.);
#85 = VERTEX_POINT('',#86);
#86 = CARTESIAN_POINT('',(-73.,73.,167.6));
#87 = SURFACE_CURVE('',#88,(#92,#99),.PCURVE_S1.);
#88 = LINE('',#89,#90);
#89 = CARTESIAN_POINT('',(-73.,73.,161.6));
#90 = VECTOR('',#91,1.);
#91 = DIRECTION('',(0.,0.,1.));
#92 = PCURVE('',#32,#93);
#93 = DEFINITIONAL_REPRESENTATION('',(#94),#98);
#94 = LINE('',#95,#96);
#95 = CARTESIAN_POINT('',(0.,-146.));
#96 = VECTOR('',#97,1.);
#97 = DIRECTION('',(1.,0.));
#98 = ( GEOMETRIC_REPRESENTATION_CONTEXT(2) 
PARAMETRIC_REPRESENTATION_CONTEXT() REPRESENTATION_CONTEXT('2D SPACE',''
  ) );
#99 = PCURVE('',#100,#105);
#100 = PLANE('',#101);
#101 = AXIS2_PLACEMENT_3D('',#102,#103,#104);
#102 = CARTESIAN_POINT('',(-73.,73.,161.6));
#103 = DIRECTION('',(0.,1.,0.));
#104 = DIRECTION('',(0.,0.,1.));
#105 = DEFINITIONAL_REPRESENTATION('',(#106),#110);
#106 = LINE('',#107,#108);
#107 = CARTESIAN_POINT('',(0.,0.));
#108 = VECTOR('',#109,1.);
#109 = DIRECTION('',(1.,0.));
#110 = ( GEOMETRIC_REPRESENTATION_CONTEXT(2) 
PARAMETRIC_REPRESENTATION_CONTEXT() REPRESENTATION_CONTEXT('2D SPACE',''
  ) );
#111 = ORIENTED_EDGE('',*,*,#112,.F.);
#112 = EDGE_CURVE('',#24,#85,#113,.T.);
#113 = SURFACE_CURVE('',#114,(#118,#125),.PCURVE_S1.);
#114 = LINE('',#115,#116);
#115 = CARTESIAN_POINT('',(-73.,-73.,167.6));
#116 = VECTOR('',#117,1.);
#117 = DIRECTION('',(0.,1.,0.));
#118 = PCURVE('',#32,#119);
#119 = DEFINITIONAL_REPRESENTATION('',(#120),#124);
#120 = LINE('',#121,#122);
#121 = CARTESIAN_POINT('',(6.,0.));
#122 = VECTOR('',#123,1.);
#123 = DIRECTION('',(0.,-1.));
#124 = ( GEOMETRIC_REPRESENTATION_CONTEXT(2) 
PARAMETRIC_REPRESENTATION_CONTEXT() REPRESENTATION_CONTEXT('2D SPACE',''
  ) );
#125 = PCURVE('',#126,#131);
#126 = PLANE('',#127);
#127 = AXIS2_PLACEMENT_3D('',#128,#129,#130);
#128 = CARTESIAN_POINT('',(-73.,-73.,167.6));
#129 = DIRECTION('',(0.,0.,1.));
#130 = DIRECTION('',(1.,0.,0.));
#131 = DEFINITIONAL_REPRESENTATION('',(#132),#136);
#132 = LINE('',#133,#134);
#133 = CARTESIAN_POINT('',(0.,0.));
#134 = VECTOR('',#135,1.);
#135 = DIRECTION('',(0.,1.));
#136 = ( GEOMETRIC_REPRESENTATION_CONTEXT(2) 
PARAMETRIC_REPRESENTATION_CONTEXT() REPRESENTATION_CONTEXT('2D SPACE',''
  ) );
#137 = ADVANCED_FACE('',(#138,#213,#244,#275,#306,#420),#72,.F.);
#138 = FACE_BOUND('',#139,.F.);
#139 = EDGE_LOOP('',(#140,#141,#164,#192));
#140 = ORIENTED_EDGE('',*,*,#56,.F.);
#141 = ORIENTED_EDGE('',*,*,#142,.T.);
#142 = EDGE_CURVE('',#22,#143,#145,.T.);
#143 = VERTEX_POINT('',#144);
#144 = CARTESIAN_POINT('',(73.,-73.,161.6));
#145 = SURFACE_CURVE('',#146,(#150,#157),.PCURVE_S1.);
#146 = LINE('',#147,#148);
#147 = CARTESIAN_POINT('',(-73.,-73.,161.6));
#148 = VECTOR('',#149,1.);
#149 = DIRECTION('',(1.,0.,0.));
#150 = PCURVE('',#72,#151);
#151 = DEFINITIONAL_REPRESENTATION('',(#152),#156);
#152 = LINE('',#153,#154);
#153 = CARTESIAN_POINT('',(0.,0.));
#154 = VECTOR('',#155,1.);
#155 = DIRECTION('',(1.,0.));
#156 = ( GEOMETRIC_REPRESENTATION_CONTEXT(2) 
PARAMETRIC_REPRESENTATION_CONTEXT() REPRESENTATION_CONTEXT('2D SPACE',''
  ) );
#157 = PCURVE('',#44,#158);
#158 = DEFINITIONAL_REPRESENTATION('',(#159),#163);
#159 = LINE('',#160,#161);
#160 = CARTESIAN_POINT('',(0.,0.));
#161 = VECTOR('',#162,1.);
#162 = DIRECTION('',(0.,1.));
#163 = ( GEOMETRIC_REPRESENTATION_CONTEXT(2) 
PARAMETRIC_REPRESENTATION_CONTEXT() REPRESENTATION_CONTEXT('2D SPACE',''
  ) );
#164 = ORIENTED_EDGE('',*,*,#165,.T.);
#165 = EDGE_CURVE('',#143,#166,#168,.T.);
#166 = VERTEX_POINT('',#167);
#167 = CARTESIAN_POINT('',(73.,73.,161.6));
#168 = SURFACE_CURVE('',#169,(#173,#180),.PCURVE_S1.);
#169 = LINE('',#170,#171);
#170 = CARTESIAN_POINT('',(73.,-73.,161.6));
#171 = VECTOR('',#172,1.);
#172 = DIRECTION('',(0.,1.,0.));
#173 = PCURVE('',#72,#174);
#174 = DEFINITIONAL_REPRESENTATION('',(#175),#179);
#175 = LINE('',#176,#177);
#176 = CARTESIAN_POINT('',(146.,0.));
#177 = VECTOR('',#178,1.);
#178 = DIRECTION('',(0.,1.));
#179 = ( GEOMETRIC_REPRESENTATION_CONTEXT(2) 
PARAMETRIC_REPRESENTATION_CONTEXT() REPRESENTATION_CONTEXT('2D SPACE',''
  ) );
#180 = PCURVE('',#181,#186);
#181 = PLANE('',#182);
#182 = AXIS2_PLACEMENT_3D('',#183,#184,#185);
#183 = CARTESIAN_POINT('',(73.,-73.,161.6));
#184 = DIRECTION('',(1.,0.,0.));
#185 = DIRECTION('',(0.,0.,1.));
#186 = DEFINITIONAL_REPRESENTATION('',(#187),#191);
#187 = LINE('',#188,#189);
#188 = CARTESIAN_POINT('',(0.,0.));
#189 = VECTOR('',#190,1.);
#190 = DIRECTION('',(0.,-1.));
#191 = ( GEOMETRIC_REPRESENTATION_CONTEXT(2) 
PARAMETRIC_REPRESENTATION_CONTEXT() REPRESENTATION_CONTEXT('2D SPACE',''
  ) );
#192 = ORIENTED_EDGE('',*,*,#193,.F.);
#193 = EDGE_CURVE('',#57,#166,#194,.T.);
#194 = SURFACE_CURVE('',#195,(#199,#206),.PCURVE_S1.);
#195 = LINE('',#196,#197);
#196 = CARTESIAN_POINT('',(-73.,73.,161.6));
#197 = VECTOR('',#198,1.);
#198 = DIRECTION('',(1.,0.,0.));
#199 = PCURVE('',#72,#200);
#200 = DEFINITIONAL_REPRESENTATION('',(#201),#205);
#201 = LINE('',#202,#203);
#202 = CARTESIAN_POINT('',(0.,146.));
#203 = VECTOR('',#204,1.);
#204 = DIRECTION('',(1.,0.));
#205 = ( GEOMETRIC_REPRESENTATION_CONTEXT(2) 
PARAMETRIC_REPRESENTATION_CONTEXT() REPRESENTATION_CONTEXT('2D SPACE',''
  ) );
#206 = PCURVE('',#100,#207);
#207 = DEFINITIONAL_REPRESENTATION('',(#208),#212);
#208 = LINE('',#209,#210);
#209 = CARTESIAN_POINT('',(0.,0.));
#210 = VECTOR('',#211,1.);
#211 = DIRECTION('',(0.,1.));
#212 = ( GEOMETRIC_REPRESENTATION_CONTEXT(2) 
PARAMETRIC_REPRESENTATION_CONTEXT() REPRESENTATION_CONTEXT('2D SPACE',''
  ) );
#213 = FACE_BOUND('',#214,.F.);
#214 = EDGE_LOOP('',(#215));
#215 = ORIENTED_EDGE('',*,*,#216,.F.);
#216 = EDGE_CURVE('',#217,#217,#219,.T.);
#217 = VERTEX_POINT('',#218);
#218 = CARTESIAN_POINT('',(-63.75,-66.,161.6));
#219 = SURFACE_CURVE('',#220,(#225,#232),.PCURVE_S1.);
#220 = CIRCLE('',#221,2.25);
#221 = AXIS2_PLACEMENT_3D('',#222,#223,#224);
#222 = CARTESIAN_POINT('',(-66.,-66.,161.6));
#223 = DIRECTION('',(0.,0.,1.));
#224 = DIRECTION('',(1.,0.,0.));
#225 = PCURVE('',#72,#226);
#226 = DEFINITIONAL_REPRESENTATION('',(#227),#231);
#227 = CIRCLE('',#228,2.25);
#228 = AXIS2_PLACEMENT_2D('',#229,#230);
#229 = CARTESIAN_POINT('',(7.,7.));
#230 = DIRECTION('',(1.,0.));
#231 = ( GEOMETRIC_REPRESENTATION_CONTEXT(2) 
PARAMETRIC_REPRESENTATION_CONTEXT() REPRESENTATION_CONTEXT('2D SPACE',''
  ) );
#232 = PCURVE('',#233,#238);
#233 = CYLINDRICAL_SURFACE('',#234,2.25);
#234 = AXIS2_PLACEMENT_3D('',#235,#236,#237);
#235 = CARTESIAN_POINT('',(-66.,-66.,161.6));
#236 = DIRECTION('',(-0.,-0.,-1.));
#237 = DIRECTION('',(1.,0.,0.));
#238 = DEFINITIONAL_REPRESENTATION('',(#239),#243);
#239 = LINE('',#240,#241);
#240 = CARTESIAN_POINT('',(-0.,0.));
#241 = VECTOR('',#242,1.);
#242 = DIRECTION('',(-1.,0.));
#243 = ( GEOMETRIC_REPRESENTATION_CONTEXT(2) 
PARAMETRIC_REPRESENTATION_CONTEXT() REPRESENTATION_CONTEXT('2D SPACE',''
  ) );
#244 = FACE_BOUND('',#245,.F.);
#245 = EDGE_LOOP('',(#246));
#246 = ORIENTED_EDGE('',*,*,#247,.F.);
#247 = EDGE_CURVE('',#248,#248,#250,.T.);
#248 = VERTEX_POINT('',#249);
#249 = CARTESIAN_POINT('',(68.25,-66.,161.6));
#250 = SURFACE_CURVE('',#251,(#256,#263),.PCURVE_S1.);
#251 = CIRCLE('',#252,2.25);
#252 = AXIS2_PLACEMENT_3D('',#253,#254,#255);
#253 = CARTESIAN_POINT('',(66.,-66.,161.6));
#254 = DIRECTION('',(0.,0.,1.));
#255 = DIRECTION('',(1.,0.,0.));
#256 = PCURVE('',#72,#257);
#257 = DEFINITIONAL_REPRESENTATION('',(#258),#262);
#258 = CIRCLE('',#259,2.25);
#259 = AXIS2_PLACEMENT_2D('',#260,#261);
#260 = CARTESIAN_POINT('',(139.,7.));
#261 = DIRECTION('',(1.,0.));
#262 = ( GEOMETRIC_REPRESENTATION_CONTEXT(2) 
PARAMETRIC_REPRESENTATION_CONTEXT() REPRESENTATION_CONTEXT('2D SPACE',''
  ) );
#263 = PCURVE('',#264,#269);
#264 = CYLINDRICAL_SURFACE('',#265,2.25);
#265 = AXIS2_PLACEMENT_3D('',#266,#267,#268);
#266 = CARTESIAN_POINT('',(66.,-66.,161.6));
#267 = DIRECTION('',(-0.,-0.,-1.));
#268 = DIRECTION('',(1.,0.,0.));
#269 = DEFINITIONAL_REPRESENTATION('',(#270),#274);
#270 = LINE('',#271,#272);
#271 = CARTESIAN_POINT('',(-0.,0.));
#272 = VECTOR('',#273,1.);
#273 = DIRECTION('',(-1.,0.));
#274 = ( GEOMETRIC_REPRESENTATION_CONTEXT(2) 
PARAMETRIC_REPRESENTATION_CONTEXT() REPRESENTATION_CONTEXT('2D SPACE',''
  ) );
#275 = FACE_BOUND('',#276,.F.);
#276 = EDGE_LOOP('',(#277));
#277 = ORIENTED_EDGE('',*,*,#278,.F.);
#278 = EDGE_CURVE('',#279,#279,#281,.T.);
#279 = VERTEX_POINT('',#280);
#280 = CARTESIAN_POINT('',(-63.75,66.,161.6));
#281 = SURFACE_CURVE('',#282,(#287,#294),.PCURVE_S1.);
#282 = CIRCLE('',#283,2.25);
#283 = AXIS2_PLACEMENT_3D('',#284,#285,#286);
#284 = CARTESIAN_POINT('',(-66.,66.,161.6));
#285 = DIRECTION('',(0.,0.,1.));
#286 = DIRECTION('',(1.,0.,0.));
#287 = PCURVE('',#72,#288);
#288 = DEFINITIONAL_REPRESENTATION('',(#289),#293);
#289 = CIRCLE('',#290,2.25);
#290 = AXIS2_PLACEMENT_2D('',#291,#292);
#291 = CARTESIAN_POINT('',(7.,139.));
#292 = DIRECTION('',(1.,0.));
#293 = ( GEOMETRIC_REPRESENTATION_CONTEXT(2) 
PARAMETRIC_REPRESENTATION_CONTEXT() REPRESENTATION_CONTEXT('2D SPACE',''
  ) );
#294 = PCURVE('',#295,#300);
#295 = CYLINDRICAL_SURFACE('',#296,2.25);
#296 = AXIS2_PLACEMENT_3D('',#297,#298,#299);
#297 = CARTESIAN_POINT('',(-66.,66.,161.6));
#298 = DIRECTION('',(-0.,-0.,-1.));
#299 = DIRECTION('',(1.,0.,0.));
#300 = DEFINITIONAL_REPRESENTATION('',(#301),#305);
#301 = LINE('',#302,#303);
#302 = CARTESIAN_POINT('',(-0.,0.));
#303 = VECTOR('',#304,1.);
#304 = DIRECTION('',(-1.,0.));
#305 = ( GEOMETRIC_REPRESENTATION_CONTEXT(2) 
PARAMETRIC_REPRESENTATION_CONTEXT() REPRESENTATION_CONTEXT('2D SPACE',''
  ) );
#306 = FACE_BOUND('',#307,.F.);
#307 = EDGE_LOOP('',(#308,#338,#366,#394));
#308 = ORIENTED_EDGE('',*,*,#309,.T.);
#309 = EDGE_CURVE('',#310,#312,#314,.T.);
#310 = VERTEX_POINT('',#311);
#311 = CARTESIAN_POINT('',(-56.8,-56.8,161.6));
#312 = VERTEX_POINT('',#313);
#313 = CARTESIAN_POINT('',(-56.8,56.8,161.6));
#314 = SURFACE_CURVE('',#315,(#319,#326),.PCURVE_S1.);
#315 = LINE('',#316,#317);
#316 = CARTESIAN_POINT('',(-56.8,-56.8,161.6));
#317 = VECTOR('',#318,1.);
#318 = DIRECTION('',(0.,1.,0.));
#319 = PCURVE('',#72,#320);
#320 = DEFINITIONAL_REPRESENTATION('',(#321),#325);
#321 = LINE('',#322,#323);
#322 = CARTESIAN_POINT('',(16.2,16.2));
#323 = VECTOR('',#324,1.);
#324 = DIRECTION('',(0.,1.));
#325 = ( GEOMETRIC_REPRESENTATION_CONTEXT(2) 
PARAMETRIC_REPRESENTATION_CONTEXT() REPRESENTATION_CONTEXT('2D SPACE',''
  ) );
#326 = PCURVE('',#327,#332);
#327 = PLANE('',#328);
#328 = AXIS2_PLACEMENT_3D('',#329,#330,#331);
#329 = CARTESIAN_POINT('',(-56.8,-56.8,161.6));
#330 = DIRECTION('',(1.,0.,0.));
#331 = DIRECTION('',(0.,0.,1.));
#332 = DEFINITIONAL_REPRESENTATION('',(#333),#337);
#333 = LINE('',#334,#335);
#334 = CARTESIAN_POINT('',(0.,0.));
#335 = VECTOR('',#336,1.);
#336 = DIRECTION('',(0.,-1.));
#337 = ( GEOMETRIC_REPRESENTATION_CONTEXT(2) 
PARAMETRIC_REPRESENTATION_CONTEXT() REPRESENTATION_CONTEXT('2D SPACE',''
  ) );
#338 = ORIENTED_EDGE('',*,*,#339,.T.);
#339 = EDGE_CURVE('',#312,#340,#342,.T.);
#340 = VERTEX_POINT('',#341);
#341 = CARTESIAN_POINT('',(56.8,56.8,161.6));
#342 = SURFACE_CURVE('',#343,(#347,#354),.PCURVE_S1.);
#343 = LINE('',#344,#345);
#344 = CARTESIAN_POINT('',(-56.8,56.8,161.6));
#345 = VECTOR('',#346,1.);
#346 = DIRECTION('',(1.,0.,0.));
#347 = PCURVE('',#72,#348);
#348 = DEFINITIONAL_REPRESENTATION('',(#349),#353);
#349 = LINE('',#350,#351);
#350 = CARTESIAN_POINT('',(16.2,129.8));
#351 = VECTOR('',#352,1.);
#352 = DIRECTION('',(1.,0.));
#353 = ( GEOMETRIC_REPRESENTATION_CONTEXT(2) 
PARAMETRIC_REPRESENTATION_CONTEXT() REPRESENTATION_CONTEXT('2D SPACE',''
  ) );
#354 = PCURVE('',#355,#360);
#355 = PLANE('',#356);
#356 = AXIS2_PLACEMENT_3D('',#357,#358,#359);
#357 = CARTESIAN_POINT('',(-56.8,56.8,161.6));
#358 = DIRECTION('',(0.,1.,0.));
#359 = DIRECTION('',(0.,0.,1.));
#360 = DEFINITIONAL_REPRESENTATION('',(#361),#365);
#361 = LINE('',#362,#363);
#362 = CARTESIAN_POINT('',(0.,0.));
#363 = VECTOR('',#364,1.);
#364 = DIRECTION('',(0.,1.));
#365 = ( GEOMETRIC_REPRESENTATION_CONTEXT(2) 
PARAMETRIC_REPRESENTATION_CONTEXT() REPRESENTATION_CONTEXT('2D SPACE',''
  ) );
#366 = ORIENTED_EDGE('',*,*,#367,.F.);
#367 = EDGE_CURVE('',#368,#340,#370,.T.);
#368 = VERTEX_POINT('',#369);
#369 = CARTESIAN_POINT('',(56.8,-56.8,161.6));
#370 = SURFACE_CURVE('',#371,(#375,#382),.PCURVE_S1.);
#371 = LINE('',#372,#373);
#372 = CARTESIAN_POINT('',(56.8,-56.8,161.6));
#373 = VECTOR('',#374,1.);
#374 = DIRECTION('',(0.,1.,0.));
#375 = PCURVE('',#72,#376);
#376 = DEFINITIONAL_REPRESENTATION('',(#377),#381);
#377 = LINE('',#378,#379);
#378 = CARTESIAN_POINT('',(129.8,16.2));
#379 = VECTOR('',#380,1.);
#380 = DIRECTION('',(0.,1.));
#381 = ( GEOMETRIC_REPRESENTATION_CONTEXT(2) 
PARAMETRIC_REPRESENTATION_CONTEXT() REPRESENTATION_CONTEXT('2D SPACE',''
  ) );
#382 = PCURVE('',#383,#388);
#383 = PLANE('',#384);
#384 = AXIS2_PLACEMENT_3D('',#385,#386,#387);
#385 = CARTESIAN_POINT('',(56.8,-56.8,161.6));
#386 = DIRECTION('',(1.,0.,0.));
#387 = DIRECTION('',(0.,0.,1.));
#388 = DEFINITIONAL_REPRESENTATION('',(#389),#393);
#389 = LINE('',#390,#391);
#390 = CARTESIAN_POINT('',(0.,0.));
#391 = VECTOR('',#392,1.);
#392 = DIRECTION('',(0.,-1.));
#393 = ( GEOMETRIC_REPRESENTATION_CONTEXT(2) 
PARAMETRIC_REPRESENTATION_CONTEXT() REPRESENTATION_CONTEXT('2D SPACE',''
  ) );
#394 = ORIENTED_EDGE('',*,*,#395,.F.);
#395 = EDGE_CURVE('',#310,#368,#396,.T.);
#396 = SURFACE_CURVE('',#397,(#401,#408),.PCURVE_S1.);
#397 = LINE('',#398,#399);
#398 = CARTESIAN_POINT('',(-56.8,-56.8,161.6));
#399 = VECTOR('',#400,1.);
#400 = DIRECTION('',(1.,0.,0.));
#401 = PCURVE('',#72,#402);
#402 = DEFINITIONAL_REPRESENTATION('',(#403),#407);
#403 = LINE('',#404,#405);
#404 = CARTESIAN_POINT('',(16.2,16.2));
#405 = VECTOR('',#406,1.);
#406 = DIRECTION('',(1.,0.));
#407 = ( GEOMETRIC_REPRESENTATION_CONTEXT(2) 
PARAMETRIC_REPRESENTATION_CONTEXT() REPRESENTATION_CONTEXT('2D SPACE',''
  ) );
#408 = PCURVE('',#409,#414);
#409 = PLANE('',#410);
#410 = AXIS2_PLACEMENT_3D('',#411,#412,#413);
#411 = CARTESIAN_POINT('',(-56.8,-56.8,161.6));
#412 = DIRECTION('',(0.,1.,0.));
#413 = DIRECTION('',(0.,0.,1.));
#414 = DEFINITIONAL_REPRESENTATION('',(#415),#419);
#415 = LINE('',#416,#417);
#416 = CARTESIAN_POINT('',(0.,0.));
#417 = VECTOR('',#418,1.);
#418 = DIRECTION('',(0.,1.));
#419 = ( GEOMETRIC_REPRESENTATION_CONTEXT(2) 
PARAMETRIC_REPRESENTATION_CONTEXT() REPRESENTATION_CONTEXT('2D SPACE',''
  ) );
#420 = FACE_BOUND('',#421,.F.);
#421 = EDGE_LOOP('',(#422));
#422 = ORIENTED_EDGE('',*,*,#423,.F.);
#423 = EDGE_CURVE('',#424,#424,#426,.T.);
#424 = VERTEX_POINT('',#425);
#425 = CARTESIAN_POINT('',(68.25,66.,161.6));
#426 = SURFACE_CURVE('',#427,(#432,#439),.PCURVE_S1.);
#427 = CIRCLE('',#428,2.25);
#428 = AXIS2_PLACEMENT_3D('',#429,#430,#431);
#429 = CARTESIAN_POINT('',(66.,66.,161.6));
#430 = DIRECTION('',(0.,0.,1.));
#431 = DIRECTION('',(1.,0.,0.));
#432 = PCURVE('',#72,#433);
#433 = DEFINITIONAL_REPRESENTATION('',(#434),#438);
#434 = CIRCLE('',#435,2.25);
#435 = AXIS2_PLACEMENT_2D('',#436,#437);
#436 = CARTESIAN_POINT('',(139.,139.));
#437 = DIRECTION('',(1.,0.));
#438 = ( GEOMETRIC_REPRESENTATION_CONTEXT(2) 
PARAMETRIC_REPRESENTATION_CONTEXT() REPRESENTATION_CONTEXT('2D SPACE',''
  ) );
#439 = PCURVE('',#440,#445);
#440 = CYLINDRICAL_SURFACE('',#441,2.25);
#441 = AXIS2_PLACEMENT_3D('',#442,#443,#444);
#442 = CARTESIAN_POINT('',(66.,66.,161.6));
#443 = DIRECTION('',(-0.,-0.,-1.));
#444 = DIRECTION('',(1.,0.,0.));
#445 = DEFINITIONAL_REPRESENTATION('',(#446),#450);
#446 = LINE('',#447,#448);
#447 = CARTESIAN_POINT('',(-0.,0.));
#448 = VECTOR('',#449,1.);
#449 = DIRECTION('',(-1.,0.));
#450 = ( GEOMETRIC_REPRESENTATION_CONTEXT(2) 
PARAMETRIC_REPRESENTATION_CONTEXT() REPRESENTATION_CONTEXT('2D SPACE',''
  ) );
#451 = ADVANCED_FACE('',(#452),#440,.F.);
#452 = FACE_BOUND('',#453,.T.);
#453 = EDGE_LOOP('',(#454,#455,#478,#502,#530,#563,#591,#613));
#454 = ORIENTED_EDGE('',*,*,#423,.F.);
#455 = ORIENTED_EDGE('',*,*,#456,.T.);
#456 = EDGE_CURVE('',#424,#457,#459,.T.);
#457 = VERTEX_POINT('',#458);
#458 = CARTESIAN_POINT('',(68.25,66.,167.6));
#459 = SEAM_CURVE('',#460,(#464,#471),.PCURVE_S1.);
#460 = LINE('',#461,#462);
#461 = CARTESIAN_POINT('',(68.25,66.,161.6));
#462 = VECTOR('',#463,1.);
#463 = DIRECTION('',(0.,0.,1.));
#464 = PCURVE('',#440,#465);
#465 = DEFINITIONAL_REPRESENTATION('',(#466),#470);
#466 = LINE('',#467,#468);
#467 = CARTESIAN_POINT('',(-6.28318530718,0.));
#468 = VECTOR('',#469,1.);
#469 = DIRECTION('',(-0.,-1.));
#470 = ( GEOMETRIC_REPRESENTATION_CONTEXT(2) 
PARAMETRIC_REPRESENTATION_CONTEXT() REPRESENTATION_CONTEXT('2D SPACE',''
  ) );
#471 = PCURVE('',#440,#472);
#472 = DEFINITIONAL_REPRESENTATION('',(#473),#477);
#473 = LINE('',#474,#475);
#474 = CARTESIAN_POINT('',(-0.,0.));
#475 = VECTOR('',#476,1.);
#476 = DIRECTION('',(-0.,-1.));
#477 = ( GEOMETRIC_REPRESENTATION_CONTEXT(2) 
PARAMETRIC_REPRESENTATION_CONTEXT() REPRESENTATION_CONTEXT('2D SPACE',''
  ) );
#478 = ORIENTED_EDGE('',*,*,#479,.T.);
#479 = EDGE_CURVE('',#457,#480,#482,.T.);
#480 = VERTEX_POINT('',#481);
#481 = CARTESIAN_POINT('',(64.096713368933,64.8,167.6));
#482 = SURFACE_CURVE('',#483,(#488,#495),.PCURVE_S1.);
#483 = CIRCLE('',#484,2.25);
#484 = AXIS2_PLACEMENT_3D('',#485,#486,#487);
#485 = CARTESIAN_POINT('',(66.,66.,167.6));
#486 = DIRECTION('',(0.,0.,1.));
#487 = DIRECTION('',(1.,0.,0.));
#488 = PCURVE('',#440,#489);
#489 = DEFINITIONAL_REPRESENTATION('',(#490),#494);
#490 = LINE('',#491,#492);
#491 = CARTESIAN_POINT('',(-0.,-6.));
#492 = VECTOR('',#493,1.);
#493 = DIRECTION('',(-1.,0.));
#494 = ( GEOMETRIC_REPRESENTATION_CONTEXT(2) 
PARAMETRIC_REPRESENTATION_CONTEXT() REPRESENTATION_CONTEXT('2D SPACE',''
  ) );
#495 = PCURVE('',#126,#496);
#496 = DEFINITIONAL_REPRESENTATION('',(#497),#501);
#497 = CIRCLE('',#498,2.25);
#498 = AXIS2_PLACEMENT_2D('',#499,#500);
#499 = CARTESIAN_POINT('',(139.,139.));
#500 = DIRECTION('',(1.,0.));
#501 = ( GEOMETRIC_REPRESENTATION_CONTEXT(2) 
PARAMETRIC_REPRESENTATION_CONTEXT() REPRESENTATION_CONTEXT('2D SPACE',''
  ) );
#502 = ORIENTED_EDGE('',*,*,#503,.T.);
#503 = EDGE_CURVE('',#480,#504,#506,.T.);
#504 = VERTEX_POINT('',#505);
#505 = CARTESIAN_POINT('',(64.096713368932,64.8,167.4));
#506 = SURFACE_CURVE('',#507,(#511,#518),.PCURVE_S1.);
#507 = LINE('',#508,#509);
#508 = CARTESIAN_POINT('',(64.096713368933,64.8,161.6));
#509 = VECTOR('',#510,1.);
#510 = DIRECTION('',(-0.,-0.,-1.));
#511 = PCURVE('',#440,#512);
#512 = DEFINITIONAL_REPRESENTATION('',(#513),#517);
#513 = LINE('',#514,#515);
#514 = CARTESIAN_POINT('',(-3.704128898134,0.));
#515 = VECTOR('',#516,1.);
#516 = DIRECTION('',(-0.,1.));
#517 = ( GEOMETRIC_REPRESENTATION_CONTEXT(2) 
PARAMETRIC_REPRESENTATION_CONTEXT() REPRESENTATION_CONTEXT('2D SPACE',''
  ) );
#518 = PCURVE('',#519,#524);
#519 = PLANE('',#520);
#520 = AXIS2_PLACEMENT_3D('',#521,#522,#523);
#521 = CARTESIAN_POINT('',(-64.8,64.8,167.4));
#522 = DIRECTION('',(0.,1.,0.));
#523 = DIRECTION('',(0.,0.,1.));
#524 = DEFINITIONAL_REPRESENTATION('',(#525),#529);
#525 = LINE('',#526,#527);
#526 = CARTESIAN_POINT('',(-5.8,128.89671336893));
#527 = VECTOR('',#528,1.);
#528 = DIRECTION('',(-1.,0.));
#529 = ( GEOMETRIC_REPRESENTATION_CONTEXT(2) 
PARAMETRIC_REPRESENTATION_CONTEXT() REPRESENTATION_CONTEXT('2D SPACE',''
  ) );
#530 = ORIENTED_EDGE('',*,*,#531,.F.);
#531 = EDGE_CURVE('',#532,#504,#534,.T.);
#532 = VERTEX_POINT('',#533);
#533 = CARTESIAN_POINT('',(64.8,64.096713368932,167.4));
#534 = SURFACE_CURVE('',#535,(#540,#547),.PCURVE_S1.);
#535 = CIRCLE('',#536,2.25);
#536 = AXIS2_PLACEMENT_3D('',#537,#538,#539);
#537 = CARTESIAN_POINT('',(66.,66.,167.4));
#538 = DIRECTION('',(0.,0.,-1.));
#539 = DIRECTION('',(1.,0.,0.));
#540 = PCURVE('',#440,#541);
#541 = DEFINITIONAL_REPRESENTATION('',(#542),#546);
#542 = LINE('',#543,#544);
#543 = CARTESIAN_POINT('',(-6.28318530718,-5.8));
#544 = VECTOR('',#545,1.);
#545 = DIRECTION('',(1.,-0.));
#546 = ( GEOMETRIC_REPRESENTATION_CONTEXT(2) 
PARAMETRIC_REPRESENTATION_CONTEXT() REPRESENTATION_CONTEXT('2D SPACE',''
  ) );
#547 = PCURVE('',#548,#553);
#548 = PLANE('',#549);
#549 = AXIS2_PLACEMENT_3D('',#550,#551,#552);
#550 = CARTESIAN_POINT('',(-64.8,-64.8,167.4));
#551 = DIRECTION('',(0.,0.,1.));
#552 = DIRECTION('',(1.,0.,0.));
#553 = DEFINITIONAL_REPRESENTATION('',(#554),#562);
#554 = ( BOUNDED_CURVE() B_SPLINE_CURVE(2,(#555,#556,#557,#558,#559,#560
,#561),.UNSPECIFIED.,.T.,.F.) B_SPLINE_CURVE_WITH_KNOTS((1,2,2,2,2,1),(
    -2.094395102393,0.,2.094395102393,4.188790204786,6.28318530718,
8.377580409573),.UNSPECIFIED.) CURVE() GEOMETRIC_REPRESENTATION_ITEM() 
RATIONAL_B_SPLINE_CURVE((1.,0.5,1.,0.5,1.,0.5,1.)) REPRESENTATION_ITEM(
  '') );
#555 = CARTESIAN_POINT('',(133.05,130.8));
#556 = CARTESIAN_POINT('',(133.05,126.90288568297));
#557 = CARTESIAN_POINT('',(129.675,128.85144284148));
#558 = CARTESIAN_POINT('',(126.3,130.8));
#559 = CARTESIAN_POINT('',(129.675,132.74855715851));
#560 = CARTESIAN_POINT('',(133.05,134.69711431703));
#561 = CARTESIAN_POINT('',(133.05,130.8));
#562 = ( GEOMETRIC_REPRESENTATION_CONTEXT(2) 
PARAMETRIC_REPRESENTATION_CONTEXT() REPRESENTATION_CONTEXT('2D SPACE',''
  ) );
#563 = ORIENTED_EDGE('',*,*,#564,.F.);
#564 = EDGE_CURVE('',#565,#532,#567,.T.);
#565 = VERTEX_POINT('',#566);
#566 = CARTESIAN_POINT('',(64.8,64.096713368933,167.6));
#567 = SURFACE_CURVE('',#568,(#572,#579),.PCURVE_S1.);
#568 = LINE('',#569,#570);
#569 = CARTESIAN_POINT('',(64.8,64.096713368933,161.6));
#570 = VECTOR('',#571,1.);
#571 = DIRECTION('',(-0.,-0.,-1.));
#572 = PCURVE('',#440,#573);
#573 = DEFINITIONAL_REPRESENTATION('',(#574),#578);
#574 = LINE('',#575,#576);
#575 = CARTESIAN_POINT('',(-4.149852735841,0.));
#576 = VECTOR('',#577,1.);
#577 = DIRECTION('',(-0.,1.));
#578 = ( GEOMETRIC_REPRESENTATION_CONTEXT(2) 
PARAMETRIC_REPRESENTATION_CONTEXT() REPRESENTATION_CONTEXT('2D SPACE',''
  ) );
#579 = PCURVE('',#580,#585);
#580 = PLANE('',#581);
#581 = AXIS2_PLACEMENT_3D('',#582,#583,#584);
#582 = CARTESIAN_POINT('',(64.8,-64.8,167.4));
#583 = DIRECTION('',(1.,0.,0.));
#584 = DIRECTION('',(0.,0.,1.));
#585 = DEFINITIONAL_REPRESENTATION('',(#586),#590);
#586 = LINE('',#587,#588);
#587 = CARTESIAN_POINT('',(-5.8,-128.8967133689));
#588 = VECTOR('',#589,1.);
#589 = DIRECTION('',(-1.,0.));
#590 = ( GEOMETRIC_REPRESENTATION_CONTEXT(2) 
PARAMETRIC_REPRESENTATION_CONTEXT() REPRESENTATION_CONTEXT('2D SPACE',''
  ) );
#591 = ORIENTED_EDGE('',*,*,#592,.T.);
#592 = EDGE_CURVE('',#565,#457,#593,.T.);
#593 = SURFACE_CURVE('',#594,(#599,#606),.PCURVE_S1.);
#594 = CIRCLE('',#595,2.25);
#595 = AXIS2_PLACEMENT_3D('',#596,#597,#598);
#596 = CARTESIAN_POINT('',(66.,66.,167.6));
#597 = DIRECTION('',(0.,0.,1.));
#598 = DIRECTION('',(1.,0.,0.));
#599 = PCURVE('',#440,#600);
#600 = DEFINITIONAL_REPRESENTATION('',(#601),#605);
#601 = LINE('',#602,#603);
#602 = CARTESIAN_POINT('',(-0.,-6.));
#603 = VECTOR('',#604,1.);
#604 = DIRECTION('',(-1.,0.));
#605 = ( GEOMETRIC_REPRESENTATION_CONTEXT(2) 
PARAMETRIC_REPRESENTATION_CONTEXT() REPRESENTATION_CONTEXT('2D SPACE',''
  ) );
#606 = PCURVE('',#126,#607);
#607 = DEFINITIONAL_REPRESENTATION('',(#608),#612);
#608 = CIRCLE('',#609,2.25);
#609 = AXIS2_PLACEMENT_2D('',#610,#611);
#610 = CARTESIAN_POINT('',(139.,139.));
#611 = DIRECTION('',(1.,0.));
#612 = ( GEOMETRIC_REPRESENTATION_CONTEXT(2) 
PARAMETRIC_REPRESENTATION_CONTEXT() REPRESENTATION_CONTEXT('2D SPACE',''
  ) );
#613 = ORIENTED_EDGE('',*,*,#456,.F.);
#614 = ADVANCED_FACE('',(#615,#792),#519,.T.);
#615 = FACE_BOUND('',#616,.T.);
#616 = EDGE_LOOP('',(#617,#647,#675,#703,#726,#747,#748,#771));
#617 = ORIENTED_EDGE('',*,*,#618,.F.);
#618 = EDGE_CURVE('',#619,#621,#623,.T.);
#619 = VERTEX_POINT('',#620);
#620 = CARTESIAN_POINT('',(-64.8,64.8,167.4));
#621 = VERTEX_POINT('',#622);
#622 = CARTESIAN_POINT('',(-64.09671336893,64.8,167.4));
#623 = SURFACE_CURVE('',#624,(#628,#635),.PCURVE_S1.);
#624 = LINE('',#625,#626);
#625 = CARTESIAN_POINT('',(-64.8,64.8,167.4));
#626 = VECTOR('',#627,1.);
#627 = DIRECTION('',(1.,0.,0.));
#628 = PCURVE('',#519,#629);
#629 = DEFINITIONAL_REPRESENTATION('',(#630),#634);
#630 = LINE('',#631,#632);
#631 = CARTESIAN_POINT('',(0.,0.));
#632 = VECTOR('',#633,1.);
#633 = DIRECTION('',(0.,1.));
#634 = ( GEOMETRIC_REPRESENTATION_CONTEXT(2) 
PARAMETRIC_REPRESENTATION_CONTEXT() REPRESENTATION_CONTEXT('2D SPACE',''
  ) );
#635 = PCURVE('',#636,#641);
#636 = PLANE('',#637);
#637 = AXIS2_PLACEMENT_3D('',#638,#639,#640);
#638 = CARTESIAN_POINT('',(-64.8,-64.8,167.4));
#639 = DIRECTION('',(0.,0.,1.));
#640 = DIRECTION('',(1.,0.,0.));
#641 = DEFINITIONAL_REPRESENTATION('',(#642),#646);
#642 = LINE('',#643,#644);
#643 = CARTESIAN_POINT('',(0.,129.6));
#644 = VECTOR('',#645,1.);
#645 = DIRECTION('',(1.,0.));
#646 = ( GEOMETRIC_REPRESENTATION_CONTEXT(2) 
PARAMETRIC_REPRESENTATION_CONTEXT() REPRESENTATION_CONTEXT('2D SPACE',''
  ) );
#647 = ORIENTED_EDGE('',*,*,#648,.T.);
#648 = EDGE_CURVE('',#619,#649,#651,.T.);
#649 = VERTEX_POINT('',#650);
#650 = CARTESIAN_POINT('',(-64.8,64.8,216.6));
#651 = SURFACE_CURVE('',#652,(#656,#663),.PCURVE_S1.);
#652 = LINE('',#653,#654);
#653 = CARTESIAN_POINT('',(-64.8,64.8,167.4));
#654 = VECTOR('',#655,1.);
#655 = DIRECTION('',(0.,0.,1.));
#656 = PCURVE('',#519,#657);
#657 = DEFINITIONAL_REPRESENTATION('',(#658),#662);
#658 = LINE('',#659,#660);
#659 = CARTESIAN_POINT('',(0.,0.));
#660 = VECTOR('',#661,1.);
#661 = DIRECTION('',(1.,0.));
#662 = ( GEOMETRIC_REPRESENTATION_CONTEXT(2) 
PARAMETRIC_REPRESENTATION_CONTEXT() REPRESENTATION_CONTEXT('2D SPACE',''
  ) );
#663 = PCURVE('',#664,#669);
#664 = PLANE('',#665);
#665 = AXIS2_PLACEMENT_3D('',#666,#667,#668);
#666 = CARTESIAN_POINT('',(-64.8,-64.8,167.4));
#667 = DIRECTION('',(1.,0.,0.));
#668 = DIRECTION('',(0.,0.,1.));
#669 = DEFINITIONAL_REPRESENTATION('',(#670),#674);
#670 = LINE('',#671,#672);
#671 = CARTESIAN_POINT('',(0.,-129.6));
#672 = VECTOR('',#673,1.);
#673 = DIRECTION('',(1.,0.));
#674 = ( GEOMETRIC_REPRESENTATION_CONTEXT(2) 
PARAMETRIC_REPRESENTATION_CONTEXT() REPRESENTATION_CONTEXT('2D SPACE',''
  ) );
#675 = ORIENTED_EDGE('',*,*,#676,.T.);
#676 = EDGE_CURVE('',#649,#677,#679,.T.);
#677 = VERTEX_POINT('',#678);
#678 = CARTESIAN_POINT('',(64.8,64.8,216.6));
#679 = SURFACE_CURVE('',#680,(#684,#691),.PCURVE_S1.);
#680 = LINE('',#681,#682);
#681 = CARTESIAN_POINT('',(-64.8,64.8,216.6));
#682 = VECTOR('',#683,1.);
#683 = DIRECTION('',(1.,0.,0.));
#684 = PCURVE('',#519,#685);
#685 = DEFINITIONAL_REPRESENTATION('',(#686),#690);
#686 = LINE('',#687,#688);
#687 = CARTESIAN_POINT('',(49.2,0.));
#688 = VECTOR('',#689,1.);
#689 = DIRECTION('',(0.,1.));
#690 = ( GEOMETRIC_REPRESENTATION_CONTEXT(2) 
PARAMETRIC_REPRESENTATION_CONTEXT() REPRESENTATION_CONTEXT('2D SPACE',''
  ) );
#691 = PCURVE('',#692,#697);
#692 = PLANE('',#693);
#693 = AXIS2_PLACEMENT_3D('',#694,#695,#696);
#694 = CARTESIAN_POINT('',(-64.8,-64.8,216.6));
#695 = DIRECTION('',(0.,0.,1.));
#696 = DIRECTION('',(1.,0.,0.));
#697 = DEFINITIONAL_REPRESENTATION('',(#698),#702);
#698 = LINE('',#699,#700);
#699 = CARTESIAN_POINT('',(0.,129.6));
#700 = VECTOR('',#701,1.);
#701 = DIRECTION('',(1.,0.));
#702 = ( GEOMETRIC_REPRESENTATION_CONTEXT(2) 
PARAMETRIC_REPRESENTATION_CONTEXT() REPRESENTATION_CONTEXT('2D SPACE',''
  ) );
#703 = ORIENTED_EDGE('',*,*,#704,.F.);
#704 = EDGE_CURVE('',#705,#677,#707,.T.);
#705 = VERTEX_POINT('',#706);
#706 = CARTESIAN_POINT('',(64.8,64.8,167.4));
#707 = SURFACE_CURVE('',#708,(#712,#719),.PCURVE_S1.);
#708 = LINE('',#709,#710);
#709 = CARTESIAN_POINT('',(64.8,64.8,167.4));
#710 = VECTOR('',#711,1.);
#711 = DIRECTION('',(0.,0.,1.));
#712 = PCURVE('',#519,#713);
#713 = DEFINITIONAL_REPRESENTATION('',(#714),#718);
#714 = LINE('',#715,#716);
#715 = CARTESIAN_POINT('',(0.,129.6));
#716 = VECTOR('',#717,1.);
#717 = DIRECTION('',(1.,0.));
#718 = ( GEOMETRIC_REPRESENTATION_CONTEXT(2) 
PARAMETRIC_REPRESENTATION_CONTEXT() REPRESENTATION_CONTEXT('2D SPACE',''
  ) );
#719 = PCURVE('',#580,#720);
#720 = DEFINITIONAL_REPRESENTATION('',(#721),#725);
#721 = LINE('',#722,#723);
#722 = CARTESIAN_POINT('',(0.,-129.6));
#723 = VECTOR('',#724,1.);
#724 = DIRECTION('',(1.,0.));
#725 = ( GEOMETRIC_REPRESENTATION_CONTEXT(2) 
PARAMETRIC_REPRESENTATION_CONTEXT() REPRESENTATION_CONTEXT('2D SPACE',''
  ) );
#726 = ORIENTED_EDGE('',*,*,#727,.F.);
#727 = EDGE_CURVE('',#504,#705,#728,.T.);
#728 = SURFACE_CURVE('',#729,(#733,#740),.PCURVE_S1.);
#729 = LINE('',#730,#731);
#730 = CARTESIAN_POINT('',(-64.8,64.8,167.4));
#731 = VECTOR('',#732,1.);
#732 = DIRECTION('',(1.,0.,0.));
#733 = PCURVE('',#519,#734);
#734 = DEFINITIONAL_REPRESENTATION('',(#735),#739);
#735 = LINE('',#736,#737);
#736 = CARTESIAN_POINT('',(0.,0.));
#737 = VECTOR('',#738,1.);
#738 = DIRECTION('',(0.,1.));
#739 = ( GEOMETRIC_REPRESENTATION_CONTEXT(2) 
PARAMETRIC_REPRESENTATION_CONTEXT() REPRESENTATION_CONTEXT('2D SPACE',''
  ) );
#740 = PCURVE('',#548,#741);
#741 = DEFINITIONAL_REPRESENTATION('',(#742),#746);
#742 = LINE('',#743,#744);
#743 = CARTESIAN_POINT('',(0.,129.6));
#744 = VECTOR('',#745,1.);
#745 = DIRECTION('',(1.,0.));
#746 = ( GEOMETRIC_REPRESENTATION_CONTEXT(2) 
PARAMETRIC_REPRESENTATION_CONTEXT() REPRESENTATION_CONTEXT('2D SPACE',''
  ) );
#747 = ORIENTED_EDGE('',*,*,#503,.F.);
#748 = ORIENTED_EDGE('',*,*,#749,.T.);
#749 = EDGE_CURVE('',#480,#750,#752,.T.);
#750 = VERTEX_POINT('',#751);
#751 = CARTESIAN_POINT('',(-64.09671336893,64.8,167.6));
#752 = SURFACE_CURVE('',#753,(#757,#764),.PCURVE_S1.);
#753 = LINE('',#754,#755);
#754 = CARTESIAN_POINT('',(-68.9,64.8,167.6));
#755 = VECTOR('',#756,1.);
#756 = DIRECTION('',(-1.,0.,0.));
#757 = PCURVE('',#519,#758);
#758 = DEFINITIONAL_REPRESENTATION('',(#759),#763);
#759 = LINE('',#760,#761);
#760 = CARTESIAN_POINT('',(0.2,-4.1));
#761 = VECTOR('',#762,1.);
#762 = DIRECTION('',(0.,-1.));
#763 = ( GEOMETRIC_REPRESENTATION_CONTEXT(2) 
PARAMETRIC_REPRESENTATION_CONTEXT() REPRESENTATION_CONTEXT('2D SPACE',''
  ) );
#764 = PCURVE('',#126,#765);
#765 = DEFINITIONAL_REPRESENTATION('',(#766),#770);
#766 = LINE('',#767,#768);
#767 = CARTESIAN_POINT('',(4.1,137.8));
#768 = VECTOR('',#769,1.);
#769 = DIRECTION('',(-1.,0.));
#770 = ( GEOMETRIC_REPRESENTATION_CONTEXT(2) 
PARAMETRIC_REPRESENTATION_CONTEXT() REPRESENTATION_CONTEXT('2D SPACE',''
  ) );
#771 = ORIENTED_EDGE('',*,*,#772,.T.);
#772 = EDGE_CURVE('',#750,#621,#773,.T.);
#773 = SURFACE_CURVE('',#774,(#778,#785),.PCURVE_S1.);
#774 = LINE('',#775,#776);
#775 = CARTESIAN_POINT('',(-64.09671336893,64.8,161.6));
#776 = VECTOR('',#777,1.);
#777 = DIRECTION('',(-0.,-0.,-1.));
#778 = PCURVE('',#519,#779);
#779 = DEFINITIONAL_REPRESENTATION('',(#780),#784);
#780 = LINE('',#781,#782);
#781 = CARTESIAN_POINT('',(-5.8,0.703286631067));
#782 = VECTOR('',#783,1.);
#783 = DIRECTION('',(-1.,0.));
#784 = ( GEOMETRIC_REPRESENTATION_CONTEXT(2) 
PARAMETRIC_REPRESENTATION_CONTEXT() REPRESENTATION_CONTEXT('2D SPACE',''
  ) );
#785 = PCURVE('',#295,#786);
#786 = DEFINITIONAL_REPRESENTATION('',(#787),#791);
#787 = LINE('',#788,#789);
#788 = CARTESIAN_POINT('',(-5.720649062636,0.));
#789 = VECTOR('',#790,1.);
#790 = DIRECTION('',(-0.,1.));
#791 = ( GEOMETRIC_REPRESENTATION_CONTEXT(2) 
PARAMETRIC_REPRESENTATION_CONTEXT() REPRESENTATION_CONTEXT('2D SPACE',''
  ) );
#792 = FACE_BOUND('',#793,.T.);
#793 = EDGE_LOOP('',(#794));
#794 = ORIENTED_EDGE('',*,*,#795,.F.);
#795 = EDGE_CURVE('',#796,#796,#798,.T.);
#796 = VERTEX_POINT('',#797);
#797 = CARTESIAN_POINT('',(-9.797174393179E-16,64.8,206.7));
#798 = SURFACE_CURVE('',#799,(#804,#811),.PCURVE_S1.);
#799 = CIRCLE('',#800,4.);
#800 = AXIS2_PLACEMENT_3D('',#801,#802,#803);
#801 = CARTESIAN_POINT('',(0.,64.8,202.7));
#802 = DIRECTION('',(0.,1.,0.));
#803 = DIRECTION('',(0.,-0.,1.));
#804 = PCURVE('',#519,#805);
#805 = DEFINITIONAL_REPRESENTATION('',(#806),#810);
#806 = CIRCLE('',#807,4.);
#807 = AXIS2_PLACEMENT_2D('',#808,#809);
#808 = CARTESIAN_POINT('',(35.3,64.8));
#809 = DIRECTION('',(1.,0.));
#810 = ( GEOMETRIC_REPRESENTATION_CONTEXT(2) 
PARAMETRIC_REPRESENTATION_CONTEXT() REPRESENTATION_CONTEXT('2D SPACE',''
  ) );
#811 = PCURVE('',#812,#817);
#812 = CYLINDRICAL_SURFACE('',#813,4.);
#813 = AXIS2_PLACEMENT_3D('',#814,#815,#816);
#814 = CARTESIAN_POINT('',(0.,-84.8,202.7));
#815 = DIRECTION('',(0.,1.,0.));
#816 = DIRECTION('',(0.,-0.,1.));
#817 = DEFINITIONAL_REPRESENTATION('',(#818),#822);
#818 = LINE('',#819,#820);
#819 = CARTESIAN_POINT('',(0.,149.6));
#820 = VECTOR('',#821,1.);
#821 = DIRECTION('',(1.,0.));
#822 = ( GEOMETRIC_REPRESENTATION_CONTEXT(2) 
PARAMETRIC_REPRESENTATION_CONTEXT() REPRESENTATION_CONTEXT('2D SPACE',''
  ) );
#823 = ADVANCED_FACE('',(#824),#812,.F.);
#824 = FACE_BOUND('',#825,.F.);
#825 = EDGE_LOOP('',(#826,#827,#850,#1363));
#826 = ORIENTED_EDGE('',*,*,#795,.F.);
#827 = ORIENTED_EDGE('',*,*,#828,.F.);
#828 = EDGE_CURVE('',#829,#796,#831,.T.);
#829 = VERTEX_POINT('',#830);
#830 = CARTESIAN_POINT('',(-9.797174393179E-16,56.644933917063,206.7));
#831 = SEAM_CURVE('',#832,(#836,#843),.PCURVE_S1.);
#832 = LINE('',#833,#834);
#833 = CARTESIAN_POINT('',(-9.797174393179E-16,-84.8,206.7));
#834 = VECTOR('',#835,1.);
#835 = DIRECTION('',(0.,1.,0.));
#836 = PCURVE('',#812,#837);
#837 = DEFINITIONAL_REPRESENTATION('',(#838),#842);
#838 = LINE('',#839,#840);
#839 = CARTESIAN_POINT('',(0.,-0.));
#840 = VECTOR('',#841,1.);
#841 = DIRECTION('',(0.,1.));
#842 = ( GEOMETRIC_REPRESENTATION_CONTEXT(2) 
PARAMETRIC_REPRESENTATION_CONTEXT() REPRESENTATION_CONTEXT('2D SPACE',''
  ) );
#843 = PCURVE('',#812,#844);
#844 = DEFINITIONAL_REPRESENTATION('',(#845),#849);
#845 = LINE('',#846,#847);
#846 = CARTESIAN_POINT('',(6.28318530718,-0.));
#847 = VECTOR('',#848,1.);
#848 = DIRECTION('',(0.,1.));
#849 = ( GEOMETRIC_REPRESENTATION_CONTEXT(2) 
PARAMETRIC_REPRESENTATION_CONTEXT() REPRESENTATION_CONTEXT('2D SPACE',''
  ) );
#850 = ORIENTED_EDGE('',*,*,#851,.F.);
#851 = EDGE_CURVE('',#829,#829,#852,.T.);
#852 = SURFACE_CURVE('',#853,(#976,#1159),.PCURVE_S1.);
#853 = B_SPLINE_CURVE_WITH_KNOTS('',7,(#854,#855,#856,#857,#858,#859,
    #860,#861,#862,#863,#864,#865,#866,#867,#868,#869,#870,#871,#872,
    #873,#874,#875,#876,#877,#878,#879,#880,#881,#882,#883,#884,#885,
    #886,#887,#888,#889,#890,#891,#892,#893,#894,#895,#896,#897,#898,
    #899,#900,#901,#902,#903,#904,#905,#906,#907,#908,#909,#910,#911,
    #912,#913,#914,#915,#916,#917,#918,#919,#920,#921,#922,#923,#924,
    #925,#926,#927,#928,#929,#930,#931,#932,#933,#934,#935,#936,#937,
    #938,#939,#940,#941,#942,#943,#944,#945,#946,#947,#948,#949,#950,
    #951,#952,#953,#954,#955,#956,#957,#958,#959,#960,#961,#962,#963,
    #964,#965,#966,#967,#968,#969,#970,#971,#972,#973,#974,#975),
  .UNSPECIFIED.,.T.,.F.,(8,6,6,6,6,6,6,6,6,6,6,6,6,6,6,6,6,6,6,6,8),(0.,
    0.114898772888,0.220936477089,0.28215831711,0.346339356588,
    0.386686633232,0.428902458617,0.49245252381,0.556288775316,
    0.660951586473,0.794714945786,0.899437502174,1.,1.107644814106,
    1.159310464,1.196514703609,1.258928607262,1.302118268986,
    1.361298774699,1.453563185906,1.583696469758),.UNSPECIFIED.);
#854 = CARTESIAN_POINT('',(0.,56.644933917063,206.7));
#855 = CARTESIAN_POINT('',(-0.211713013681,56.644933917063,206.7));
#856 = CARTESIAN_POINT('',(-0.423395074571,56.645584872666,
    206.68692652111));
#857 = CARTESIAN_POINT('',(-0.634782345866,56.646886284154,
    206.66078785288));
#858 = CARTESIAN_POINT('',(-0.845554773328,56.648866641517,
    206.62141677985));
#859 = CARTESIAN_POINT('',(-1.055338917112,56.65158072778,
    206.56851378774));
#860 = CARTESIAN_POINT('',(-1.263704353855,56.65511409265,
    206.50162193168));
#861 = CARTESIAN_POINT('',(-1.660681439213,56.663729753193,
    206.34473696504));
#862 = CARTESIAN_POINT('',(-1.84947071242,56.668669283339,
    206.25696522716));
#863 = CARTESIAN_POINT('',(-2.036208516801,56.674514301232,
    206.15615355423));
#864 = CARTESIAN_POINT('',(-2.220356147175,56.681394166067,
    206.0415976027));
#865 = CARTESIAN_POINT('',(-2.401143314309,56.689472780773,
    205.91245929737));
#866 = CARTESIAN_POINT('',(-2.577571990556,56.698949947268,
    205.76779427219));
#867 = CARTESIAN_POINT('',(-2.846933480934,56.716523953067,
    205.51307364698));
#868 = CARTESIAN_POINT('',(-2.943602710473,56.723508904298,
    205.41426729528));
#869 = CARTESIAN_POINT('',(-3.03809486188,56.731096218773,
    205.30965104098));
#870 = CARTESIAN_POINT('',(-3.130075071783,56.739340150666,
    205.19899705096));
#871 = CARTESIAN_POINT('',(-3.219128592459,56.748297952937,
    205.08209803849));
#872 = CARTESIAN_POINT('',(-3.304763574209,56.758028629337,
    204.95877696164));
#873 = CARTESIAN_POINT('',(-3.472010742999,56.779665316053,
    204.69273863174));
#874 = CARTESIAN_POINT('',(-3.553217905286,56.791652251415,
    204.54938934685));
#875 = CARTESIAN_POINT('',(-3.629363461903,56.804618196493,
    204.39872203409));
#876 = CARTESIAN_POINT('',(-3.699628458799,56.818618008917,
    204.24078270058));
#877 = CARTESIAN_POINT('',(-3.763078501436,56.833688220747,
    204.07583388665));
#878 = CARTESIAN_POINT('',(-3.818744846278,56.849830997657,
    203.9044392142));
#879 = CARTESIAN_POINT('',(-3.895307742101,56.877776216132,
    203.61641213973));
#880 = CARTESIAN_POINT('',(-3.92143938521,56.88896424198,203.50308007635
    ));
#881 = CARTESIAN_POINT('',(-3.943924566341,56.900535732594,
    203.38787769487));
#882 = CARTESIAN_POINT('',(-3.962568166685,56.912465707389,
    203.27112969398));
#883 = CARTESIAN_POINT('',(-3.977216635171,56.924721142214,
    203.15320319175));
#884 = CARTESIAN_POINT('',(-3.987769369126,56.937260024945,
    203.03451054137));
#885 = CARTESIAN_POINT('',(-4.000908175143,56.963392214783,
    202.79100274085));
#886 = CARTESIAN_POINT('',(-4.003104843361,56.9770112346,202.66612357059
    ));
#887 = CARTESIAN_POINT('',(-4.000735146196,56.990828048756,
    202.54140394577));
#888 = CARTESIAN_POINT('',(-3.99383990024,57.004782488196,
    202.41732756947));
#889 = CARTESIAN_POINT('',(-3.98252788473,57.018814689552,
    202.29433502829));
#890 = CARTESIAN_POINT('',(-3.966962547732,57.03286611092,
    202.17282577368));
#891 = CARTESIAN_POINT('',(-3.917834113662,57.067977243566,
    201.87301877185));
#892 = CARTESIAN_POINT('',(-3.879148676086,57.088991300097,
    201.6970443628));
#893 = CARTESIAN_POINT('',(-3.831984049798,57.109750360892,
    201.52629608531));
#894 = CARTESIAN_POINT('',(-3.777168489035,57.130116892958,
    201.36145639996));
#895 = CARTESIAN_POINT('',(-3.715542140566,57.149987211956,
    201.20292783651));
#896 = CARTESIAN_POINT('',(-3.647873143591,57.169289174358,
    201.05089879649));
#897 = CARTESIAN_POINT('',(-3.501435979576,57.206751988151,
    200.75920153929));
#898 = CARTESIAN_POINT('',(-3.42262967883,57.224904618943,
    200.61961347607));
#899 = CARTESIAN_POINT('',(-3.339050062414,57.242395865962,
    200.48658777931));
#900 = CARTESIAN_POINT('',(-3.25127719295,57.259198826708,
    200.36003931329));
#901 = CARTESIAN_POINT('',(-3.159814261967,57.275298420098,
    200.23983436732));
#902 = CARTESIAN_POINT('',(-3.065080566254,57.290689584728,
    200.12580135381));
#903 = CARTESIAN_POINT('',(-2.807259533884,57.329453751576,
    199.84057183944));
#904 = CARTESIAN_POINT('',(-2.639305070489,57.351620958003,
    199.67957012917));
#905 = CARTESIAN_POINT('',(-2.464997252511,57.371895143943,
    199.53382265379));
#906 = CARTESIAN_POINT('',(-2.28550690165,57.390292793287,
    199.40265965119));
#907 = CARTESIAN_POINT('',(-2.101793108525,57.406843069772,
    199.28545433293));
#908 = CARTESIAN_POINT('',(-1.914589964311,57.421580133185,
    199.18165217079));
#909 = CARTESIAN_POINT('',(-1.481344949874,57.451094730348,
    198.97465674639));
#910 = CARTESIAN_POINT('',(-1.233594344717,57.464732056254,
    198.87974288427));
#911 = CARTESIAN_POINT('',(-0.982342851002,57.475515185145,
    198.80507371968));
#912 = CARTESIAN_POINT('',(-0.728633582591,57.483482465018,
    198.7500816632));
#913 = CARTESIAN_POINT('',(-0.473402212924,57.488664292753,
    198.71436979433));
#914 = CARTESIAN_POINT('',(-0.217474750573,57.491078780645,
    198.69772604191));
#915 = CARTESIAN_POINT('',(0.238772220068,57.490442887152,
    198.70210937329));
#916 = CARTESIAN_POINT('',(0.439048207051,57.488465204521,
    198.71574212242));
#917 = CARTESIAN_POINT('',(0.638886909801,57.484788874077,
    198.74108798998));
#918 = CARTESIAN_POINT('',(0.837886925178,57.479406311619,
    198.77824005437));
#919 = CARTESIAN_POINT('',(1.035614835331,57.47230544268,198.82735846253
    ));
#920 = CARTESIAN_POINT('',(1.231602843198,57.463469290609,
    198.88868144931));
#921 = CARTESIAN_POINT('',(1.611387685764,57.442696179776,
    199.03351989736));
#922 = CARTESIAN_POINT('',(1.795299970882,57.430899523033,
    199.11603506773));
#923 = CARTESIAN_POINT('',(1.976669917319,57.417459676436,
    199.21043038064));
#924 = CARTESIAN_POINT('',(2.154947034918,57.402349337875,
    199.31711078281));
#925 = CARTESIAN_POINT('',(2.329451423164,57.385543030439,
    199.43653265977));
#926 = CARTESIAN_POINT('',(2.499364501885,57.367017189772,
    199.56923305382));
#927 = CARTESIAN_POINT('',(2.83960858785,57.325042654557,199.87294796376
    ));
#928 = CARTESIAN_POINT('',(3.008893161001,57.301367642621,
    200.04579632917));
#929 = CARTESIAN_POINT('',(3.170615471765,57.275664312313,
    200.23548635179));
#930 = CARTESIAN_POINT('',(3.323076497274,57.247913315973,
    200.44297410728));
#931 = CARTESIAN_POINT('',(3.463942220492,57.218169490443,
    200.66895194275));
#932 = CARTESIAN_POINT('',(3.590319970501,57.186584012784,
    200.91372635042));
#933 = CARTESIAN_POINT('',(3.750844394193,57.137487145856,
    201.30362421111));
#934 = CARTESIAN_POINT('',(3.798742113393,57.121209333014,
    201.43428836173));
#935 = CARTESIAN_POINT('',(3.842073631817,57.104615615138,
    201.56906211561));
#936 = CARTESIAN_POINT('',(3.880401181477,57.087759613349,
    201.70773693693));
#937 = CARTESIAN_POINT('',(3.913275140906,57.070710075415,
    201.84998784784));
#938 = CARTESIAN_POINT('',(3.940272550777,57.053551263698,
    201.99534739639));
#939 = CARTESIAN_POINT('',(3.976016585872,57.024019891817,
    202.24961489998));
#940 = CARTESIAN_POINT('',(3.987757499402,57.011651111997,
    202.35734479907));
#941 = CARTESIAN_POINT('',(3.996145580128,56.999315989199,
    202.46609766639));
#942 = CARTESIAN_POINT('',(4.001079821118,56.987055143967,
    202.57558887618));
#943 = CARTESIAN_POINT('',(4.00249508835,56.974909733621,202.68550965658
    ));
#944 = CARTESIAN_POINT('',(4.000369036154,56.962920875205,
    202.79552646824));
#945 = CARTESIAN_POINT('',(3.985267325177,56.931347110759,
    203.08940376062));
#946 = CARTESIAN_POINT('',(3.965910269923,56.912107306761,
    203.27290265671));
#947 = CARTESIAN_POINT('',(3.936774795711,56.893613514589,
    203.45397550448));
#948 = CARTESIAN_POINT('',(3.898380548767,56.876001450752,
    203.63119058261));
#949 = CARTESIAN_POINT('',(3.851482191427,56.859352222404,
    203.80342514757));
#950 = CARTESIAN_POINT('',(3.796956785376,56.843704607799,
    203.96982081785));
#951 = CARTESIAN_POINT('',(3.693389303455,56.818936405165,
    204.24042786266));
#952 = CARTESIAN_POINT('',(3.647808803795,56.809284723106,
    204.34806366479));
#953 = CARTESIAN_POINT('',(3.599285657238,56.800108040519,
    204.45251861991));
#954 = CARTESIAN_POINT('',(3.548093146485,56.791396415442,
    204.55370980595));
#955 = CARTESIAN_POINT('',(3.494488652858,56.783134787664,
    204.65160514124));
#956 = CARTESIAN_POINT('',(3.438705379029,56.77530480426,204.74621315065
    ));
#957 = CARTESIAN_POINT('',(3.301796812015,56.75772193462,204.96275792648
    ));
#958 = CARTESIAN_POINT('',(3.218951264006,56.748332335858,
    205.08182057532));
#959 = CARTESIAN_POINT('',(3.132916645903,56.739664172244,
    205.19488523192));
#960 = CARTESIAN_POINT('',(3.044136987694,56.731664178539,
    205.30211167099));
#961 = CARTESIAN_POINT('',(2.952988689646,56.724280580763,
    205.40368654017));
#962 = CARTESIAN_POINT('',(2.859778080767,56.717464176095,
    205.49981501203));
#963 = CARTESIAN_POINT('',(2.616569798564,56.701355663716,205.7324245961
    ));
#964 = CARTESIAN_POINT('',(2.464024934703,56.692814188291,
    205.86135700183));
#965 = CARTESIAN_POINT('',(2.30799487475,56.685370081552,205.97834264874
    ));
#966 = CARTESIAN_POINT('',(2.149185855178,56.678883667915,
    206.08404360565));
#967 = CARTESIAN_POINT('',(1.988150297482,56.673239554027,
    206.17903634919));
#968 = CARTESIAN_POINT('',(1.825298238494,56.668341153685,
    206.26383888653));
#969 = CARTESIAN_POINT('',(1.429001685373,56.658143868282,
    206.44472007654));
#970 = CARTESIAN_POINT('',(1.194169480474,56.653509552361,
    206.53107305779));
#971 = CARTESIAN_POINT('',(0.957207769354,56.649987716809,
    206.59915727354));
#972 = CARTESIAN_POINT('',(0.71879348764,56.647438082645,206.64970742436
    ));
#973 = CARTESIAN_POINT('',(0.479496395081,56.645768841222,
    206.68323105952));
#974 = CARTESIAN_POINT('',(0.239779575648,56.644933917063,206.7));
#975 = CARTESIAN_POINT('',(1.25219050478E-16,56.644933917063,206.7));
#976 = PCURVE('',#812,#977);
#977 = DEFINITIONAL_REPRESENTATION('',(#978),#1158);
#978 = B_SPLINE_CURVE_WITH_KNOTS('',3,(#979,#980,#981,#982,#983,#984,
    #985,#986,#987,#988,#989,#990,#991,#992,#993,#994,#995,#996,#997,
    #998,#999,#1000,#1001,#1002,#1003,#1004,#1005,#1006,#1007,#1008,
    #1009,#1010,#1011,#1012,#1013,#1014,#1015,#1016,#1017,#1018,#1019,
    #1020,#1021,#1022,#1023,#1024,#1025,#1026,#1027,#1028,#1029,#1030,
    #1031,#1032,#1033,#1034,#1035,#1036,#1037,#1038,#1039,#1040,#1041,
    #1042,#1043,#1044,#1045,#1046,#1047,#1048,#1049,#1050,#1051,#1052,
    #1053,#1054,#1055,#1056,#1057,#1058,#1059,#1060,#1061,#1062,#1063,
    #1064,#1065,#1066,#1067,#1068,#1069,#1070,#1071,#1072,#1073,#1074,
    #1075,#1076,#1077,#1078,#1079,#1080,#1081,#1082,#1083,#1084,#1085,
    #1086,#1087,#1088,#1089,#1090,#1091,#1092,#1093,#1094,#1095,#1096,
    #1097,#1098,#1099,#1100,#1101,#1102,#1103,#1104,#1105,#1106,#1107,
    #1108,#1109,#1110,#1111,#1112,#1113,#1114,#1115,#1116,#1117,#1118,
    #1119,#1120,#1121,#1122,#1123,#1124,#1125,#1126,#1127,#1128,#1129,
    #1130,#1131,#1132,#1133,#1134,#1135,#1136,#1137,#1138,#1139,#1140,
    #1141,#1142,#1143,#1144,#1145,#1146,#1147,#1148,#1149,#1150,#1151,
    #1152,#1153,#1154,#1155,#1156,#1157),.UNSPECIFIED.,.F.,.F.,(4,1,1,1,
    1,1,1,1,1,1,1,1,1,1,1,1,1,1,1,1,1,1,1,1,1,1,1,1,1,1,1,1,1,1,1,1,1,1,
    1,1,1,1,1,1,1,1,1,1,1,1,1,1,1,1,1,1,1,1,1,1,1,1,1,1,1,1,1,1,1,1,1,1,
    1,1,1,1,1,1,1,1,1,1,1,1,1,1,1,1,1,1,1,1,1,1,1,1,1,1,1,1,1,1,1,1,1,1,
    1,1,1,1,1,1,1,1,1,1,1,1,1,1,1,1,1,1,1,1,1,1,1,1,1,1,1,1,1,1,1,1,1,1,
    1,1,1,1,1,1,1,1,1,1,1,1,1,1,1,1,1,1,1,1,1,1,1,1,1,1,1,1,1,1,1,1,1,1,
    1,1,4),(0.,8.99827539635E-03,1.79965507927E-02,2.699482618905E-02,
    3.59931015854E-02,4.499137698175E-02,5.39896523781E-02,
    6.298792777445E-02,7.19862031708E-02,8.098447856715E-02,
    8.99827539635E-02,9.898102935985E-02,0.107979304756,0.116977580153,
    0.125975855549,0.134974130945,0.143972406342,0.152970681738,
    0.161968957134,0.170967232531,0.179965507927,0.188963783323,
    0.19796205872,0.206960334116,0.215958609512,0.224956884909,
    0.233955160305,0.242953435701,0.251951711098,0.260949986494,
    0.269948261891,0.278946537287,0.287944812683,0.29694308808,
    0.305941363476,0.314939638872,0.323937914269,0.332936189665,
    0.341934465061,0.350932740458,0.359931015854,0.36892929125,
    0.377927566647,0.386925842043,0.395924117439,0.404922392836,
    0.413920668232,0.422918943628,0.431917219025,0.440915494421,
    0.449913769818,0.458912045214,0.46791032061,0.476908596007,
    0.485906871403,0.494905146799,0.503903422196,0.512901697592,
    0.521899972988,0.530898248385,0.539896523781,0.548894799177,
    0.557893074574,0.56689134997,0.575889625366,0.584887900763,
    0.593886176159,0.602884451555,0.611882726952,0.620881002348,
    0.629879277745,0.638877553141,0.647875828537,0.656874103934,
    0.66587237933,0.674870654726,0.683868930123,0.692867205519,
    0.701865480915,0.710863756312,0.719862031708,0.728860307104,
    0.737858582501,0.746856857897,0.755855133293,0.76485340869,
    0.773851684086,0.782849959482,0.791848234879,0.800846510275,
    0.809844785672,0.818843061068,0.827841336464,0.836839611861,
    0.845837887257,0.854836162653,0.86383443805,0.872832713446,
    0.881830988842,0.890829264239,0.899827539635,0.908825815031,
    0.917824090428,0.926822365824,0.93582064122,0.944818916617,
    0.953817192013,0.962815467409,0.971813742806,0.980812018202,
    0.989810293599,0.998808568995,1.007806844391,1.016805119788,
    1.025803395184,1.03480167058,1.043799945977,1.052798221373,
    1.061796496769,1.070794772166,1.079793047562,1.088791322958,
    1.097789598355,1.106787873751,1.115786149147,1.124784424544,
    1.13378269994,1.142780975336,1.151779250733,1.160777526129,
    1.169775801526,1.178774076922,1.187772352318,1.196770627715,
    1.205768903111,1.214767178507,1.223765453904,1.2327637293,
    1.241762004696,1.250760280093,1.259758555489,1.268756830885,
    1.277755106282,1.286753381678,1.295751657074,1.304749932471,
    1.313748207867,1.322746483264,1.33174475866,1.340743034056,
    1.349741309453,1.358739584849,1.367737860245,1.376736135642,
    1.385734411038,1.394732686434,1.403730961831,1.412729237227,
    1.421727512623,1.43072578802,1.439724063416,1.448722338812,
    1.457720614209,1.466718889605,1.475717165001,1.484715440398,
    1.493713715794,1.502711991191,1.511710266587,1.520708541983,
    1.52970681738,1.538705092776,1.547703368172,1.556701643569,
    1.565699918965,1.574698194361,1.583696469758),
  .QUASI_UNIFORM_KNOTS.);
#979 = CARTESIAN_POINT('',(6.28318530718,141.44493391706));
#980 = CARTESIAN_POINT('',(6.27351351133,141.44493399197));
#981 = CARTESIAN_POINT('',(6.254170486018,141.44498975124));
#982 = CARTESIAN_POINT('',(6.225140412906,141.44524161103));
#983 = CARTESIAN_POINT('',(6.196077482641,141.44566273343));
#984 = CARTESIAN_POINT('',(6.166964680182,141.446255388));
#985 = CARTESIAN_POINT('',(6.13778503458,141.44702264797));
#986 = CARTESIAN_POINT('',(6.108521534911,141.44796851323));
#987 = CARTESIAN_POINT('',(6.079156995388,141.44909789742));
#988 = CARTESIAN_POINT('',(6.049673933433,141.45041666163));
#989 = CARTESIAN_POINT('',(6.020054416709,141.4519316476));
#990 = CARTESIAN_POINT('',(5.990279973283,141.45365071607));
#991 = CARTESIAN_POINT('',(5.960331214511,141.4555828155));
#992 = CARTESIAN_POINT('',(5.930188461225,141.45773797373));
#993 = CARTESIAN_POINT('',(5.899828545413,141.46012761782));
#994 = CARTESIAN_POINT('',(5.86923715103,141.46276359756));
#995 = CARTESIAN_POINT('',(5.838390533478,141.46565966337));
#996 = CARTESIAN_POINT('',(5.807263350184,141.46883104472));
#997 = CARTESIAN_POINT('',(5.775830740183,141.47229430212));
#998 = CARTESIAN_POINT('',(5.744067469217,141.47606744714));
#999 = CARTESIAN_POINT('',(5.71194783538,141.48016999975));
#1000 = CARTESIAN_POINT('',(5.679445342828,141.48462307715));
#1001 = CARTESIAN_POINT('',(5.646532372425,141.48944950061));
#1002 = CARTESIAN_POINT('',(5.613179864553,141.49467391173));
#1003 = CARTESIAN_POINT('',(5.57935664748,141.50032297834));
#1004 = CARTESIAN_POINT('',(5.545029771831,141.50642540967));
#1005 = CARTESIAN_POINT('',(5.510160672879,141.51301285409));
#1006 = CARTESIAN_POINT('',(5.474723653622,141.52011631013));
#1007 = CARTESIAN_POINT('',(5.438680900869,141.52777070568));
#1008 = CARTESIAN_POINT('',(5.401997650595,141.53601220096));
#1009 = CARTESIAN_POINT('',(5.364640553675,141.5448781199));
#1010 = CARTESIAN_POINT('',(5.326577549729,141.55440672089));
#1011 = CARTESIAN_POINT('',(5.287777708951,141.56463688821));
#1012 = CARTESIAN_POINT('',(5.248209643985,141.5756083013));
#1013 = CARTESIAN_POINT('',(5.207852705601,141.58735764576));
#1014 = CARTESIAN_POINT('',(5.166693868146,141.59991835455));
#1015 = CARTESIAN_POINT('',(5.124732153011,141.61331806948));
#1016 = CARTESIAN_POINT('',(5.081978807723,141.62757708987));
#1017 = CARTESIAN_POINT('',(5.038458551641,141.64270636763));
#1018 = CARTESIAN_POINT('',(4.994212418939,141.6587047721));
#1019 = CARTESIAN_POINT('',(4.949296894832,141.67555776316));
#1020 = CARTESIAN_POINT('',(4.903803773059,141.69322797282));
#1021 = CARTESIAN_POINT('',(4.857848648167,141.71165723895));
#1022 = CARTESIAN_POINT('',(4.811554898229,141.73077217329));
#1023 = CARTESIAN_POINT('',(4.765064628926,141.75047970264));
#1024 = CARTESIAN_POINT('',(4.718526523502,141.77067244138));
#1025 = CARTESIAN_POINT('',(4.672091216509,141.79123215748));
#1026 = CARTESIAN_POINT('',(4.625900795051,141.81203641187));
#1027 = CARTESIAN_POINT('',(4.580079896907,141.83296522964));
#1028 = CARTESIAN_POINT('',(4.534745632946,141.8538991736));
#1029 = CARTESIAN_POINT('',(4.489994002266,141.87472792477));
#1030 = CARTESIAN_POINT('',(4.445884833502,141.8953595861));
#1031 = CARTESIAN_POINT('',(4.402463077082,141.9157124258));
#1032 = CARTESIAN_POINT('',(4.359757700287,141.93571634603));
#1033 = CARTESIAN_POINT('',(4.317784545361,141.95531216894));
#1034 = CARTESIAN_POINT('',(4.276547670971,141.97445127036));
#1035 = CARTESIAN_POINT('',(4.236039031787,141.99309567159));
#1036 = CARTESIAN_POINT('',(4.196244227083,142.01121516194));
#1037 = CARTESIAN_POINT('',(4.157136724365,142.02878945218));
#1038 = CARTESIAN_POINT('',(4.118689855358,142.04580230098));
#1039 = CARTESIAN_POINT('',(4.08087608978,142.0622414268));
#1040 = CARTESIAN_POINT('',(4.043666463364,142.07809832246));
#1041 = CARTESIAN_POINT('',(4.007031267161,142.09336756892));
#1042 = CARTESIAN_POINT('',(3.970935515088,142.10804824967));
#1043 = CARTESIAN_POINT('',(3.935355122925,142.12213701548));
#1044 = CARTESIAN_POINT('',(3.900259149831,142.13563507441));
#1045 = CARTESIAN_POINT('',(3.865615931632,142.14854523074));
#1046 = CARTESIAN_POINT('',(3.831397230803,142.16087008355));
#1047 = CARTESIAN_POINT('',(3.7975764326,142.17261259945));
#1048 = CARTESIAN_POINT('',(3.764128446404,142.18377600782));
#1049 = CARTESIAN_POINT('',(3.731029241575,142.19436384045));
#1050 = CARTESIAN_POINT('',(3.698255541708,142.20437990272));
#1051 = CARTESIAN_POINT('',(3.665784563303,142.21382823001));
#1052 = CARTESIAN_POINT('',(3.633593654379,142.22271305167));
#1053 = CARTESIAN_POINT('',(3.601660462551,142.23103864279));
#1054 = CARTESIAN_POINT('',(3.569961211643,142.23880954476));
#1055 = CARTESIAN_POINT('',(3.538484900846,142.24602728309));
#1056 = CARTESIAN_POINT('',(3.507210353484,142.25269600515));
#1057 = CARTESIAN_POINT('',(3.476119218767,142.25881902216));
#1058 = CARTESIAN_POINT('',(3.445193738625,142.26439941817));
#1059 = CARTESIAN_POINT('',(3.414417112296,142.26943993903));
#1060 = CARTESIAN_POINT('',(3.383773190851,142.27394306218));
#1061 = CARTESIAN_POINT('',(3.353246372879,142.2779110065));
#1062 = CARTESIAN_POINT('',(3.322821463659,142.28134574769));
#1063 = CARTESIAN_POINT('',(3.292483557779,142.28424902231));
#1064 = CARTESIAN_POINT('',(3.262217924867,142.28662232586));
#1065 = CARTESIAN_POINT('',(3.232009903214,142.28846690397));
#1066 = CARTESIAN_POINT('',(3.201844787732,142.28978373882));
#1067 = CARTESIAN_POINT('',(3.171707748925,142.29057352702));
#1068 = CARTESIAN_POINT('',(3.141583639095,142.29083666545));
#1069 = CARTESIAN_POINT('',(3.111457215788,142.29057318661));
#1070 = CARTESIAN_POINT('',(3.081317831548,142.28978295795));
#1071 = CARTESIAN_POINT('',(3.0511499211,142.28846558601));
#1072 = CARTESIAN_POINT('',(3.020939140496,142.28662037269));
#1073 = CARTESIAN_POINT('',(2.990670918405,142.28424635302));
#1074 = CARTESIAN_POINT('',(2.960330711172,142.28134230304));
#1075 = CARTESIAN_POINT('',(2.929903802565,142.27790674767));
#1076 = CARTESIAN_POINT('',(2.899375211136,142.27393795807));
#1077 = CARTESIAN_POINT('',(2.868729597204,142.26943395081));
#1078 = CARTESIAN_POINT('',(2.837951023439,142.26439245025));
#1079 = CARTESIAN_POINT('',(2.807023246479,142.25881095561));
#1080 = CARTESIAN_POINT('',(2.775927962045,142.25268638603));
#1081 = CARTESIAN_POINT('',(2.74465065322,142.24601627456));
#1082 = CARTESIAN_POINT('',(2.713174108381,142.23879766565));
#1083 = CARTESIAN_POINT('',(2.681477709349,142.23102671349));
#1084 = CARTESIAN_POINT('',(2.649541716092,142.22269967214));
#1085 = CARTESIAN_POINT('',(2.61734587959,142.21381270003));
#1086 = CARTESIAN_POINT('',(2.584869564643,142.20436196329));
#1087 = CARTESIAN_POINT('',(2.552091419335,142.19434362967));
#1088 = CARTESIAN_POINT('',(2.5189892149,142.1837539014));
#1089 = CARTESIAN_POINT('',(2.485539278233,142.1725889018));
#1090 = CARTESIAN_POINT('',(2.451717160642,142.16084500828));
#1091 = CARTESIAN_POINT('',(2.417493505926,142.14851744595));
#1092 = CARTESIAN_POINT('',(2.382847586158,142.13560529268));
#1093 = CARTESIAN_POINT('',(2.34776114468,142.12211000105));
#1094 = CARTESIAN_POINT('',(2.312192735446,142.10802529246));
#1095 = CARTESIAN_POINT('',(2.276110156542,142.0933494571));
#1096 = CARTESIAN_POINT('',(2.239481611729,142.07808260773));
#1097 = CARTESIAN_POINT('',(2.202277614958,142.0622278079));
#1098 = CARTESIAN_POINT('',(2.164470026867,142.04579112862));
#1099 = CARTESIAN_POINT('',(2.126031823459,142.02878194226));
#1100 = CARTESIAN_POINT('',(2.086936753647,142.01121316462));
#1101 = CARTESIAN_POINT('',(2.047158604599,141.99310129271));
#1102 = CARTESIAN_POINT('',(2.006671988815,141.97446713708));
#1103 = CARTESIAN_POINT('',(1.965447226843,141.95533380591));
#1104 = CARTESIAN_POINT('',(1.923467068936,141.93573481281));
#1105 = CARTESIAN_POINT('',(1.880756209502,141.91572835509));
#1106 = CARTESIAN_POINT('',(1.837325503067,141.89537130995));
#1107 = CARTESIAN_POINT('',(1.793207349479,141.87473540466));
#1108 = CARTESIAN_POINT('',(1.748448320241,141.85390318034));
#1109 = CARTESIAN_POINT('',(1.703114642419,141.83296947227));
#1110 = CARTESIAN_POINT('',(1.657292626116,141.81204009023));
#1111 = CARTESIAN_POINT('',(1.611099802953,141.7912347012));
#1112 = CARTESIAN_POINT('',(1.564662066008,141.77067388012));
#1113 = CARTESIAN_POINT('',(1.518123708522,141.7504809926));
#1114 = CARTESIAN_POINT('',(1.471627416043,141.73077089759));
#1115 = CARTESIAN_POINT('',(1.425329197861,141.71165419119));
#1116 = CARTESIAN_POINT('',(1.379374061508,141.69322503072));
#1117 = CARTESIAN_POINT('',(1.333882090884,141.67555534266));
#1118 = CARTESIAN_POINT('',(1.288957828155,141.6586991375));
#1119 = CARTESIAN_POINT('',(1.244689116297,141.64269292698));
#1120 = CARTESIAN_POINT('',(1.201160087121,141.62756128524));
#1121 = CARTESIAN_POINT('',(1.158413406121,141.61330514141));
#1122 = CARTESIAN_POINT('',(1.116457608749,141.59990780296));
#1123 = CARTESIAN_POINT('',(1.075305318119,141.58734954056));
#1124 = CARTESIAN_POINT('',(1.034953040217,141.57560189867));
#1125 = CARTESIAN_POINT('',(0.995386185895,141.56463109386));
#1126 = CARTESIAN_POINT('',(0.956586926019,141.55440136955));
#1127 = CARTESIAN_POINT('',(0.91852468727,141.54487323022));
#1128 = CARTESIAN_POINT('',(0.881168378462,141.53600775236));
#1129 = CARTESIAN_POINT('',(0.844485922731,141.52776667188));
#1130 = CARTESIAN_POINT('',(0.808443993152,141.52011266496));
#1131 = CARTESIAN_POINT('',(0.773007211023,141.51300946419));
#1132 = CARTESIAN_POINT('',(0.738139334823,141.50642243992));
#1133 = CARTESIAN_POINT('',(0.703811855344,141.50032007331));
#1134 = CARTESIAN_POINT('',(0.669987295917,141.49467097175));
#1135 = CARTESIAN_POINT('',(0.636633530705,141.48944655871));
#1136 = CARTESIAN_POINT('',(0.603719824443,141.48462022164));
#1137 = CARTESIAN_POINT('',(0.571217254018,141.48016732226));
#1138 = CARTESIAN_POINT('',(0.539098032472,141.47606500487));
#1139 = CARTESIAN_POINT('',(0.507335252915,141.47229209256));
#1140 = CARTESIAN_POINT('',(0.475902399892,141.46882897646));
#1141 = CARTESIAN_POINT('',(0.444773653502,141.46565758713));
#1142 = CARTESIAN_POINT('',(0.413921467052,141.46276118668));
#1143 = CARTESIAN_POINT('',(0.383329901722,141.4601254107));
#1144 = CARTESIAN_POINT('',(0.352974795037,141.45773632918));
#1145 = CARTESIAN_POINT('',(0.322834240508,141.45558147503));
#1146 = CARTESIAN_POINT('',(0.292887365065,141.45364962488));
#1147 = CARTESIAN_POINT('',(0.26311437285,141.45193075003));
#1148 = CARTESIAN_POINT('',(0.233496282553,141.45041593779));
#1149 = CARTESIAN_POINT('',(0.204014774176,141.44909733561));
#1150 = CARTESIAN_POINT('',(0.17465202841,141.44796810284));
#1151 = CARTESIAN_POINT('',(0.145390585358,141.44702237221));
#1152 = CARTESIAN_POINT('',(0.116213209631,141.44625522257));
#1153 = CARTESIAN_POINT('',(8.710276630408E-02,141.44566264894));
#1154 = CARTESIAN_POINT('',(5.804208443058E-02,141.44524157796));
#1155 = CARTESIAN_POINT('',(2.901388115851E-02,141.44498974539));
#1156 = CARTESIAN_POINT('',(9.671603513938E-03,141.44493399156));
#1157 = CARTESIAN_POINT('',(0.,141.44493391706));
#1158 = ( GEOMETRIC_REPRESENTATION_CONTEXT(2) 
PARAMETRIC_REPRESENTATION_CONTEXT() REPRESENTATION_CONTEXT('2D SPACE',''
  ) );
#1159 = PCURVE('',#1160,#1181);
#1160 = B_SPLINE_SURFACE_WITH_KNOTS('',9,1,(
    (#1161,#1162)
    ,(#1163,#1164)
    ,(#1165,#1166)
    ,(#1167,#1168)
    ,(#1169,#1170)
    ,(#1171,#1172)
    ,(#1173,#1174)
    ,(#1175,#1176)
    ,(#1177,#1178)
    ,(#1179,#1180
    )),.UNSPECIFIED.,.F.,.F.,.F.,(10,10),(2,2),(0.,121.6),(0.,1.),
  .PIECEWISE_BEZIER_KNOTS.);
#1161 = CARTESIAN_POINT('',(60.8,60.8,167.4));
#1162 = CARTESIAN_POINT('',(39.597979746447,39.597979746447,212.8));
#1163 = CARTESIAN_POINT('',(47.288888888889,60.8,167.4));
#1164 = CARTESIAN_POINT('',(32.686828509311,46.509130983581,
    212.79999999999));
#1165 = CARTESIAN_POINT('',(33.777777777778,60.8,167.4));
#1166 = CARTESIAN_POINT('',(24.418675910691,52.063281057311,212.8));
#1167 = CARTESIAN_POINT('',(20.266666666667,60.8,167.4));
#1168 = CARTESIAN_POINT('',(15.098032234964,55.955917784476,
    212.79999999999));
#1169 = CARTESIAN_POINT('',(6.755555555556,60.8,167.4));
#1170 = CARTESIAN_POINT('',(5.109129120164,57.962258955281,212.8));
#1171 = CARTESIAN_POINT('',(-6.755555555556,60.8,167.4));
#1172 = CARTESIAN_POINT('',(-5.109129120164,57.962258955272,
    212.79999999999));
#1173 = CARTESIAN_POINT('',(-20.26666666666,60.8,167.4));
#1174 = CARTESIAN_POINT('',(-15.09803223496,55.955917784482,212.8));
#1175 = CARTESIAN_POINT('',(-33.77777777777,60.8,167.4));
#1176 = CARTESIAN_POINT('',(-24.41867591069,52.063281057307,
    212.79999999999));
#1177 = CARTESIAN_POINT('',(-47.28888888888,60.8,167.4));
#1178 = CARTESIAN_POINT('',(-32.68682850931,46.509130983582,212.8));
#1179 = CARTESIAN_POINT('',(-60.8,60.8,167.4));
#1180 = CARTESIAN_POINT('',(-39.59797974644,39.597979746447,212.8));
#1181 = DEFINITIONAL_REPRESENTATION('',(#1182),#1362);
#1182 = B_SPLINE_CURVE_WITH_KNOTS('',3,(#1183,#1184,#1185,#1186,#1187,
    #1188,#1189,#1190,#1191,#1192,#1193,#1194,#1195,#1196,#1197,#1198,
    #1199,#1200,#1201,#1202,#1203,#1204,#1205,#1206,#1207,#1208,#1209,
    #1210,#1211,#1212,#1213,#1214,#1215,#1216,#1217,#1218,#1219,#1220,
    #1221,#1222,#1223,#1224,#1225,#1226,#1227,#1228,#1229,#1230,#1231,
    #1232,#1233,#1234,#1235,#1236,#1237,#1238,#1239,#1240,#1241,#1242,
    #1243,#1244,#1245,#1246,#1247,#1248,#1249,#1250,#1251,#1252,#1253,
    #1254,#1255,#1256,#1257,#1258,#1259,#1260,#1261,#1262,#1263,#1264,
    #1265,#1266,#1267,#1268,#1269,#1270,#1271,#1272,#1273,#1274,#1275,
    #1276,#1277,#1278,#1279,#1280,#1281,#1282,#1283,#1284,#1285,#1286,
    #1287,#1288,#1289,#1290,#1291,#1292,#1293,#1294,#1295,#1296,#1297,
    #1298,#1299,#1300,#1301,#1302,#1303,#1304,#1305,#1306,#1307,#1308,
    #1309,#1310,#1311,#1312,#1313,#1314,#1315,#1316,#1317,#1318,#1319,
    #1320,#1321,#1322,#1323,#1324,#1325,#1326,#1327,#1328,#1329,#1330,
    #1331,#1332,#1333,#1334,#1335,#1336,#1337,#1338,#1339,#1340,#1341,
    #1342,#1343,#1344,#1345,#1346,#1347,#1348,#1349,#1350,#1351,#1352,
    #1353,#1354,#1355,#1356,#1357,#1358,#1359,#1360,#1361),
  .UNSPECIFIED.,.F.,.F.,(4,1,1,1,1,1,1,1,1,1,1,1,1,1,1,1,1,1,1,1,1,1,1,1
    ,1,1,1,1,1,1,1,1,1,1,1,1,1,1,1,1,1,1,1,1,1,1,1,1,1,1,1,1,1,1,1,1,1,1
    ,1,1,1,1,1,1,1,1,1,1,1,1,1,1,1,1,1,1,1,1,1,1,1,1,1,1,1,1,1,1,1,1,1,1
    ,1,1,1,1,1,1,1,1,1,1,1,1,1,1,1,1,1,1,1,1,1,1,1,1,1,1,1,1,1,1,1,1,1,1
    ,1,1,1,1,1,1,1,1,1,1,1,1,1,1,1,1,1,1,1,1,1,1,1,1,1,1,1,1,1,1,1,1,1,1
    ,1,1,1,1,1,1,1,1,1,1,1,1,1,1,1,1,4),(0.,8.99827539635E-03,
    1.79965507927E-02,2.699482618905E-02,3.59931015854E-02,
    4.499137698175E-02,5.39896523781E-02,6.298792777445E-02,
    7.19862031708E-02,8.098447856715E-02,8.99827539635E-02,
    9.898102935985E-02,0.107979304756,0.116977580153,0.125975855549,
    0.134974130945,0.143972406342,0.152970681738,0.161968957134,
    0.170967232531,0.179965507927,0.188963783323,0.19796205872,
    0.206960334116,0.215958609512,0.224956884909,0.233955160305,
    0.242953435701,0.251951711098,0.260949986494,0.269948261891,
    0.278946537287,0.287944812683,0.29694308808,0.305941363476,
    0.314939638872,0.323937914269,0.332936189665,0.341934465061,
    0.350932740458,0.359931015854,0.36892929125,0.377927566647,
    0.386925842043,0.395924117439,0.404922392836,0.413920668232,
    0.422918943628,0.431917219025,0.440915494421,0.449913769818,
    0.458912045214,0.46791032061,0.476908596007,0.485906871403,
    0.494905146799,0.503903422196,0.512901697592,0.521899972988,
    0.530898248385,0.539896523781,0.548894799177,0.557893074574,
    0.56689134997,0.575889625366,0.584887900763,0.593886176159,
    0.602884451555,0.611882726952,0.620881002348,0.629879277745,
    0.638877553141,0.647875828537,0.656874103934,0.66587237933,
    0.674870654726,0.683868930123,0.692867205519,0.701865480915,
    0.710863756312,0.719862031708,0.728860307104,0.737858582501,
    0.746856857897,0.755855133293,0.76485340869,0.773851684086,
    0.782849959482,0.791848234879,0.800846510275,0.809844785672,
    0.818843061068,0.827841336464,0.836839611861,0.845837887257,
    0.854836162653,0.86383443805,0.872832713446,0.881830988842,
    0.890829264239,0.899827539635,0.908825815031,0.917824090428,
    0.926822365824,0.93582064122,0.944818916617,0.953817192013,
    0.962815467409,0.971813742806,0.980812018202,0.989810293599,
    0.998808568995,1.007806844391,1.016805119788,1.025803395184,
    1.03480167058,1.043799945977,1.052798221373,1.061796496769,
    1.070794772166,1.079793047562,1.088791322958,1.097789598355,
    1.106787873751,1.115786149147,1.124784424544,1.13378269994,
    1.142780975336,1.151779250733,1.160777526129,1.169775801526,
    1.178774076922,1.187772352318,1.196770627715,1.205768903111,
    1.214767178507,1.223765453904,1.2327637293,1.241762004696,
    1.250760280093,1.259758555489,1.268756830885,1.277755106282,
    1.286753381678,1.295751657074,1.304749932471,1.313748207867,
    1.322746483264,1.33174475866,1.340743034056,1.349741309453,
    1.358739584849,1.367737860245,1.376736135642,1.385734411038,
    1.394732686434,1.403730961831,1.412729237227,1.421727512623,
    1.43072578802,1.439724063416,1.448722338812,1.457720614209,
    1.466718889605,1.475717165001,1.484715440398,1.493713715794,
    1.502711991191,1.511710266587,1.520708541983,1.52970681738,
    1.538705092776,1.547703368172,1.556701643569,1.565699918965,
    1.574698194361,1.583696469758),.QUASI_UNIFORM_KNOTS.);
#1183 = CARTESIAN_POINT('',(60.8,0.86563876652));
#1184 = CARTESIAN_POINT('',(60.850866758559,0.865638756926));
#1185 = CARTESIAN_POINT('',(60.952597518616,0.865614048474));
#1186 = CARTESIAN_POINT('',(61.105134811042,0.865502749689));
#1187 = CARTESIAN_POINT('',(61.257563594934,0.865317090599));
#1188 = CARTESIAN_POINT('',(61.409831004815,0.865056792593));
#1189 = CARTESIAN_POINT('',(61.561882059258,0.864721479722));
#1190 = CARTESIAN_POINT('',(61.713659341618,0.864310665075));
#1191 = CARTESIAN_POINT('',(61.865103053063,0.863823753834));
#1192 = CARTESIAN_POINT('',(62.016150930371,0.863260039808));
#1193 = CARTESIAN_POINT('',(62.166738275147,0.862618700877));
#1194 = CARTESIAN_POINT('',(62.316797612166,0.861898794808));
#1195 = CARTESIAN_POINT('',(62.466259656393,0.86109924418));
#1196 = CARTESIAN_POINT('',(62.615049349927,0.860218853991));
#1197 = CARTESIAN_POINT('',(62.763100241772,0.859256198928));
#1198 = CARTESIAN_POINT('',(62.91029377297,0.858210033297));
#1199 = CARTESIAN_POINT('',(63.056547549192,0.857078715931));
#1200 = CARTESIAN_POINT('',(63.201774617902,0.855860407353));
#1201 = CARTESIAN_POINT('',(63.345872464829,0.854553155383));
#1202 = CARTESIAN_POINT('',(63.488725886682,0.853154872617));
#1203 = CARTESIAN_POINT('',(63.630206116636,0.851663339993));
#1204 = CARTESIAN_POINT('',(63.77017087602,0.850076199587));
#1205 = CARTESIAN_POINT('',(63.90846416127,0.848390943643));
#1206 = CARTESIAN_POINT('',(64.044915734669,0.846604902524));
#1207 = CARTESIAN_POINT('',(64.179341513158,0.844715207675));
#1208 = CARTESIAN_POINT('',(64.311539986781,0.842718816415));
#1209 = CARTESIAN_POINT('',(64.441302823773,0.840612268964));
#1210 = CARTESIAN_POINT('',(64.568345274337,0.838392849178));
#1211 = CARTESIAN_POINT('',(64.692397927169,0.836057113907));
#1212 = CARTESIAN_POINT('',(64.813147016367,0.833601819279));
#1213 = CARTESIAN_POINT('',(64.93024080726,0.831023892758));
#1214 = CARTESIAN_POINT('',(65.043289443256,0.828320481341));
#1215 = CARTESIAN_POINT('',(65.151865649954,0.825489008552));
#1216 = CARTESIAN_POINT('',(65.255508744976,0.822527119519));
#1217 = CARTESIAN_POINT('',(65.353696758902,0.819433600656));
#1218 = CARTESIAN_POINT('',(65.445864292527,0.816208301753));
#1219 = CARTESIAN_POINT('',(65.531402133992,0.812852611576));
#1220 = CARTESIAN_POINT('',(65.609670818103,0.809369615417));
#1221 = CARTESIAN_POINT('',(65.680014716764,0.805764326947));
#1222 = CARTESIAN_POINT('',(65.7417781016,0.802044041047));
#1223 = CARTESIAN_POINT('',(65.794326935846,0.798218335042));
#1224 = CARTESIAN_POINT('',(65.837056854926,0.794300832646));
#1225 = CARTESIAN_POINT('',(65.869449304529,0.790308260137));
#1226 = CARTESIAN_POINT('',(65.891109101759,0.786258946715));
#1227 = CARTESIAN_POINT('',(65.901778732296,0.782173595392));
#1228 = CARTESIAN_POINT('',(65.901360847061,0.778073982849));
#1229 = CARTESIAN_POINT('',(65.889926026569,0.773982263872));
#1230 = CARTESIAN_POINT('',(65.867706016244,0.76991974036));
#1231 = CARTESIAN_POINT('',(65.83507038579,0.76590580013));
#1232 = CARTESIAN_POINT('',(65.792510112176,0.761958558524));
#1233 = CARTESIAN_POINT('',(65.740605977534,0.758093487278));
#1234 = CARTESIAN_POINT('',(65.679972581916,0.754322044601));
#1235 = CARTESIAN_POINT('',(65.611247340927,0.75065353007));
#1236 = CARTESIAN_POINT('',(65.535069530495,0.747095009854));
#1237 = CARTESIAN_POINT('',(65.452064565046,0.74365162661));
#1238 = CARTESIAN_POINT('',(65.362830880154,0.740326799704));
#1239 = CARTESIAN_POINT('',(65.267925955451,0.737122310236));
#1240 = CARTESIAN_POINT('',(65.16786999737,0.734038867257));
#1241 = CARTESIAN_POINT('',(65.0631229828,0.731075787148));
#1242 = CARTESIAN_POINT('',(64.954111058157,0.728232023166));
#1243 = CARTESIAN_POINT('',(64.841225421272,0.725506167026));
#1244 = CARTESIAN_POINT('',(64.724820704757,0.722896472545));
#1245 = CARTESIAN_POINT('',(64.605218004953,0.720400957964));
#1246 = CARTESIAN_POINT('',(64.482689695782,0.718017171203));
#1247 = CARTESIAN_POINT('',(64.357516116089,0.71574329653));
#1248 = CARTESIAN_POINT('',(64.229928212428,0.713576994914));
#1249 = CARTESIAN_POINT('',(64.100127806592,0.711515879266));
#1250 = CARTESIAN_POINT('',(63.968305322704,0.709557782099));
#1251 = CARTESIAN_POINT('',(63.834635910771,0.70770064588));
#1252 = CARTESIAN_POINT('',(63.699281160095,0.705942524025));
#1253 = CARTESIAN_POINT('',(63.562389156724,0.70428156068));
#1254 = CARTESIAN_POINT('',(63.424094798214,0.702715983082));
#1255 = CARTESIAN_POINT('',(63.284520081117,0.701244097563));
#1256 = CARTESIAN_POINT('',(63.143773708827,0.699864285495));
#1257 = CARTESIAN_POINT('',(63.001953036721,0.6985750173));
#1258 = CARTESIAN_POINT('',(62.859137062732,0.697374810068));
#1259 = CARTESIAN_POINT('',(62.71545257512,0.696262725965));
#1260 = CARTESIAN_POINT('',(62.570971910041,0.695237494868));
#1261 = CARTESIAN_POINT('',(62.425771606296,0.694298043359));
#1262 = CARTESIAN_POINT('',(62.279923612762,0.693443395159));
#1263 = CARTESIAN_POINT('',(62.133497768739,0.692672683629));
#1264 = CARTESIAN_POINT('',(61.986561244903,0.691985136875));
#1265 = CARTESIAN_POINT('',(61.839178781514,0.691380072672));
#1266 = CARTESIAN_POINT('',(61.691412697235,0.69085689303));
#1267 = CARTESIAN_POINT('',(61.543322946206,0.690415080985));
#1268 = CARTESIAN_POINT('',(61.394967147264,0.69005419871));
#1269 = CARTESIAN_POINT('',(61.246400620058,0.689773887079));
#1270 = CARTESIAN_POINT('',(61.097676373443,0.689573866292));
#1271 = CARTESIAN_POINT('',(60.948845238183,0.689453938109));
#1272 = CARTESIAN_POINT('',(60.799955439196,0.689413987118));
#1273 = CARTESIAN_POINT('',(60.651054243276,0.689453989894));
#1274 = CARTESIAN_POINT('',(60.502211654448,0.689573985013));
#1275 = CARTESIAN_POINT('',(60.353473868113,0.689774087309));
#1276 = CARTESIAN_POINT('',(60.20489415084,0.690054495491));
#1277 = CARTESIAN_POINT('',(60.056526201581,0.690415486906));
#1278 = CARTESIAN_POINT('',(59.908425940247,0.690857417447));
#1279 = CARTESIAN_POINT('',(59.760651061031,0.691380721806));
#1280 = CARTESIAN_POINT('',(59.613261149527,0.691985915749));
#1281 = CARTESIAN_POINT('',(59.4663178275,0.692673598516));
#1282 = CARTESIAN_POINT('',(59.319884268419,0.693444461213));
#1283 = CARTESIAN_POINT('',(59.174027245003,0.694299279679));
#1284 = CARTESIAN_POINT('',(59.028809718499,0.695238972012));
#1285 = CARTESIAN_POINT('',(58.884318907131,0.69626442059));
#1286 = CARTESIAN_POINT('',(58.740636285349,0.697376642983));
#1287 = CARTESIAN_POINT('',(58.597836099627,0.698576862125));
#1288 = CARTESIAN_POINT('',(58.456006081683,0.69986635986));
#1289 = CARTESIAN_POINT('',(58.315241878821,0.701246512503));
#1290 = CARTESIAN_POINT('',(58.175648635538,0.702718782065));
#1291 = CARTESIAN_POINT('',(58.037340656384,0.704284725434));
#1292 = CARTESIAN_POINT('',(57.900441991429,0.705945998625));
#1293 = CARTESIAN_POINT('',(57.76508564504,0.707704385413));
#1294 = CARTESIAN_POINT('',(57.631417760733,0.709561755957));
#1295 = CARTESIAN_POINT('',(57.499583668237,0.711520303659));
#1296 = CARTESIAN_POINT('',(57.369781894453,0.713581761714));
#1297 = CARTESIAN_POINT('',(57.242237453723,0.715747644676));
#1298 = CARTESIAN_POINT('',(57.117113636893,0.718020889126));
#1299 = CARTESIAN_POINT('',(56.994636302985,0.720403909588));
#1300 = CARTESIAN_POINT('',(56.875060491175,0.722899050301));
#1301 = CARTESIAN_POINT('',(56.758678193705,0.725508418153));
#1302 = CARTESIAN_POINT('',(56.64581527922,0.728233884751));
#1303 = CARTESIAN_POINT('',(56.536831420957,0.731077049341));
#1304 = CARTESIAN_POINT('',(56.432119612571,0.734039207736));
#1305 = CARTESIAN_POINT('',(56.332105075004,0.737121354888));
#1306 = CARTESIAN_POINT('',(56.237247745704,0.740324065329));
#1307 = CARTESIAN_POINT('',(56.148031768278,0.743647846939));
#1308 = CARTESIAN_POINT('',(56.065004104511,0.747091741899));
#1309 = CARTESIAN_POINT('',(55.98880946862,0.750650675861));
#1310 = CARTESIAN_POINT('',(55.920063838439,0.754319913491));
#1311 = CARTESIAN_POINT('',(55.859413620416,0.758092105147));
#1312 = CARTESIAN_POINT('',(55.807498753992,0.76195780784));
#1313 = CARTESIAN_POINT('',(55.764937298977,0.765904993762));
#1314 = CARTESIAN_POINT('',(55.732298704889,0.769919027628));
#1315 = CARTESIAN_POINT('',(55.710075761827,0.773981760667));
#1316 = CARTESIAN_POINT('',(55.698639584755,0.778073693525));
#1317 = CARTESIAN_POINT('',(55.698220698396,0.782173328885));
#1318 = CARTESIAN_POINT('',(55.708891376908,0.786259210146));
#1319 = CARTESIAN_POINT('',(55.730554956621,0.790308911149));
#1320 = CARTESIAN_POINT('',(55.762949376724,0.794301478922));
#1321 = CARTESIAN_POINT('',(55.805679602222,0.798218877021));
#1322 = CARTESIAN_POINT('',(55.85823982725,0.802045322684));
#1323 = CARTESIAN_POINT('',(55.920040457838,0.805767478045));
#1324 = CARTESIAN_POINT('',(55.990409346802,0.809373428798));
#1325 = CARTESIAN_POINT('',(56.068675413104,0.812855816362));
#1326 = CARTESIAN_POINT('',(56.154208308616,0.816210978922));
#1327 = CARTESIAN_POINT('',(56.246367428153,0.819435712183));
#1328 = CARTESIAN_POINT('',(56.344548723972,0.822528830722));
#1329 = CARTESIAN_POINT('',(56.448192354192,0.82549059178));
#1330 = CARTESIAN_POINT('',(56.556770705054,0.828321981008));
#1331 = CARTESIAN_POINT('',(56.669820490348,0.83102529759));
#1332 = CARTESIAN_POINT('',(56.786914969716,0.833603129513));
#1333 = CARTESIAN_POINT('',(56.907664356033,0.83605833108));
#1334 = CARTESIAN_POINT('',(57.031716806,0.838393974422));
#1335 = CARTESIAN_POINT('',(57.158760888963,0.840613340279));
#1336 = CARTESIAN_POINT('',(57.288521363064,0.842719777115));
#1337 = CARTESIAN_POINT('',(57.420724164522,0.844716167574));
#1338 = CARTESIAN_POINT('',(57.555157413621,0.846605896479));
#1339 = CARTESIAN_POINT('',(57.691616299641,0.848391960405));
#1340 = CARTESIAN_POINT('',(57.829914810512,0.850077207208));
#1341 = CARTESIAN_POINT('',(57.969881944933,0.851664303565));
#1342 = CARTESIAN_POINT('',(58.11136227947,0.853155768749));
#1343 = CARTESIAN_POINT('',(58.25421526138,0.854553982089));
#1344 = CARTESIAN_POINT('',(58.398315871619,0.855861196099));
#1345 = CARTESIAN_POINT('',(58.543551707307,0.857079519863));
#1346 = CARTESIAN_POINT('',(58.6898336384,0.858210982377));
#1347 = CARTESIAN_POINT('',(58.837029957502,0.859257081721));
#1348 = CARTESIAN_POINT('',(58.98505894273,0.860219522161));
#1349 = CARTESIAN_POINT('',(59.13383894229,0.861099796827));
#1350 = CARTESIAN_POINT('',(59.283292558177,0.861899249987));
#1351 = CARTESIAN_POINT('',(59.433345363596,0.86261907863));
#1352 = CARTESIAN_POINT('',(59.583926110212,0.863260347001));
#1353 = CARTESIAN_POINT('',(59.734966558355,0.863823994594));
#1354 = CARTESIAN_POINT('',(59.886401428331,0.864310843051));
#1355 = CARTESIAN_POINT('',(60.038168333976,0.864721600839));
#1356 = CARTESIAN_POINT('',(60.190207742803,0.865056865832));
#1357 = CARTESIAN_POINT('',(60.342462911514,0.86531712758));
#1358 = CARTESIAN_POINT('',(60.494879945012,0.865502763139));
#1359 = CARTESIAN_POINT('',(60.647407425527,0.865614050298));
#1360 = CARTESIAN_POINT('',(60.749134252251,0.865638756837));
#1361 = CARTESIAN_POINT('',(60.8,0.86563876652));
#1362 = ( GEOMETRIC_REPRESENTATION_CONTEXT(2) 
PARAMETRIC_REPRESENTATION_CONTEXT() REPRESENTATION_CONTEXT('2D SPACE',''
  ) );
#1363 = ORIENTED_EDGE('',*,*,#828,.T.);
#1364 = ADVANCED_FACE('',(#1365,#1589),#1160,.F.);
#1365 = FACE_BOUND('',#1366,.F.);
#1366 = EDGE_LOOP('',(#1367,#1408,#1463,#1506));
#1367 = ORIENTED_EDGE('',*,*,#1368,.F.);
#1368 = EDGE_CURVE('',#1369,#1371,#1373,.T.);
#1369 = VERTEX_POINT('',#1370);
#1370 = CARTESIAN_POINT('',(60.70659902972,60.70659902972,167.6));
#1371 = VERTEX_POINT('',#1372);
#1372 = CARTESIAN_POINT('',(39.691380716727,39.691380716727,212.6));
#1373 = SURFACE_CURVE('',#1374,(#1377,#1384),.PCURVE_S1.);
#1374 = B_SPLINE_CURVE_WITH_KNOTS('',1,(#1375,#1376),.UNSPECIFIED.,.F.,
  .F.,(2,2),(0.,1.),.PIECEWISE_BEZIER_KNOTS.);
#1375 = CARTESIAN_POINT('',(60.8,60.8,167.4));
#1376 = CARTESIAN_POINT('',(39.597979746447,39.597979746447,212.8));
#1377 = PCURVE('',#1160,#1378);
#1378 = DEFINITIONAL_REPRESENTATION('',(#1379),#1383);
#1379 = LINE('',#1380,#1381);
#1380 = CARTESIAN_POINT('',(0.,0.));
#1381 = VECTOR('',#1382,1.);
#1382 = DIRECTION('',(0.,1.));
#1383 = ( GEOMETRIC_REPRESENTATION_CONTEXT(2) 
PARAMETRIC_REPRESENTATION_CONTEXT() REPRESENTATION_CONTEXT('2D SPACE',''
  ) );
#1384 = PCURVE('',#1385,#1402);
#1385 = B_SPLINE_SURFACE_WITH_KNOTS('',7,1,(
    (#1386,#1387)
    ,(#1388,#1389)
    ,(#1390,#1391)
    ,(#1392,#1393)
    ,(#1394,#1395)
    ,(#1396,#1397)
    ,(#1398,#1399)
    ,(#1400,#1401
    )),.UNSPECIFIED.,.F.,.F.,.F.,(8,8),(2,2),(60.8,121.6),(0.,1.),
  .PIECEWISE_BEZIER_KNOTS.);
#1386 = CARTESIAN_POINT('',(60.8,7.105427357601E-15,167.4));
#1387 = CARTESIAN_POINT('',(56.,0.,212.8));
#1388 = CARTESIAN_POINT('',(60.8,8.685714285714,167.4));
#1389 = CARTESIAN_POINT('',(56.,6.28318530718,212.8));
#1390 = CARTESIAN_POINT('',(60.8,17.371428571429,167.4));
#1391 = CARTESIAN_POINT('',(55.177532623587,12.566370485524,
    212.79999999999));
#1392 = CARTESIAN_POINT('',(60.8,26.057142857143,167.4));
#1393 = CARTESIAN_POINT('',(53.532600431196,18.720363649087,212.8));
#1394 = CARTESIAN_POINT('',(60.8,34.742857142857,167.4));
#1395 = CARTESIAN_POINT('',(51.090560861995,24.6159686969,
    212.79999999999));
#1396 = CARTESIAN_POINT('',(60.8,43.428571428571,167.4));
#1397 = CARTESIAN_POINT('',(47.902173272498,30.130641702064,212.8));
#1398 = CARTESIAN_POINT('',(60.8,52.114285714286,167.4));
#1399 = CARTESIAN_POINT('',(44.040862684605,35.155096808288,212.8));
#1400 = CARTESIAN_POINT('',(60.8,60.8,167.4));
#1401 = CARTESIAN_POINT('',(39.597979746447,39.597979746447,212.8));
#1402 = DEFINITIONAL_REPRESENTATION('',(#1403),#1407);
#1403 = LINE('',#1404,#1405);
#1404 = CARTESIAN_POINT('',(121.6,0.));
#1405 = VECTOR('',#1406,1.);
#1406 = DIRECTION('',(0.,1.));
#1407 = ( GEOMETRIC_REPRESENTATION_CONTEXT(2) 
PARAMETRIC_REPRESENTATION_CONTEXT() REPRESENTATION_CONTEXT('2D SPACE',''
  ) );
#1408 = ORIENTED_EDGE('',*,*,#1409,.F.);
#1409 = EDGE_CURVE('',#1410,#1369,#1412,.T.);
#1410 = VERTEX_POINT('',#1411);
#1411 = CARTESIAN_POINT('',(-60.70659902972,60.70659902972,167.6));
#1412 = SURFACE_CURVE('',#1413,(#1426,#1442),.PCURVE_S1.);
#1413 = B_SPLINE_CURVE_WITH_KNOTS('',6,(#1414,#1415,#1416,#1417,#1418,
    #1419,#1420,#1421,#1422,#1423,#1424,#1425),.UNSPECIFIED.,.F.,.F.,(7,
    5,7),(0.,0.5,1.),.UNSPECIFIED.);
#1414 = CARTESIAN_POINT('',(-60.70659902972,60.70659902972,167.6));
#1415 = CARTESIAN_POINT('',(-50.59196648888,60.729440242208,167.6));
#1416 = CARTESIAN_POINT('',(-40.47553147033,60.748688409355,167.6));
#1417 = CARTESIAN_POINT('',(-30.35764879993,60.763641932598,167.6));
#1418 = CARTESIAN_POINT('',(-20.23876579229,60.773783764639,167.6));
#1419 = CARTESIAN_POINT('',(-10.11938286013,60.778854625532,167.6));
#1420 = CARTESIAN_POINT('',(10.119382860138,60.778854625532,167.6));
#1421 = CARTESIAN_POINT('',(20.238765792286,60.773783764639,167.6));
#1422 = CARTESIAN_POINT('',(30.35764879996,60.763641932598,167.6));
#1423 = CARTESIAN_POINT('',(40.475531470316,60.748688409355,167.6));
#1424 = CARTESIAN_POINT('',(50.591966488893,60.729440242208,167.6));
#1425 = CARTESIAN_POINT('',(60.70659902972,60.70659902972,167.6));
#1426 = PCURVE('',#1160,#1427);
#1427 = DEFINITIONAL_REPRESENTATION('',(#1428),#1441);
#1428 = B_SPLINE_CURVE_WITH_KNOTS('',6,(#1429,#1430,#1431,#1432,#1433,
    #1434,#1435,#1436,#1437,#1438,#1439,#1440),.UNSPECIFIED.,.F.,.F.,(7,
    5,7),(0.,0.5,1.),.UNSPECIFIED.);
#1429 = CARTESIAN_POINT('',(121.6,4.405286343612E-03));
#1430 = CARTESIAN_POINT('',(111.46355472772,4.405286343612E-03));
#1431 = CARTESIAN_POINT('',(101.32889977241,4.405286343612E-03));
#1432 = CARTESIAN_POINT('',(91.195682246941,4.405286343612E-03));
#1433 = CARTESIAN_POINT('',(81.063457530947,4.405286343612E-03));
#1434 = CARTESIAN_POINT('',(70.931728704292,4.405286343612E-03));
#1435 = CARTESIAN_POINT('',(50.668271295705,4.405286343612E-03));
#1436 = CARTESIAN_POINT('',(40.536542469068,4.405286343612E-03));
#1437 = CARTESIAN_POINT('',(30.404317753032,4.405286343613E-03));
#1438 = CARTESIAN_POINT('',(20.27110022761,4.405286343612E-03));
#1439 = CARTESIAN_POINT('',(10.13644527227,4.405286343612E-03));
#1440 = CARTESIAN_POINT('',(0.,4.405286343612E-03));
#1441 = ( GEOMETRIC_REPRESENTATION_CONTEXT(2) 
PARAMETRIC_REPRESENTATION_CONTEXT() REPRESENTATION_CONTEXT('2D SPACE',''
  ) );
#1442 = PCURVE('',#1443,#1448);
#1443 = PLANE('',#1444);
#1444 = AXIS2_PLACEMENT_3D('',#1445,#1446,#1447);
#1445 = CARTESIAN_POINT('',(-73.,-73.,167.6));
#1446 = DIRECTION('',(0.,0.,1.));
#1447 = DIRECTION('',(1.,0.,0.));
#1448 = DEFINITIONAL_REPRESENTATION('',(#1449),#1462);
#1449 = B_SPLINE_CURVE_WITH_KNOTS('',6,(#1450,#1451,#1452,#1453,#1454,
    #1455,#1456,#1457,#1458,#1459,#1460,#1461),.UNSPECIFIED.,.F.,.F.,(7,
    5,7),(0.,0.5,1.),.UNSPECIFIED.);
#1450 = CARTESIAN_POINT('',(12.29340097028,133.70659902972));
#1451 = CARTESIAN_POINT('',(22.408033511114,133.7294402422));
#1452 = CARTESIAN_POINT('',(32.524468529664,133.74868840935));
#1453 = CARTESIAN_POINT('',(42.642351200065,133.76364193259));
#1454 = CARTESIAN_POINT('',(52.761234207701,133.77378376463));
#1455 = CARTESIAN_POINT('',(62.880617139865,133.77885462553));
#1456 = CARTESIAN_POINT('',(83.119382860138,133.77885462553));
#1457 = CARTESIAN_POINT('',(93.238765792286,133.77378376463));
#1458 = CARTESIAN_POINT('',(103.35764879996,133.76364193259));
#1459 = CARTESIAN_POINT('',(113.47553147031,133.74868840935));
#1460 = CARTESIAN_POINT('',(123.59196648889,133.7294402422));
#1461 = CARTESIAN_POINT('',(133.70659902972,133.70659902972));
#1462 = ( GEOMETRIC_REPRESENTATION_CONTEXT(2) 
PARAMETRIC_REPRESENTATION_CONTEXT() REPRESENTATION_CONTEXT('2D SPACE',''
  ) );
#1463 = ORIENTED_EDGE('',*,*,#1464,.T.);
#1464 = EDGE_CURVE('',#1410,#1465,#1467,.T.);
#1465 = VERTEX_POINT('',#1466);
#1466 = CARTESIAN_POINT('',(-39.69138071672,39.691380716727,212.6));
#1467 = SURFACE_CURVE('',#1468,(#1471,#1478),.PCURVE_S1.);
#1468 = B_SPLINE_CURVE_WITH_KNOTS('',1,(#1469,#1470),.UNSPECIFIED.,.F.,
  .F.,(2,2),(0.,1.),.PIECEWISE_BEZIER_KNOTS.);
#1469 = CARTESIAN_POINT('',(-60.8,60.8,167.4));
#1470 = CARTESIAN_POINT('',(-39.59797974644,39.597979746447,212.8));
#1471 = PCURVE('',#1160,#1472);
#1472 = DEFINITIONAL_REPRESENTATION('',(#1473),#1477);
#1473 = LINE('',#1474,#1475);
#1474 = CARTESIAN_POINT('',(121.6,0.));
#1475 = VECTOR('',#1476,1.);
#1476 = DIRECTION('',(0.,1.));
#1477 = ( GEOMETRIC_REPRESENTATION_CONTEXT(2) 
PARAMETRIC_REPRESENTATION_CONTEXT() REPRESENTATION_CONTEXT('2D SPACE',''
  ) );
#1478 = PCURVE('',#1479,#1500);
#1479 = B_SPLINE_SURFACE_WITH_KNOTS('',9,1,(
    (#1480,#1481)
    ,(#1482,#1483)
    ,(#1484,#1485)
    ,(#1486,#1487)
    ,(#1488,#1489)
    ,(#1490,#1491)
    ,(#1492,#1493)
    ,(#1494,#1495)
    ,(#1496,#1497)
    ,(#1498,#1499
    )),.UNSPECIFIED.,.F.,.F.,.F.,(10,10),(2,2),(0.,121.6),(0.,1.),
  .PIECEWISE_BEZIER_KNOTS.);
#1480 = CARTESIAN_POINT('',(-60.8,60.8,167.4));
#1481 = CARTESIAN_POINT('',(-39.59797974644,39.597979746447,212.8));
#1482 = CARTESIAN_POINT('',(-60.8,47.288888888889,167.4));
#1483 = CARTESIAN_POINT('',(-46.50913098358,32.686828509311,
    212.79999999999));
#1484 = CARTESIAN_POINT('',(-60.8,33.777777777778,167.4));
#1485 = CARTESIAN_POINT('',(-52.06328105731,24.418675910692,212.8));
#1486 = CARTESIAN_POINT('',(-60.8,20.266666666667,167.4));
#1487 = CARTESIAN_POINT('',(-55.95591778446,15.098032234963,
    212.79999999998));
#1488 = CARTESIAN_POINT('',(-60.8,6.755555555556,167.4));
#1489 = CARTESIAN_POINT('',(-57.96225895529,5.109129120165,
    212.80000000001));
#1490 = CARTESIAN_POINT('',(-60.8,-6.755555555556,167.4));
#1491 = CARTESIAN_POINT('',(-57.96225895525,-5.109129120165,
    212.79999999998));
#1492 = CARTESIAN_POINT('',(-60.8,-20.26666666666,167.4));
#1493 = CARTESIAN_POINT('',(-55.95591778449,-15.09803223496,212.8));
#1494 = CARTESIAN_POINT('',(-60.8,-33.77777777777,167.4));
#1495 = CARTESIAN_POINT('',(-52.0632810573,-24.41867591069,
    212.79999999999));
#1496 = CARTESIAN_POINT('',(-60.8,-47.28888888888,167.4));
#1497 = CARTESIAN_POINT('',(-46.50913098358,-32.68682850931,212.8));
#1498 = CARTESIAN_POINT('',(-60.8,-60.8,167.4));
#1499 = CARTESIAN_POINT('',(-39.59797974644,-39.59797974644,212.8));
#1500 = DEFINITIONAL_REPRESENTATION('',(#1501),#1505);
#1501 = LINE('',#1502,#1503);
#1502 = CARTESIAN_POINT('',(0.,0.));
#1503 = VECTOR('',#1504,1.);
#1504 = DIRECTION('',(0.,1.));
#1505 = ( GEOMETRIC_REPRESENTATION_CONTEXT(2) 
PARAMETRIC_REPRESENTATION_CONTEXT() REPRESENTATION_CONTEXT('2D SPACE',''
  ) );
#1506 = ORIENTED_EDGE('',*,*,#1507,.T.);
#1507 = EDGE_CURVE('',#1465,#1371,#1508,.T.);
#1508 = SURFACE_CURVE('',#1509,(#1532,#1558),.PCURVE_S1.);
#1509 = B_SPLINE_CURVE_WITH_KNOTS('',6,(#1510,#1511,#1512,#1513,#1514,
    #1515,#1516,#1517,#1518,#1519,#1520,#1521,#1522,#1523,#1524,#1525,
    #1526,#1527,#1528,#1529,#1530,#1531),.UNSPECIFIED.,.F.,.F.,(7,5,5,5,
    7),(0.,0.250961419476,0.499999999751,0.750038608231,1.),
  .UNSPECIFIED.);
#1510 = CARTESIAN_POINT('',(-39.69138071672,39.691380716727,212.6));
#1511 = CARTESIAN_POINT('',(-37.07775013718,42.282596448107,212.6));
#1512 = CARTESIAN_POINT('',(-34.25999308726,44.669186004138,212.6));
#1513 = CARTESIAN_POINT('',(-31.25842031486,46.830987401898,212.6));
#1514 = CARTESIAN_POINT('',(-28.09582074896,48.750741593998,212.6));
#1515 = CARTESIAN_POINT('',(-24.79697043029,50.414224746165,212.6));
#1516 = CARTESIAN_POINT('',(-18.00577389523,53.196333258896,212.6));
#1517 = CARTESIAN_POINT('',(-14.51496949749,54.319090659372,212.6));
#1518 = CARTESIAN_POINT('',(-10.94172275745,55.168302361425,212.6));
#1519 = CARTESIAN_POINT('',(-7.313007100868,55.736871120572,212.6));
#1520 = CARTESIAN_POINT('',(-3.656467740763,56.02114537026,212.6));
#1521 = CARTESIAN_POINT('',(3.671150489387,56.02114537026,212.6));
#1522 = CARTESIAN_POINT('',(7.342374050765,55.734583496954,212.6));
#1523 = CARTESIAN_POINT('',(10.985436644659,55.161439001656,212.6));
#1524 = CARTESIAN_POINT('',(14.572359506243,54.305422923323,212.6));
#1525 = CARTESIAN_POINT('',(18.075849088393,53.173746473593,212.6));
#1526 = CARTESIAN_POINT('',(24.862675662484,50.381040435757,212.6));
#1527 = CARTESIAN_POINT('',(28.146215587148,48.720118767321,212.6));
#1528 = CARTESIAN_POINT('',(31.294294552606,46.805132992763,212.6));
#1529 = CARTESIAN_POINT('',(34.28244679671,44.650162034186,212.6));
#1530 = CARTESIAN_POINT('',(37.088164900141,42.272271003565,212.6));
#1531 = CARTESIAN_POINT('',(39.691380716727,39.691380716727,212.6));
#1532 = PCURVE('',#1160,#1533);
#1533 = DEFINITIONAL_REPRESENTATION('',(#1534),#1557);
#1534 = B_SPLINE_CURVE_WITH_KNOTS('',6,(#1535,#1536,#1537,#1538,#1539,
    #1540,#1541,#1542,#1543,#1544,#1545,#1546,#1547,#1548,#1549,#1550,
    #1551,#1552,#1553,#1554,#1555,#1556),.UNSPECIFIED.,.F.,.F.,(7,5,5,5,
    7),(0.,0.250961419476,0.499999999751,0.750038608231,1.),
  .UNSPECIFIED.);
#1535 = CARTESIAN_POINT('',(121.6,0.995594713656));
#1536 = CARTESIAN_POINT('',(116.51182946827,0.995594713656));
#1537 = CARTESIAN_POINT('',(111.42414834161,0.995594713656));
#1538 = CARTESIAN_POINT('',(106.33711961432,0.995594713656));
#1539 = CARTESIAN_POINT('',(101.25055639556,0.995594713656));
#1540 = CARTESIAN_POINT('',(96.164267787761,0.995594713656));
#1541 = CARTESIAN_POINT('',(86.031499580097,0.995594713656));
#1542 = CARTESIAN_POINT('',(80.984814735119,0.995594713656));
#1543 = CARTESIAN_POINT('',(75.938483475421,0.995594713656));
#1544 = CARTESIAN_POINT('',(70.892312522421,0.995594713656));
#1545 = CARTESIAN_POINT('',(65.846107254595,0.995594713656));
#1546 = CARTESIAN_POINT('',(55.733629822386,0.995594713656));
#1547 = CARTESIAN_POINT('',(50.667159650192,0.995594713656));
#1548 = CARTESIAN_POINT('',(45.600725140669,0.995594713656));
#1549 = CARTESIAN_POINT('',(40.534128389968,0.995594713656));
#1550 = CARTESIAN_POINT('',(35.4671728589,0.995594713656));
#1551 = CARTESIAN_POINT('',(25.33439198113,0.995594713656));
#1552 = CARTESIAN_POINT('',(20.268366494723,0.995594713656));
#1553 = CARTESIAN_POINT('',(15.202066316696,0.995594713656));
#1554 = CARTESIAN_POINT('',(10.135303798265,0.995594713656));
#1555 = CARTESIAN_POINT('',(5.067895252443,0.995594713656));
#1556 = CARTESIAN_POINT('',(0.,0.995594713656));
#1557 = ( GEOMETRIC_REPRESENTATION_CONTEXT(2) 
PARAMETRIC_REPRESENTATION_CONTEXT() REPRESENTATION_CONTEXT('2D SPACE',''
  ) );
#1558 = PCURVE('',#1559,#1564);
#1559 = PLANE('',#1560);
#1560 = AXIS2_PLACEMENT_3D('',#1561,#1562,#1563);
#1561 = CARTESIAN_POINT('',(-64.8,-64.8,212.6));
#1562 = DIRECTION('',(0.,0.,1.));
#1563 = DIRECTION('',(1.,0.,0.));
#1564 = DEFINITIONAL_REPRESENTATION('',(#1565),#1588);
#1565 = B_SPLINE_CURVE_WITH_KNOTS('',6,(#1566,#1567,#1568,#1569,#1570,
    #1571,#1572,#1573,#1574,#1575,#1576,#1577,#1578,#1579,#1580,#1581,
    #1582,#1583,#1584,#1585,#1586,#1587),.UNSPECIFIED.,.F.,.F.,(7,5,5,5,
    7),(0.,0.250961419476,0.499999999751,0.750038608231,1.),
  .UNSPECIFIED.);
#1566 = CARTESIAN_POINT('',(25.108619283273,104.49138071672));
#1567 = CARTESIAN_POINT('',(27.722249862811,107.0825964481));
#1568 = CARTESIAN_POINT('',(30.540006912737,109.46918600413));
#1569 = CARTESIAN_POINT('',(33.541579685134,111.63098740189));
#1570 = CARTESIAN_POINT('',(36.704179251034,113.55074159399));
#1571 = CARTESIAN_POINT('',(40.00302956971,115.21422474616));
#1572 = CARTESIAN_POINT('',(46.794226104761,117.99633325889));
#1573 = CARTESIAN_POINT('',(50.285030502505,119.11909065937));
#1574 = CARTESIAN_POINT('',(53.858277242549,119.96830236142));
#1575 = CARTESIAN_POINT('',(57.486992899132,120.53687112057));
#1576 = CARTESIAN_POINT('',(61.143532259237,120.82114537026));
#1577 = CARTESIAN_POINT('',(68.471150489387,120.82114537026));
#1578 = CARTESIAN_POINT('',(72.142374050765,120.53458349695));
#1579 = CARTESIAN_POINT('',(75.785436644659,119.96143900165));
#1580 = CARTESIAN_POINT('',(79.372359506243,119.10542292332));
#1581 = CARTESIAN_POINT('',(82.875849088393,117.97374647359));
#1582 = CARTESIAN_POINT('',(89.662675662484,115.18104043575));
#1583 = CARTESIAN_POINT('',(92.946215587148,113.52011876732));
#1584 = CARTESIAN_POINT('',(96.094294552606,111.60513299276));
#1585 = CARTESIAN_POINT('',(99.08244679671,109.45016203418));
#1586 = CARTESIAN_POINT('',(101.88816490014,107.07227100356));
#1587 = CARTESIAN_POINT('',(104.49138071672,104.49138071672));
#1588 = ( GEOMETRIC_REPRESENTATION_CONTEXT(2) 
PARAMETRIC_REPRESENTATION_CONTEXT() REPRESENTATION_CONTEXT('2D SPACE',''
  ) );
#1589 = FACE_BOUND('',#1590,.F.);
#1590 = EDGE_LOOP('',(#1591));
#1591 = ORIENTED_EDGE('',*,*,#851,.T.);
#1592 = ADVANCED_FACE('',(#1593,#1928),#1559,.F.);
#1593 = FACE_BOUND('',#1594,.F.);
#1594 = EDGE_LOOP('',(#1595,#1698,#1783,#1849,#1850));
#1595 = ORIENTED_EDGE('',*,*,#1596,.F.);
#1596 = EDGE_CURVE('',#1597,#1599,#1601,.T.);
#1597 = VERTEX_POINT('',#1598);
#1598 = CARTESIAN_POINT('',(39.691380716727,-39.69138071672,212.6));
#1599 = VERTEX_POINT('',#1600);
#1600 = CARTESIAN_POINT('',(-39.69138071672,-39.69138071672,212.6));
#1601 = SURFACE_CURVE('',#1602,(#1625,#1651),.PCURVE_S1.);
#1602 = B_SPLINE_CURVE_WITH_KNOTS('',6,(#1603,#1604,#1605,#1606,#1607,
    #1608,#1609,#1610,#1611,#1612,#1613,#1614,#1615,#1616,#1617,#1618,
    #1619,#1620,#1621,#1622,#1623,#1624),.UNSPECIFIED.,.F.,.F.,(7,5,5,5,
    7),(0.,0.250961419476,0.499999999751,0.750038608232,1.),
  .UNSPECIFIED.);
#1603 = CARTESIAN_POINT('',(39.691380716727,-39.69138071672,212.6));
#1604 = CARTESIAN_POINT('',(37.077750137192,-42.2825964481,212.6));
#1605 = CARTESIAN_POINT('',(34.259993087255,-44.66918600414,212.6));
#1606 = CARTESIAN_POINT('',(31.258420314877,-46.83098740189,212.6));
#1607 = CARTESIAN_POINT('',(28.095820748959,-48.750741594,212.6));
#1608 = CARTESIAN_POINT('',(24.796970430292,-50.41422474616,212.6));
#1609 = CARTESIAN_POINT('',(18.005773895242,-53.19633325889,212.6));
#1610 = CARTESIAN_POINT('',(14.514969497486,-54.31909065937,212.6));
#1611 = CARTESIAN_POINT('',(10.941722757462,-55.16830236142,212.6));
#1612 = CARTESIAN_POINT('',(7.313007100863,-55.73687112057,212.6));
#1613 = CARTESIAN_POINT('',(3.656467740763,-56.02114537026,212.6));
#1614 = CARTESIAN_POINT('',(-3.671150489384,-56.02114537026,212.6));
#1615 = CARTESIAN_POINT('',(-7.342374050777,-55.73458349695,212.6));
#1616 = CARTESIAN_POINT('',(-10.98543664463,-55.16143900165,212.6));
#1617 = CARTESIAN_POINT('',(-14.57235950625,-54.30542292332,212.6));
#1618 = CARTESIAN_POINT('',(-18.07584908838,-53.17374647359,212.6));
#1619 = CARTESIAN_POINT('',(-24.86267566248,-50.38104043575,212.6));
#1620 = CARTESIAN_POINT('',(-28.14621558715,-48.72011876731,212.6));
#1621 = CARTESIAN_POINT('',(-31.29429455259,-46.80513299276,212.6));
#1622 = CARTESIAN_POINT('',(-34.28244679671,-44.65016203418,212.6));
#1623 = CARTESIAN_POINT('',(-37.08816490014,-42.27227100356,212.6));
#1624 = CARTESIAN_POINT('',(-39.69138071672,-39.69138071672,212.6));
#1625 = PCURVE('',#1559,#1626);
#1626 = DEFINITIONAL_REPRESENTATION('',(#1627),#1650);
#1627 = B_SPLINE_CURVE_WITH_KNOTS('',6,(#1628,#1629,#1630,#1631,#1632,
    #1633,#1634,#1635,#1636,#1637,#1638,#1639,#1640,#1641,#1642,#1643,
    #1644,#1645,#1646,#1647,#1648,#1649),.UNSPECIFIED.,.F.,.F.,(7,5,5,5,
    7),(0.,0.250961419476,0.499999999751,0.750038608232,1.),
  .UNSPECIFIED.);
#1628 = CARTESIAN_POINT('',(104.49138071672,25.108619283273));
#1629 = CARTESIAN_POINT('',(101.87775013719,22.517403551896));
#1630 = CARTESIAN_POINT('',(99.059993087255,20.130813995856));
#1631 = CARTESIAN_POINT('',(96.058420314877,17.969012598109));
#1632 = CARTESIAN_POINT('',(92.895820748959,16.049258405999));
#1633 = CARTESIAN_POINT('',(89.596970430292,14.385775253836));
#1634 = CARTESIAN_POINT('',(82.805773895242,11.603666741105));
#1635 = CARTESIAN_POINT('',(79.314969497486,10.480909340625));
#1636 = CARTESIAN_POINT('',(75.741722757462,9.631697638578));
#1637 = CARTESIAN_POINT('',(72.113007100863,9.063128879427));
#1638 = CARTESIAN_POINT('',(68.456467740763,8.77885462974));
#1639 = CARTESIAN_POINT('',(61.128849510616,8.77885462974));
#1640 = CARTESIAN_POINT('',(57.457625949223,9.065416503047));
#1641 = CARTESIAN_POINT('',(53.814563355361,9.638560998341));
#1642 = CARTESIAN_POINT('',(50.227640493743,10.49457707668));
#1643 = CARTESIAN_POINT('',(46.724150911611,11.626253526406));
#1644 = CARTESIAN_POINT('',(39.937324337517,14.418959564243));
#1645 = CARTESIAN_POINT('',(36.653784412847,16.079881232681));
#1646 = CARTESIAN_POINT('',(33.505705447403,17.994867007234));
#1647 = CARTESIAN_POINT('',(30.517553203284,20.149837965817));
#1648 = CARTESIAN_POINT('',(27.71183509986,22.527728996433));
#1649 = CARTESIAN_POINT('',(25.108619283273,25.108619283273));
#1650 = ( GEOMETRIC_REPRESENTATION_CONTEXT(2) 
PARAMETRIC_REPRESENTATION_CONTEXT() REPRESENTATION_CONTEXT('2D SPACE',''
  ) );
#1651 = PCURVE('',#1652,#1673);
#1652 = B_SPLINE_SURFACE_WITH_KNOTS('',9,1,(
    (#1653,#1654)
    ,(#1655,#1656)
    ,(#1657,#1658)
    ,(#1659,#1660)
    ,(#1661,#1662)
    ,(#1663,#1664)
    ,(#1665,#1666)
    ,(#1667,#1668)
    ,(#1669,#1670)
    ,(#1671,#1672
    )),.UNSPECIFIED.,.F.,.F.,.F.,(10,10),(2,2),(0.,121.6),(0.,1.),
  .PIECEWISE_BEZIER_KNOTS.);
#1653 = CARTESIAN_POINT('',(-60.8,-60.8,167.4));
#1654 = CARTESIAN_POINT('',(-39.59797974644,-39.59797974644,212.8));
#1655 = CARTESIAN_POINT('',(-47.28888888888,-60.8,167.4));
#1656 = CARTESIAN_POINT('',(-32.68682850931,-46.50913098358,212.8));
#1657 = CARTESIAN_POINT('',(-33.77777777777,-60.8,167.4));
#1658 = CARTESIAN_POINT('',(-24.41867591069,-52.0632810573,212.8));
#1659 = CARTESIAN_POINT('',(-20.26666666666,-60.8,167.4));
#1660 = CARTESIAN_POINT('',(-15.09803223496,-55.95591778447,212.8));
#1661 = CARTESIAN_POINT('',(-6.755555555556,-60.8,167.4));
#1662 = CARTESIAN_POINT('',(-5.109129120162,-57.96225895527,
    212.79999999999));
#1663 = CARTESIAN_POINT('',(6.755555555556,-60.8,167.4));
#1664 = CARTESIAN_POINT('',(5.109129120162,-57.96225895527,212.8));
#1665 = CARTESIAN_POINT('',(20.266666666667,-60.8,167.4));
#1666 = CARTESIAN_POINT('',(15.098032234966,-55.95591778448,
    212.79999999999));
#1667 = CARTESIAN_POINT('',(33.777777777778,-60.8,167.4));
#1668 = CARTESIAN_POINT('',(24.41867591069,-52.0632810573,212.8));
#1669 = CARTESIAN_POINT('',(47.288888888889,-60.8,167.4));
#1670 = CARTESIAN_POINT('',(32.686828509311,-46.50913098358,212.8));
#1671 = CARTESIAN_POINT('',(60.8,-60.8,167.4));
#1672 = CARTESIAN_POINT('',(39.597979746447,-39.59797974644,212.8));
#1673 = DEFINITIONAL_REPRESENTATION('',(#1674),#1697);
#1674 = B_SPLINE_CURVE_WITH_KNOTS('',6,(#1675,#1676,#1677,#1678,#1679,
    #1680,#1681,#1682,#1683,#1684,#1685,#1686,#1687,#1688,#1689,#1690,
    #1691,#1692,#1693,#1694,#1695,#1696),.UNSPECIFIED.,.F.,.F.,(7,5,5,5,
    7),(0.,0.250961419476,0.499999999751,0.750038608232,1.),
  .UNSPECIFIED.);
#1675 = CARTESIAN_POINT('',(121.6,0.995594713656));
#1676 = CARTESIAN_POINT('',(116.51182946827,0.995594713656));
#1677 = CARTESIAN_POINT('',(111.42414834159,0.995594713656));
#1678 = CARTESIAN_POINT('',(106.33711961434,0.995594713656));
#1679 = CARTESIAN_POINT('',(101.25055639554,0.995594713656));
#1680 = CARTESIAN_POINT('',(96.164267787764,0.995594713656));
#1681 = CARTESIAN_POINT('',(86.031499580102,0.995594713656));
#1682 = CARTESIAN_POINT('',(80.984814735109,0.995594713656));
#1683 = CARTESIAN_POINT('',(75.938483475429,0.995594713656));
#1684 = CARTESIAN_POINT('',(70.892312522418,0.995594713656));
#1685 = CARTESIAN_POINT('',(65.846107254595,0.995594713656));
#1686 = CARTESIAN_POINT('',(55.733629822391,0.995594713656));
#1687 = CARTESIAN_POINT('',(50.667159650175,0.995594713656));
#1688 = CARTESIAN_POINT('',(45.600725140696,0.995594713656));
#1689 = CARTESIAN_POINT('',(40.534128389948,0.995594713656));
#1690 = CARTESIAN_POINT('',(35.467172858907,0.995594713656));
#1691 = CARTESIAN_POINT('',(25.334391981132,0.995594713656));
#1692 = CARTESIAN_POINT('',(20.268366494717,0.995594713656));
#1693 = CARTESIAN_POINT('',(15.202066316705,0.995594713656));
#1694 = CARTESIAN_POINT('',(10.135303798257,0.995594713656));
#1695 = CARTESIAN_POINT('',(5.067895252445,0.995594713656));
#1696 = CARTESIAN_POINT('',(0.,0.995594713656));
#1697 = ( GEOMETRIC_REPRESENTATION_CONTEXT(2) 
PARAMETRIC_REPRESENTATION_CONTEXT() REPRESENTATION_CONTEXT('2D SPACE',''
  ) );
#1698 = ORIENTED_EDGE('',*,*,#1699,.F.);
#1699 = EDGE_CURVE('',#1700,#1597,#1702,.T.);
#1700 = VERTEX_POINT('',#1701);
#1701 = CARTESIAN_POINT('',(56.021145374449,-1.411695038889E-14,212.6));
#1702 = SURFACE_CURVE('',#1703,(#1722,#1744),.PCURVE_S1.);
#1703 = B_SPLINE_CURVE_WITH_KNOTS('',5,(#1704,#1705,#1706,#1707,#1708,
    #1709,#1710,#1711,#1712,#1713,#1714,#1715,#1716,#1717,#1718,#1719,
    #1720,#1721),.UNSPECIFIED.,.F.,.F.,(6,4,4,4,6),(0.,0.250048530172,
    0.500077195783,0.750066891215,1.),.UNSPECIFIED.);
#1704 = CARTESIAN_POINT('',(56.021145374449,-1.42108547152E-14,212.6));
#1705 = CARTESIAN_POINT('',(56.021145374449,-2.202789054115,212.6));
#1706 = CARTESIAN_POINT('',(55.913674916958,-4.405581488056,212.6));
#1707 = CARTESIAN_POINT('',(55.698734125467,-6.601348428762,212.6));
#1708 = CARTESIAN_POINT('',(55.377008548573,-8.783083596138,212.6));
#1709 = CARTESIAN_POINT('',(54.522747947634,-13.10452550296,212.6));
#1710 = CARTESIAN_POINT('',(53.990228355306,-15.24424221727,212.6));
#1711 = CARTESIAN_POINT('',(53.353665276343,-17.3561455454,212.6));
#1712 = CARTESIAN_POINT('',(52.615089967637,-19.43349456728,212.6));
#1713 = CARTESIAN_POINT('',(50.939396234826,-23.50576090485,212.6));
#1714 = CARTESIAN_POINT('',(50.002306191525,-25.5006972953,212.6));
#1715 = CARTESIAN_POINT('',(48.968581818399,-27.44809577708,212.6));
#1716 = CARTESIAN_POINT('',(47.84152374648,-29.34173637647,212.6));
#1717 = CARTESIAN_POINT('',(45.408790517875,-33.0093627551,212.6));
#1718 = CARTESIAN_POINT('',(44.103152096166,-34.78338118787,212.6));
#1719 = CARTESIAN_POINT('',(42.711989027272,-36.49195443896,212.6));
#1720 = CARTESIAN_POINT('',(41.239747454561,-38.1296201094,212.6));
#1721 = CARTESIAN_POINT('',(39.691380716727,-39.69138071672,212.6));
#1722 = PCURVE('',#1559,#1723);
#1723 = DEFINITIONAL_REPRESENTATION('',(#1724),#1743);
#1724 = B_SPLINE_CURVE_WITH_KNOTS('',5,(#1725,#1726,#1727,#1728,#1729,
    #1730,#1731,#1732,#1733,#1734,#1735,#1736,#1737,#1738,#1739,#1740,
    #1741,#1742),.UNSPECIFIED.,.F.,.F.,(6,4,4,4,6),(0.,0.250048530172,
    0.500077195783,0.750066891215,1.),.UNSPECIFIED.);
#1725 = CARTESIAN_POINT('',(120.82114537444,64.8));
#1726 = CARTESIAN_POINT('',(120.82114537444,62.597210945885));
#1727 = CARTESIAN_POINT('',(120.71367491695,60.394418511944));
#1728 = CARTESIAN_POINT('',(120.49873412546,58.198651571238));
#1729 = CARTESIAN_POINT('',(120.17700854857,56.016916403862));
#1730 = CARTESIAN_POINT('',(119.32274794763,51.695474497038));
#1731 = CARTESIAN_POINT('',(118.7902283553,49.555757782727));
#1732 = CARTESIAN_POINT('',(118.15366527634,47.443854454594));
#1733 = CARTESIAN_POINT('',(117.41508996763,45.366505432713));
#1734 = CARTESIAN_POINT('',(115.73939623482,41.294239095147));
#1735 = CARTESIAN_POINT('',(114.80230619152,39.299302704694));
#1736 = CARTESIAN_POINT('',(113.76858181839,37.351904222917));
#1737 = CARTESIAN_POINT('',(112.64152374648,35.458263623526));
#1738 = CARTESIAN_POINT('',(110.20879051787,31.7906372449));
#1739 = CARTESIAN_POINT('',(108.90315209616,30.016618812124));
#1740 = CARTESIAN_POINT('',(107.51198902727,28.308045561038));
#1741 = CARTESIAN_POINT('',(106.03974745456,26.670379890596));
#1742 = CARTESIAN_POINT('',(104.49138071672,25.108619283273));
#1743 = ( GEOMETRIC_REPRESENTATION_CONTEXT(2) 
PARAMETRIC_REPRESENTATION_CONTEXT() REPRESENTATION_CONTEXT('2D SPACE',''
  ) );
#1744 = PCURVE('',#1745,#1762);
#1745 = B_SPLINE_SURFACE_WITH_KNOTS('',7,1,(
    (#1746,#1747)
    ,(#1748,#1749)
    ,(#1750,#1751)
    ,(#1752,#1753)
    ,(#1754,#1755)
    ,(#1756,#1757)
    ,(#1758,#1759)
    ,(#1760,#1761
    )),.UNSPECIFIED.,.F.,.F.,.F.,(8,8),(2,2),(0.,60.8),(0.,1.),
  .PIECEWISE_BEZIER_KNOTS.);
#1746 = CARTESIAN_POINT('',(60.8,-60.8,167.4));
#1747 = CARTESIAN_POINT('',(39.597979746447,-39.59797974644,212.8));
#1748 = CARTESIAN_POINT('',(60.8,-52.11428571428,167.4));
#1749 = CARTESIAN_POINT('',(44.040862684605,-35.15509680828,212.8));
#1750 = CARTESIAN_POINT('',(60.8,-43.42857142857,167.4));
#1751 = CARTESIAN_POINT('',(47.902173272498,-30.13064170206,212.8));
#1752 = CARTESIAN_POINT('',(60.8,-34.74285714285,167.4));
#1753 = CARTESIAN_POINT('',(51.090560861995,-24.6159686969,
    212.79999999999));
#1754 = CARTESIAN_POINT('',(60.8,-26.05714285714,167.4));
#1755 = CARTESIAN_POINT('',(53.532600431196,-18.72036364908,212.8));
#1756 = CARTESIAN_POINT('',(60.8,-17.37142857142,167.4));
#1757 = CARTESIAN_POINT('',(55.177532623587,-12.56637048552,212.8));
#1758 = CARTESIAN_POINT('',(60.8,-8.685714285714,167.4));
#1759 = CARTESIAN_POINT('',(56.,-6.28318530718,212.8));
#1760 = CARTESIAN_POINT('',(60.8,7.105427357601E-15,167.4));
#1761 = CARTESIAN_POINT('',(56.,-1.42108547152E-14,212.8));
#1762 = DEFINITIONAL_REPRESENTATION('',(#1763),#1782);
#1763 = B_SPLINE_CURVE_WITH_KNOTS('',5,(#1764,#1765,#1766,#1767,#1768,
    #1769,#1770,#1771,#1772,#1773,#1774,#1775,#1776,#1777,#1778,#1779,
    #1780,#1781),.UNSPECIFIED.,.F.,.F.,(6,4,4,4,6),(0.,0.250048530172,
    0.500077195783,0.750066891215,1.),.UNSPECIFIED.);
#1764 = CARTESIAN_POINT('',(60.8,0.995594713656));
#1765 = CARTESIAN_POINT('',(57.76004159916,0.995594713656));
#1766 = CARTESIAN_POINT('',(54.720078507494,0.995594713656));
#1767 = CARTESIAN_POINT('',(51.680103961693,0.995594713656));
#1768 = CARTESIAN_POINT('',(48.640079929814,0.995594713656));
#1769 = CARTESIAN_POINT('',(42.560161582725,0.995594713656));
#1770 = CARTESIAN_POINT('',(39.520257909291,0.995594713656));
#1771 = CARTESIAN_POINT('',(36.480282600805,0.995594713656));
#1772 = CARTESIAN_POINT('',(33.440198389555,0.995594713656));
#1773 = CARTESIAN_POINT('',(27.36027546441,0.995594713656));
#1774 = CARTESIAN_POINT('',(24.320427404416,0.995594713656));
#1775 = CARTESIAN_POINT('',(21.280450608816,0.995594713656));
#1776 = CARTESIAN_POINT('',(18.240309278874,0.995594713656));
#1777 = CARTESIAN_POINT('',(12.160378913125,0.995594713656));
#1778 = CARTESIAN_POINT('',(9.120580553759,0.995594713656));
#1779 = CARTESIAN_POINT('',(6.080601599698,0.995594713656));
#1780 = CARTESIAN_POINT('',(3.040408373703,0.995594713656));
#1781 = CARTESIAN_POINT('',(0.,0.995594713656));
#1782 = ( GEOMETRIC_REPRESENTATION_CONTEXT(2) 
PARAMETRIC_REPRESENTATION_CONTEXT() REPRESENTATION_CONTEXT('2D SPACE',''
  ) );
#1783 = ORIENTED_EDGE('',*,*,#1784,.F.);
#1784 = EDGE_CURVE('',#1371,#1700,#1785,.T.);
#1785 = SURFACE_CURVE('',#1786,(#1805,#1827),.PCURVE_S1.);
#1786 = B_SPLINE_CURVE_WITH_KNOTS('',5,(#1787,#1788,#1789,#1790,#1791,
    #1792,#1793,#1794,#1795,#1796,#1797,#1798,#1799,#1800,#1801,#1802,
    #1803,#1804),.UNSPECIFIED.,.F.,.F.,(6,4,4,4,6),(0.,0.250932964577,
    0.500922852219,0.750951636111,1.),.UNSPECIFIED.);
#1787 = CARTESIAN_POINT('',(39.691380716727,39.691380716727,212.6));
#1788 = CARTESIAN_POINT('',(41.245941685744,38.123372296133,212.6));
#1789 = CARTESIAN_POINT('',(42.723767222591,36.4788502519,212.6));
#1790 = CARTESIAN_POINT('',(44.119844246902,34.762872340392,212.6));
#1791 = CARTESIAN_POINT('',(45.429675109276,32.980968658396,212.6));
#1792 = CARTESIAN_POINT('',(47.864406595667,29.304095519418,212.6));
#1793 = CARTESIAN_POINT('',(48.989987513826,27.409570459641,212.6));
#1794 = CARTESIAN_POINT('',(50.022192627609,25.461360708395,212.6));
#1795 = CARTESIAN_POINT('',(50.957726167295,23.465688810196,212.6));
#1796 = CARTESIAN_POINT('',(52.630242062653,19.392107650004,212.6));
#1797 = CARTESIAN_POINT('',(53.367196081373,17.314179359787,212.6));
#1798 = CARTESIAN_POINT('',(54.002110828012,15.201776736244,212.6));
#1799 = CARTESIAN_POINT('',(54.532960309305,13.061642279661,212.6));
#1800 = CARTESIAN_POINT('',(55.382145766398,8.748175438781,212.6));
#1801 = CARTESIAN_POINT('',(55.70130818985,6.57499957875,212.6));
#1802 = CARTESIAN_POINT('',(55.91453293886,4.387959598891,212.6));
#1803 = CARTESIAN_POINT('',(56.021145374449,2.193978143065,212.6));
#1804 = CARTESIAN_POINT('',(56.021145374449,0.,212.6));
#1805 = PCURVE('',#1559,#1806);
#1806 = DEFINITIONAL_REPRESENTATION('',(#1807),#1826);
#1807 = B_SPLINE_CURVE_WITH_KNOTS('',5,(#1808,#1809,#1810,#1811,#1812,
    #1813,#1814,#1815,#1816,#1817,#1818,#1819,#1820,#1821,#1822,#1823,
    #1824,#1825),.UNSPECIFIED.,.F.,.F.,(6,4,4,4,6),(0.,0.250932964577,
    0.500922852219,0.750951636111,1.),.UNSPECIFIED.);
#1808 = CARTESIAN_POINT('',(104.49138071672,104.49138071672));
#1809 = CARTESIAN_POINT('',(106.04594168574,102.92337229613));
#1810 = CARTESIAN_POINT('',(107.52376722259,101.2788502519));
#1811 = CARTESIAN_POINT('',(108.9198442469,99.562872340392));
#1812 = CARTESIAN_POINT('',(110.22967510927,97.780968658396));
#1813 = CARTESIAN_POINT('',(112.66440659566,94.104095519418));
#1814 = CARTESIAN_POINT('',(113.78998751382,92.209570459641));
#1815 = CARTESIAN_POINT('',(114.8221926276,90.261360708395));
#1816 = CARTESIAN_POINT('',(115.75772616729,88.265688810196));
#1817 = CARTESIAN_POINT('',(117.43024206265,84.192107650004));
#1818 = CARTESIAN_POINT('',(118.16719608137,82.114179359787));
#1819 = CARTESIAN_POINT('',(118.80211082801,80.001776736244));
#1820 = CARTESIAN_POINT('',(119.3329603093,77.861642279661));
#1821 = CARTESIAN_POINT('',(120.18214576639,73.548175438781));
#1822 = CARTESIAN_POINT('',(120.50130818985,71.37499957875));
#1823 = CARTESIAN_POINT('',(120.71453293886,69.187959598891));
#1824 = CARTESIAN_POINT('',(120.82114537444,66.993978143065));
#1825 = CARTESIAN_POINT('',(120.82114537444,64.8));
#1826 = ( GEOMETRIC_REPRESENTATION_CONTEXT(2) 
PARAMETRIC_REPRESENTATION_CONTEXT() REPRESENTATION_CONTEXT('2D SPACE',''
  ) );
#1827 = PCURVE('',#1385,#1828);
#1828 = DEFINITIONAL_REPRESENTATION('',(#1829),#1848);
#1829 = B_SPLINE_CURVE_WITH_KNOTS('',5,(#1830,#1831,#1832,#1833,#1834,
    #1835,#1836,#1837,#1838,#1839,#1840,#1841,#1842,#1843,#1844,#1845,
    #1846,#1847),.UNSPECIFIED.,.F.,.F.,(6,4,4,4,6),(0.,0.250932964577,
    0.500922852219,0.750951636111,1.),.UNSPECIFIED.);
#1830 = CARTESIAN_POINT('',(121.6,0.995594713656));
#1831 = CARTESIAN_POINT('',(118.54742849214,0.995594713656));
#1832 = CARTESIAN_POINT('',(115.49507380012,0.995594713656));
#1833 = CARTESIAN_POINT('',(112.44293514713,0.995594713656));
#1834 = CARTESIAN_POINT('',(109.39097830069,0.995594713656));
#1835 = CARTESIAN_POINT('',(103.29889114386,0.995594713656));
#1836 = CARTESIAN_POINT('',(100.25875003337,0.995594713656));
#1837 = CARTESIAN_POINT('',(97.218773245116,0.995594713656));
#1838 = CARTESIAN_POINT('',(94.178924973116,0.995594713656));
#1839 = CARTESIAN_POINT('',(88.099002072133,0.995594713656));
#1840 = CARTESIAN_POINT('',(85.058918096985,0.995594713656));
#1841 = CARTESIAN_POINT('',(82.018942792999,0.995594713656));
#1842 = CARTESIAN_POINT('',(78.979038888027,0.995594713656));
#1843 = CARTESIAN_POINT('',(72.911281014987,0.995594713656));
#1844 = CARTESIAN_POINT('',(69.883417299549,0.995594713656));
#1845 = CARTESIAN_POINT('',(66.855602409146,0.995594713656));
#1846 = CARTESIAN_POINT('',(63.827798905579,0.995594713656));
#1847 = CARTESIAN_POINT('',(60.8,0.995594713656));
#1848 = ( GEOMETRIC_REPRESENTATION_CONTEXT(2) 
PARAMETRIC_REPRESENTATION_CONTEXT() REPRESENTATION_CONTEXT('2D SPACE',''
  ) );
#1849 = ORIENTED_EDGE('',*,*,#1507,.F.);
#1850 = ORIENTED_EDGE('',*,*,#1851,.F.);
#1851 = EDGE_CURVE('',#1599,#1465,#1852,.T.);
#1852 = SURFACE_CURVE('',#1853,(#1876,#1902),.PCURVE_S1.);
#1853 = B_SPLINE_CURVE_WITH_KNOTS('',6,(#1854,#1855,#1856,#1857,#1858,
    #1859,#1860,#1861,#1862,#1863,#1864,#1865,#1866,#1867,#1868,#1869,
    #1870,#1871,#1872,#1873,#1874,#1875),.UNSPECIFIED.,.F.,.F.,(7,5,5,5,
    7),(0.,0.251961448086,0.501000185173,0.750038607857,1.),
  .UNSPECIFIED.);
#1854 = CARTESIAN_POINT('',(-39.69138071672,-39.69138071672,212.6));
#1855 = CARTESIAN_POINT('',(-42.29292190106,-37.06733536574,212.6));
#1856 = CARTESIAN_POINT('',(-44.68820350617,-34.2375328619,212.6));
#1857 = CARTESIAN_POINT('',(-46.85682042875,-31.22252851153,212.6));
#1858 = CARTESIAN_POINT('',(-48.78131832866,-28.04539517116,212.6));
#1859 = CARTESIAN_POINT('',(-50.44732770589,-24.73122186723,212.6));
#1860 = CARTESIAN_POINT('',(-53.22437590644,-17.9220783723,212.6));
#1861 = CARTESIAN_POINT('',(-54.34168330454,-14.42951604537,212.6));
#1862 = CARTESIAN_POINT('',(-55.18531628861,-10.85494031807,212.6));
#1863 = CARTESIAN_POINT('',(-55.74821973823,-7.225335619556,212.6));
#1864 = CARTESIAN_POINT('',(-56.02678523658,-3.568352833638,212.6));
#1865 = CARTESIAN_POINT('',(-56.0153679454,3.744573681241,212.6));
#1866 = CARTESIAN_POINT('',(-55.72538565001,7.400660649821,212.6));
#1867 = CARTESIAN_POINT('',(-55.15115298526,11.028478367561,212.6));
#1868 = CARTESIAN_POINT('',(-54.29636465866,14.600387359333,212.6));
#1869 = CARTESIAN_POINT('',(-53.16816002169,18.089425268518,212.6));
#1870 = CARTESIAN_POINT('',(-50.38104043575,24.862675662484,212.6));
#1871 = CARTESIAN_POINT('',(-48.72011876732,28.146215587151,212.6));
#1872 = CARTESIAN_POINT('',(-46.80513299276,31.294294552602,212.6));
#1873 = CARTESIAN_POINT('',(-44.65016203418,34.282446796712,212.6));
#1874 = CARTESIAN_POINT('',(-42.27227100356,37.08816490014,212.6));
#1875 = CARTESIAN_POINT('',(-39.69138071672,39.691380716727,212.6));
#1876 = PCURVE('',#1559,#1877);
#1877 = DEFINITIONAL_REPRESENTATION('',(#1878),#1901);
#1878 = B_SPLINE_CURVE_WITH_KNOTS('',6,(#1879,#1880,#1881,#1882,#1883,
    #1884,#1885,#1886,#1887,#1888,#1889,#1890,#1891,#1892,#1893,#1894,
    #1895,#1896,#1897,#1898,#1899,#1900),.UNSPECIFIED.,.F.,.F.,(7,5,5,5,
    7),(0.,0.251961448086,0.501000185173,0.750038607857,1.),
  .UNSPECIFIED.);
#1879 = CARTESIAN_POINT('',(25.108619283273,25.108619283273));
#1880 = CARTESIAN_POINT('',(22.507078098931,27.732664634256));
#1881 = CARTESIAN_POINT('',(20.111796493825,30.562467138099));
#1882 = CARTESIAN_POINT('',(17.943179571245,33.577471488467));
#1883 = CARTESIAN_POINT('',(16.018681671333,36.754604828835));
#1884 = CARTESIAN_POINT('',(14.352672294104,40.068778132765));
#1885 = CARTESIAN_POINT('',(11.575624093555,46.877921627694));
#1886 = CARTESIAN_POINT('',(10.458316695451,50.37048395463));
#1887 = CARTESIAN_POINT('',(9.614683711381,53.945059681924));
#1888 = CARTESIAN_POINT('',(9.051780261765,57.574664380444));
#1889 = CARTESIAN_POINT('',(8.773214763411,61.231647166362));
#1890 = CARTESIAN_POINT('',(8.784632054595,68.544573681241));
#1891 = CARTESIAN_POINT('',(9.074614349988,72.200660649821));
#1892 = CARTESIAN_POINT('',(9.648847014737,75.828478367561));
#1893 = CARTESIAN_POINT('',(10.503635341338,79.400387359333));
#1894 = CARTESIAN_POINT('',(11.631839978307,82.889425268518));
#1895 = CARTESIAN_POINT('',(14.418959564243,89.662675662484));
#1896 = CARTESIAN_POINT('',(16.07988123268,92.946215587151));
#1897 = CARTESIAN_POINT('',(17.994867007236,96.094294552602));
#1898 = CARTESIAN_POINT('',(20.149837965815,99.082446796712));
#1899 = CARTESIAN_POINT('',(22.527728996435,101.88816490014));
#1900 = CARTESIAN_POINT('',(25.108619283273,104.49138071672));
#1901 = ( GEOMETRIC_REPRESENTATION_CONTEXT(2) 
PARAMETRIC_REPRESENTATION_CONTEXT() REPRESENTATION_CONTEXT('2D SPACE',''
  ) );
#1902 = PCURVE('',#1479,#1903);
#1903 = DEFINITIONAL_REPRESENTATION('',(#1904),#1927);
#1904 = B_SPLINE_CURVE_WITH_KNOTS('',6,(#1905,#1906,#1907,#1908,#1909,
    #1910,#1911,#1912,#1913,#1914,#1915,#1916,#1917,#1918,#1919,#1920,
    #1921,#1922,#1923,#1924,#1925,#1926),.UNSPECIFIED.,.F.,.F.,(7,5,5,5,
    7),(0.,0.251961448086,0.501000185173,0.750038607857,1.),
  .UNSPECIFIED.);
#1905 = CARTESIAN_POINT('',(121.6,0.995594713656));
#1906 = CARTESIAN_POINT('',(116.49155417245,0.995594713656));
#1907 = CARTESIAN_POINT('',(111.38360043514,0.995594713656));
#1908 = CARTESIAN_POINT('',(106.27630552048,0.995594713656));
#1909 = CARTESIAN_POINT('',(101.16947928821,0.995594713656));
#1910 = CARTESIAN_POINT('',(96.062927546634,0.995594713656));
#1911 = CARTESIAN_POINT('',(85.909902685842,0.995594713656));
#1912 = CARTESIAN_POINT('',(80.863219751211,0.995594713656));
#1913 = CARTESIAN_POINT('',(75.816889158873,0.995594713656));
#1914 = CARTESIAN_POINT('',(70.770717601621,0.995594713656));
#1915 = CARTESIAN_POINT('',(65.724510440185,0.995594713656));
#1916 = CARTESIAN_POINT('',(55.63229593034,0.995594713656));
#1917 = CARTESIAN_POINT('',(50.586092555505,0.995594713656));
#1918 = CARTESIAN_POINT('',(45.53992220624,0.995594713656));
#1919 = CARTESIAN_POINT('',(40.493590279207,0.995594713656));
#1920 = CARTESIAN_POINT('',(35.44690352435,0.995594713656));
#1921 = CARTESIAN_POINT('',(25.334391981131,0.995594713656));
#1922 = CARTESIAN_POINT('',(20.26836649472,0.995594713656));
#1923 = CARTESIAN_POINT('',(15.2020663167,0.995594713656));
#1924 = CARTESIAN_POINT('',(10.135303798261,0.995594713656));
#1925 = CARTESIAN_POINT('',(5.067895252444,0.995594713656));
#1926 = CARTESIAN_POINT('',(0.,0.995594713656));
#1927 = ( GEOMETRIC_REPRESENTATION_CONTEXT(2) 
PARAMETRIC_REPRESENTATION_CONTEXT() REPRESENTATION_CONTEXT('2D SPACE',''
  ) );
#1928 = FACE_BOUND('',#1929,.F.);
#1929 = EDGE_LOOP('',(#1930));
#1930 = ORIENTED_EDGE('',*,*,#1931,.F.);
#1931 = EDGE_CURVE('',#1932,#1932,#1934,.T.);
#1932 = VERTEX_POINT('',#1933);
#1933 = CARTESIAN_POINT('',(56.,0.,212.6));
#1934 = SURFACE_CURVE('',#1935,(#1940,#1947),.PCURVE_S1.);
#1935 = CIRCLE('',#1936,56.);
#1936 = AXIS2_PLACEMENT_3D('',#1937,#1938,#1939);
#1937 = CARTESIAN_POINT('',(0.,0.,212.6));
#1938 = DIRECTION('',(0.,0.,1.));
#1939 = DIRECTION('',(1.,0.,0.));
#1940 = PCURVE('',#1559,#1941);
#1941 = DEFINITIONAL_REPRESENTATION('',(#1942),#1946);
#1942 = CIRCLE('',#1943,56.);
#1943 = AXIS2_PLACEMENT_2D('',#1944,#1945);
#1944 = CARTESIAN_POINT('',(64.8,64.8));
#1945 = DIRECTION('',(1.,0.));
#1946 = ( GEOMETRIC_REPRESENTATION_CONTEXT(2) 
PARAMETRIC_REPRESENTATION_CONTEXT() REPRESENTATION_CONTEXT('2D SPACE',''
  ) );
#1947 = PCURVE('',#1948,#1953);
#1948 = CYLINDRICAL_SURFACE('',#1949,56.);
#1949 = AXIS2_PLACEMENT_3D('',#1950,#1951,#1952);
#1950 = CARTESIAN_POINT('',(0.,0.,212.6));
#1951 = DIRECTION('',(-0.,-0.,-1.));
#1952 = DIRECTION('',(1.,0.,0.));
#1953 = DEFINITIONAL_REPRESENTATION('',(#1954),#1958);
#1954 = LINE('',#1955,#1956);
#1955 = CARTESIAN_POINT('',(-0.,0.));
#1956 = VECTOR('',#1957,1.);
#1957 = DIRECTION('',(-1.,0.));
#1958 = ( GEOMETRIC_REPRESENTATION_CONTEXT(2) 
PARAMETRIC_REPRESENTATION_CONTEXT() REPRESENTATION_CONTEXT('2D SPACE',''
  ) );
#1959 = ADVANCED_FACE('',(#1960),#1948,.F.);
#1960 = FACE_BOUND('',#1961,.T.);
#1961 = EDGE_LOOP('',(#1962,#1986,#2007,#2008));
#1962 = ORIENTED_EDGE('',*,*,#1963,.T.);
#1963 = EDGE_CURVE('',#1964,#1964,#1966,.T.);
#1964 = VERTEX_POINT('',#1965);
#1965 = CARTESIAN_POINT('',(56.,0.,216.6));
#1966 = SURFACE_CURVE('',#1967,(#1972,#1979),.PCURVE_S1.);
#1967 = CIRCLE('',#1968,56.);
#1968 = AXIS2_PLACEMENT_3D('',#1969,#1970,#1971);
#1969 = CARTESIAN_POINT('',(0.,0.,216.6));
#1970 = DIRECTION('',(0.,0.,1.));
#1971 = DIRECTION('',(1.,0.,0.));
#1972 = PCURVE('',#1948,#1973);
#1973 = DEFINITIONAL_REPRESENTATION('',(#1974),#1978);
#1974 = LINE('',#1975,#1976);
#1975 = CARTESIAN_POINT('',(-0.,-4.));
#1976 = VECTOR('',#1977,1.);
#1977 = DIRECTION('',(-1.,0.));
#1978 = ( GEOMETRIC_REPRESENTATION_CONTEXT(2) 
PARAMETRIC_REPRESENTATION_CONTEXT() REPRESENTATION_CONTEXT('2D SPACE',''
  ) );
#1979 = PCURVE('',#692,#1980);
#1980 = DEFINITIONAL_REPRESENTATION('',(#1981),#1985);
#1981 = CIRCLE('',#1982,56.);
#1982 = AXIS2_PLACEMENT_2D('',#1983,#1984);
#1983 = CARTESIAN_POINT('',(64.8,64.8));
#1984 = DIRECTION('',(1.,0.));
#1985 = ( GEOMETRIC_REPRESENTATION_CONTEXT(2) 
PARAMETRIC_REPRESENTATION_CONTEXT() REPRESENTATION_CONTEXT('2D SPACE',''
  ) );
#1986 = ORIENTED_EDGE('',*,*,#1987,.T.);
#1987 = EDGE_CURVE('',#1964,#1932,#1988,.T.);
#1988 = SEAM_CURVE('',#1989,(#1993,#2000),.PCURVE_S1.);
#1989 = LINE('',#1990,#1991);
#1990 = CARTESIAN_POINT('',(56.,0.,216.6));
#1991 = VECTOR('',#1992,1.);
#1992 = DIRECTION('',(0.,0.,-1.));
#1993 = PCURVE('',#1948,#1994);
#1994 = DEFINITIONAL_REPRESENTATION('',(#1995),#1999);
#1995 = LINE('',#1996,#1997);
#1996 = CARTESIAN_POINT('',(-6.28318530718,-4.));
#1997 = VECTOR('',#1998,1.);
#1998 = DIRECTION('',(0.,1.));
#1999 = ( GEOMETRIC_REPRESENTATION_CONTEXT(2) 
PARAMETRIC_REPRESENTATION_CONTEXT() REPRESENTATION_CONTEXT('2D SPACE',''
  ) );
#2000 = PCURVE('',#1948,#2001);
#2001 = DEFINITIONAL_REPRESENTATION('',(#2002),#2006);
#2002 = LINE('',#2003,#2004);
#2003 = CARTESIAN_POINT('',(-0.,-4.));
#2004 = VECTOR('',#2005,1.);
#2005 = DIRECTION('',(0.,1.));
#2006 = ( GEOMETRIC_REPRESENTATION_CONTEXT(2) 
PARAMETRIC_REPRESENTATION_CONTEXT() REPRESENTATION_CONTEXT('2D SPACE',''
  ) );
#2007 = ORIENTED_EDGE('',*,*,#1931,.F.);
#2008 = ORIENTED_EDGE('',*,*,#1987,.F.);
#2009 = ADVANCED_FACE('',(#2010),#1745,.F.);
#2010 = FACE_BOUND('',#2011,.F.);
#2011 = EDGE_LOOP('',(#2012,#2034,#2069,#2089));
#2012 = ORIENTED_EDGE('',*,*,#2013,.F.);
#2013 = EDGE_CURVE('',#2014,#1597,#2016,.T.);
#2014 = VERTEX_POINT('',#2015);
#2015 = CARTESIAN_POINT('',(60.70659902972,-60.70659902972,167.6));
#2016 = SURFACE_CURVE('',#2017,(#2020,#2027),.PCURVE_S1.);
#2017 = B_SPLINE_CURVE_WITH_KNOTS('',1,(#2018,#2019),.UNSPECIFIED.,.F.,
  .F.,(2,2),(0.,1.),.PIECEWISE_BEZIER_KNOTS.);
#2018 = CARTESIAN_POINT('',(60.8,-60.8,167.4));
#2019 = CARTESIAN_POINT('',(39.597979746447,-39.59797974644,212.8));
#2020 = PCURVE('',#1745,#2021);
#2021 = DEFINITIONAL_REPRESENTATION('',(#2022),#2026);
#2022 = LINE('',#2023,#2024);
#2023 = CARTESIAN_POINT('',(0.,0.));
#2024 = VECTOR('',#2025,1.);
#2025 = DIRECTION('',(0.,1.));
#2026 = ( GEOMETRIC_REPRESENTATION_CONTEXT(2) 
PARAMETRIC_REPRESENTATION_CONTEXT() REPRESENTATION_CONTEXT('2D SPACE',''
  ) );
#2027 = PCURVE('',#1652,#2028);
#2028 = DEFINITIONAL_REPRESENTATION('',(#2029),#2033);
#2029 = LINE('',#2030,#2031);
#2030 = CARTESIAN_POINT('',(121.6,0.));
#2031 = VECTOR('',#2032,1.);
#2032 = DIRECTION('',(0.,1.));
#2033 = ( GEOMETRIC_REPRESENTATION_CONTEXT(2) 
PARAMETRIC_REPRESENTATION_CONTEXT() REPRESENTATION_CONTEXT('2D SPACE',''
  ) );
#2034 = ORIENTED_EDGE('',*,*,#2035,.F.);
#2035 = EDGE_CURVE('',#2036,#2014,#2038,.T.);
#2036 = VERTEX_POINT('',#2037);
#2037 = CARTESIAN_POINT('',(60.778854625551,7.011523031289E-15,167.6));
#2038 = SURFACE_CURVE('',#2039,(#2047,#2058),.PCURVE_S1.);
#2039 = B_SPLINE_CURVE_WITH_KNOTS('',6,(#2040,#2041,#2042,#2043,#2044,
    #2045,#2046),.UNSPECIFIED.,.F.,.F.,(7,7),(0.,1.),
  .PIECEWISE_BEZIER_KNOTS.);
#2040 = CARTESIAN_POINT('',(60.778854625551,0.,167.6));
#2041 = CARTESIAN_POINT('',(60.778854625551,-10.11938286014,167.6));
#2042 = CARTESIAN_POINT('',(60.773783764442,-20.23876579227,167.6));
#2043 = CARTESIAN_POINT('',(60.763641932854,-30.35764879996,167.6));
#2044 = CARTESIAN_POINT('',(60.748688409246,-40.47553147031,167.6));
#2045 = CARTESIAN_POINT('',(60.729440242208,-50.59196648889,167.6));
#2046 = CARTESIAN_POINT('',(60.70659902972,-60.70659902972,167.6));
#2047 = PCURVE('',#1745,#2048);
#2048 = DEFINITIONAL_REPRESENTATION('',(#2049),#2057);
#2049 = B_SPLINE_CURVE_WITH_KNOTS('',6,(#2050,#2051,#2052,#2053,#2054,
    #2055,#2056),.UNSPECIFIED.,.F.,.F.,(7,7),(0.,1.),
  .PIECEWISE_BEZIER_KNOTS.);
#2050 = CARTESIAN_POINT('',(60.8,4.405286343612E-03));
#2051 = CARTESIAN_POINT('',(50.668271295703,4.405286343612E-03));
#2052 = CARTESIAN_POINT('',(40.536542469072,4.405286343612E-03));
#2053 = CARTESIAN_POINT('',(30.404317753027,4.405286343612E-03));
#2054 = CARTESIAN_POINT('',(20.271100227613,4.405286343612E-03));
#2055 = CARTESIAN_POINT('',(10.13644527227,4.405286343612E-03));
#2056 = CARTESIAN_POINT('',(0.,4.405286343612E-03));
#2057 = ( GEOMETRIC_REPRESENTATION_CONTEXT(2) 
PARAMETRIC_REPRESENTATION_CONTEXT() REPRESENTATION_CONTEXT('2D SPACE',''
  ) );
#2058 = PCURVE('',#1443,#2059);
#2059 = DEFINITIONAL_REPRESENTATION('',(#2060),#2068);
#2060 = B_SPLINE_CURVE_WITH_KNOTS('',6,(#2061,#2062,#2063,#2064,#2065,
    #2066,#2067),.UNSPECIFIED.,.F.,.F.,(7,7),(0.,1.),
  .PIECEWISE_BEZIER_KNOTS.);
#2061 = CARTESIAN_POINT('',(133.77885462555,73.));
#2062 = CARTESIAN_POINT('',(133.77885462555,62.880617139859));
#2063 = CARTESIAN_POINT('',(133.77378376444,52.761234207721));
#2064 = CARTESIAN_POINT('',(133.76364193285,42.642351200034));
#2065 = CARTESIAN_POINT('',(133.74868840924,32.524468529687));
#2066 = CARTESIAN_POINT('',(133.7294402422,22.408033511107));
#2067 = CARTESIAN_POINT('',(133.70659902972,12.29340097028));
#2068 = ( GEOMETRIC_REPRESENTATION_CONTEXT(2) 
PARAMETRIC_REPRESENTATION_CONTEXT() REPRESENTATION_CONTEXT('2D SPACE',''
  ) );
#2069 = ORIENTED_EDGE('',*,*,#2070,.T.);
#2070 = EDGE_CURVE('',#2036,#1700,#2071,.T.);
#2071 = SURFACE_CURVE('',#2072,(#2075,#2082),.PCURVE_S1.);
#2072 = B_SPLINE_CURVE_WITH_KNOTS('',1,(#2073,#2074),.UNSPECIFIED.,.F.,
  .F.,(2,2),(0.,1.),.PIECEWISE_BEZIER_KNOTS.);
#2073 = CARTESIAN_POINT('',(60.8,7.105427357601E-15,167.4));
#2074 = CARTESIAN_POINT('',(56.,-1.42108547152E-14,212.8));
#2075 = PCURVE('',#1745,#2076);
#2076 = DEFINITIONAL_REPRESENTATION('',(#2077),#2081);
#2077 = LINE('',#2078,#2079);
#2078 = CARTESIAN_POINT('',(60.8,0.));
#2079 = VECTOR('',#2080,1.);
#2080 = DIRECTION('',(0.,1.));
#2081 = ( GEOMETRIC_REPRESENTATION_CONTEXT(2) 
PARAMETRIC_REPRESENTATION_CONTEXT() REPRESENTATION_CONTEXT('2D SPACE',''
  ) );
#2082 = PCURVE('',#1385,#2083);
#2083 = DEFINITIONAL_REPRESENTATION('',(#2084),#2088);
#2084 = LINE('',#2085,#2086);
#2085 = CARTESIAN_POINT('',(60.8,0.));
#2086 = VECTOR('',#2087,1.);
#2087 = DIRECTION('',(0.,1.));
#2088 = ( GEOMETRIC_REPRESENTATION_CONTEXT(2) 
PARAMETRIC_REPRESENTATION_CONTEXT() REPRESENTATION_CONTEXT('2D SPACE',''
  ) );
#2089 = ORIENTED_EDGE('',*,*,#1699,.T.);
#2090 = ADVANCED_FACE('',(#2091,#2165),#1652,.F.);
#2091 = FACE_BOUND('',#2092,.F.);
#2092 = EDGE_LOOP('',(#2093,#2115,#2163,#2164));
#2093 = ORIENTED_EDGE('',*,*,#2094,.F.);
#2094 = EDGE_CURVE('',#2095,#1599,#2097,.T.);
#2095 = VERTEX_POINT('',#2096);
#2096 = CARTESIAN_POINT('',(-60.70659902972,-60.70659902972,167.6));
#2097 = SURFACE_CURVE('',#2098,(#2101,#2108),.PCURVE_S1.);
#2098 = B_SPLINE_CURVE_WITH_KNOTS('',1,(#2099,#2100),.UNSPECIFIED.,.F.,
  .F.,(2,2),(0.,1.),.PIECEWISE_BEZIER_KNOTS.);
#2099 = CARTESIAN_POINT('',(-60.8,-60.8,167.4));
#2100 = CARTESIAN_POINT('',(-39.59797974644,-39.59797974644,212.8));
#2101 = PCURVE('',#1652,#2102);
#2102 = DEFINITIONAL_REPRESENTATION('',(#2103),#2107);
#2103 = LINE('',#2104,#2105);
#2104 = CARTESIAN_POINT('',(0.,0.));
#2105 = VECTOR('',#2106,1.);
#2106 = DIRECTION('',(0.,1.));
#2107 = ( GEOMETRIC_REPRESENTATION_CONTEXT(2) 
PARAMETRIC_REPRESENTATION_CONTEXT() REPRESENTATION_CONTEXT('2D SPACE',''
  ) );
#2108 = PCURVE('',#1479,#2109);
#2109 = DEFINITIONAL_REPRESENTATION('',(#2110),#2114);
#2110 = LINE('',#2111,#2112);
#2111 = CARTESIAN_POINT('',(121.6,0.));
#2112 = VECTOR('',#2113,1.);
#2113 = DIRECTION('',(0.,1.));
#2114 = ( GEOMETRIC_REPRESENTATION_CONTEXT(2) 
PARAMETRIC_REPRESENTATION_CONTEXT() REPRESENTATION_CONTEXT('2D SPACE',''
  ) );
#2115 = ORIENTED_EDGE('',*,*,#2116,.F.);
#2116 = EDGE_CURVE('',#2014,#2095,#2117,.T.);
#2117 = SURFACE_CURVE('',#2118,(#2131,#2147),.PCURVE_S1.);
#2118 = B_SPLINE_CURVE_WITH_KNOTS('',6,(#2119,#2120,#2121,#2122,#2123,
    #2124,#2125,#2126,#2127,#2128,#2129,#2130),.UNSPECIFIED.,.F.,.F.,(7,
    5,7),(0.,0.5,1.),.UNSPECIFIED.);
#2119 = CARTESIAN_POINT('',(60.70659902972,-60.70659902972,167.6));
#2120 = CARTESIAN_POINT('',(50.591966488888,-60.7294402422,167.6));
#2121 = CARTESIAN_POINT('',(40.475531470329,-60.74868840935,167.6));
#2122 = CARTESIAN_POINT('',(30.357648799945,-60.76364193259,167.6));
#2123 = CARTESIAN_POINT('',(20.238765792293,-60.77378376463,167.6));
#2124 = CARTESIAN_POINT('',(10.119382860136,-60.77885462553,167.6));
#2125 = CARTESIAN_POINT('',(-10.11938286014,-60.77885462553,167.6));
#2126 = CARTESIAN_POINT('',(-20.23876579227,-60.77378376463,167.6));
#2127 = CARTESIAN_POINT('',(-30.35764879997,-60.76364193259,167.6));
#2128 = CARTESIAN_POINT('',(-40.4755314703,-60.74868840935,167.6));
#2129 = CARTESIAN_POINT('',(-50.59196648889,-60.7294402422,167.6));
#2130 = CARTESIAN_POINT('',(-60.70659902972,-60.70659902972,167.6));
#2131 = PCURVE('',#1652,#2132);
#2132 = DEFINITIONAL_REPRESENTATION('',(#2133),#2146);
#2133 = B_SPLINE_CURVE_WITH_KNOTS('',6,(#2134,#2135,#2136,#2137,#2138,
    #2139,#2140,#2141,#2142,#2143,#2144,#2145),.UNSPECIFIED.,.F.,.F.,(7,
    5,7),(0.,0.5,1.),.UNSPECIFIED.);
#2134 = CARTESIAN_POINT('',(121.6,4.405286343612E-03));
#2135 = CARTESIAN_POINT('',(111.46355472772,4.405286343612E-03));
#2136 = CARTESIAN_POINT('',(101.3288997724,4.405286343612E-03));
#2137 = CARTESIAN_POINT('',(91.195682246953,4.405286343612E-03));
#2138 = CARTESIAN_POINT('',(81.06345753094,4.405286343612E-03));
#2139 = CARTESIAN_POINT('',(70.931728704294,4.405286343612E-03));
#2140 = CARTESIAN_POINT('',(50.668271295702,4.405286343612E-03));
#2141 = CARTESIAN_POINT('',(40.536542469076,4.405286343612E-03));
#2142 = CARTESIAN_POINT('',(30.404317753022,4.405286343613E-03));
#2143 = CARTESIAN_POINT('',(20.271100227618,4.405286343612E-03));
#2144 = CARTESIAN_POINT('',(10.136445272267,4.405286343612E-03));
#2145 = CARTESIAN_POINT('',(0.,4.405286343612E-03));
#2146 = ( GEOMETRIC_REPRESENTATION_CONTEXT(2) 
PARAMETRIC_REPRESENTATION_CONTEXT() REPRESENTATION_CONTEXT('2D SPACE',''
  ) );
#2147 = PCURVE('',#1443,#2148);
#2148 = DEFINITIONAL_REPRESENTATION('',(#2149),#2162);
#2149 = B_SPLINE_CURVE_WITH_KNOTS('',6,(#2150,#2151,#2152,#2153,#2154,
    #2155,#2156,#2157,#2158,#2159,#2160,#2161),.UNSPECIFIED.,.F.,.F.,(7,
    5,7),(0.,0.5,1.),.UNSPECIFIED.);
#2150 = CARTESIAN_POINT('',(133.70659902972,12.29340097028));
#2151 = CARTESIAN_POINT('',(123.59196648888,12.270559757792));
#2152 = CARTESIAN_POINT('',(113.47553147032,12.251311590645));
#2153 = CARTESIAN_POINT('',(103.35764879994,12.236358067402));
#2154 = CARTESIAN_POINT('',(93.238765792293,12.226216235361));
#2155 = CARTESIAN_POINT('',(83.119382860136,12.221145374468));
#2156 = CARTESIAN_POINT('',(62.880617139859,12.221145374468));
#2157 = CARTESIAN_POINT('',(52.761234207723,12.226216235361));
#2158 = CARTESIAN_POINT('',(42.642351200029,12.236358067402));
#2159 = CARTESIAN_POINT('',(32.524468529692,12.251311590645));
#2160 = CARTESIAN_POINT('',(22.408033511105,12.270559757792));
#2161 = CARTESIAN_POINT('',(12.29340097028,12.29340097028));
#2162 = ( GEOMETRIC_REPRESENTATION_CONTEXT(2) 
PARAMETRIC_REPRESENTATION_CONTEXT() REPRESENTATION_CONTEXT('2D SPACE',''
  ) );
#2163 = ORIENTED_EDGE('',*,*,#2013,.T.);
#2164 = ORIENTED_EDGE('',*,*,#1596,.T.);
#2165 = FACE_BOUND('',#2166,.F.);
#2166 = EDGE_LOOP('',(#2167));
#2167 = ORIENTED_EDGE('',*,*,#2168,.F.);
#2168 = EDGE_CURVE('',#2169,#2169,#2171,.T.);
#2169 = VERTEX_POINT('',#2170);
#2170 = CARTESIAN_POINT('',(-9.797174393179E-16,-56.64493391706,206.7));
#2171 = SURFACE_CURVE('',#2172,(#2295,#2478),.PCURVE_S1.);
#2172 = B_SPLINE_CURVE_WITH_KNOTS('',7,(#2173,#2174,#2175,#2176,#2177,
    #2178,#2179,#2180,#2181,#2182,#2183,#2184,#2185,#2186,#2187,#2188,
    #2189,#2190,#2191,#2192,#2193,#2194,#2195,#2196,#2197,#2198,#2199,
    #2200,#2201,#2202,#2203,#2204,#2205,#2206,#2207,#2208,#2209,#2210,
    #2211,#2212,#2213,#2214,#2215,#2216,#2217,#2218,#2219,#2220,#2221,
    #2222,#2223,#2224,#2225,#2226,#2227,#2228,#2229,#2230,#2231,#2232,
    #2233,#2234,#2235,#2236,#2237,#2238,#2239,#2240,#2241,#2242,#2243,
    #2244,#2245,#2246,#2247,#2248,#2249,#2250,#2251,#2252,#2253,#2254,
    #2255,#2256,#2257,#2258,#2259,#2260,#2261,#2262,#2263,#2264,#2265,
    #2266,#2267,#2268,#2269,#2270,#2271,#2272,#2273,#2274,#2275,#2276,
    #2277,#2278,#2279,#2280,#2281,#2282,#2283,#2284,#2285,#2286,#2287,
    #2288,#2289,#2290,#2291,#2292,#2293,#2294),.UNSPECIFIED.,.T.,.F.,(8,
    6,6,6,6,6,6,6,6,6,6,6,6,6,6,6,6,6,6,6,8),(0.,0.222946840686,
    0.381016001606,0.482405180365,0.556398538149,0.663327236345,
    0.727066254031,0.815580837501,1.,1.172285602228,1.351698296719,
    1.580864252388,1.760174590174,1.869540082023,1.978415273987,
    2.050740236655,2.119863965741,2.229820154965,2.334706586857,
    2.516372417808,2.71321920178),.UNSPECIFIED.);
#2173 = CARTESIAN_POINT('',(-2.22044604925E-15,-56.64493391706,206.7));
#2174 = CARTESIAN_POINT('',(-0.239779575648,-56.64493391706,206.7));
#2175 = CARTESIAN_POINT('',(-0.479496395081,-56.64576884122,
    206.68323105952));
#2176 = CARTESIAN_POINT('',(-0.71879348764,-56.64743808264,
    206.64970742436));
#2177 = CARTESIAN_POINT('',(-0.957207769354,-56.6499877168,
    206.59915727354));
#2178 = CARTESIAN_POINT('',(-1.194169480475,-56.65350955236,
    206.53107305779));
#2179 = CARTESIAN_POINT('',(-1.429001685373,-56.65814386828,
    206.44472007654));
#2180 = CARTESIAN_POINT('',(-1.825298238494,-56.66834115368,
    206.26383888653));
#2181 = CARTESIAN_POINT('',(-1.988150297483,-56.67323955402,
    206.17903634919));
#2182 = CARTESIAN_POINT('',(-2.149185855178,-56.67888366791,
    206.08404360565));
#2183 = CARTESIAN_POINT('',(-2.30799487475,-56.68537008155,
    205.97834264874));
#2184 = CARTESIAN_POINT('',(-2.464024934703,-56.69281418829,
    205.86135700183));
#2185 = CARTESIAN_POINT('',(-2.616569798564,-56.70135566371,
    205.7324245961));
#2186 = CARTESIAN_POINT('',(-2.859778080768,-56.71746417609,
    205.49981501203));
#2187 = CARTESIAN_POINT('',(-2.952988689646,-56.72428058076,
    205.40368654017));
#2188 = CARTESIAN_POINT('',(-3.044136987694,-56.73166417853,
    205.30211167099));
#2189 = CARTESIAN_POINT('',(-3.132916645903,-56.73966417224,
    205.19488523192));
#2190 = CARTESIAN_POINT('',(-3.218951264006,-56.74833233585,
    205.08182057532));
#2191 = CARTESIAN_POINT('',(-3.301796812015,-56.75772193462,
    204.96275792648));
#2192 = CARTESIAN_POINT('',(-3.438705379029,-56.77530480426,
    204.74621315065));
#2193 = CARTESIAN_POINT('',(-3.494488652858,-56.78313478766,
    204.65160514124));
#2194 = CARTESIAN_POINT('',(-3.548093146486,-56.79139641544,
    204.55370980595));
#2195 = CARTESIAN_POINT('',(-3.599285657238,-56.80010804051,
    204.45251861991));
#2196 = CARTESIAN_POINT('',(-3.647808803795,-56.8092847231,
    204.34806366479));
#2197 = CARTESIAN_POINT('',(-3.693389303455,-56.81893640516,
    204.24042786266));
#2198 = CARTESIAN_POINT('',(-3.796956785376,-56.84370460779,
    203.96982081785));
#2199 = CARTESIAN_POINT('',(-3.851482191427,-56.8593522224,
    203.80342514757));
#2200 = CARTESIAN_POINT('',(-3.898380548767,-56.87600145075,
    203.63119058261));
#2201 = CARTESIAN_POINT('',(-3.936774795711,-56.89361351458,
    203.45397550448));
#2202 = CARTESIAN_POINT('',(-3.965910269923,-56.91210730676,
    203.27290265671));
#2203 = CARTESIAN_POINT('',(-3.985267325177,-56.93134711075,
    203.08940376062));
#2204 = CARTESIAN_POINT('',(-4.000369036154,-56.9629208752,
    202.79552646824));
#2205 = CARTESIAN_POINT('',(-4.00249508835,-56.97490973362,
    202.68550965658));
#2206 = CARTESIAN_POINT('',(-4.001079821118,-56.98705514396,
    202.57558887618));
#2207 = CARTESIAN_POINT('',(-3.996145580128,-56.99931598919,
    202.46609766639));
#2208 = CARTESIAN_POINT('',(-3.987757499402,-57.01165111199,
    202.35734479907));
#2209 = CARTESIAN_POINT('',(-3.976016585872,-57.02401989181,
    202.24961489998));
#2210 = CARTESIAN_POINT('',(-3.940272550777,-57.05355126369,
    201.99534739639));
#2211 = CARTESIAN_POINT('',(-3.913275140906,-57.07071007541,
    201.84998784784));
#2212 = CARTESIAN_POINT('',(-3.880401181477,-57.08775961334,
    201.70773693693));
#2213 = CARTESIAN_POINT('',(-3.842073631817,-57.10461561513,
    201.56906211561));
#2214 = CARTESIAN_POINT('',(-3.798742113393,-57.12120933301,
    201.43428836173));
#2215 = CARTESIAN_POINT('',(-3.750844394193,-57.13748714585,
    201.30362421111));
#2216 = CARTESIAN_POINT('',(-3.590319970501,-57.18658401278,
    200.91372635042));
#2217 = CARTESIAN_POINT('',(-3.463942220492,-57.21816949044,
    200.66895194275));
#2218 = CARTESIAN_POINT('',(-3.323076497274,-57.24791331597,
    200.44297410728));
#2219 = CARTESIAN_POINT('',(-3.170615471765,-57.27566431231,
    200.23548635179));
#2220 = CARTESIAN_POINT('',(-3.008893161001,-57.30136764262,
    200.04579632917));
#2221 = CARTESIAN_POINT('',(-2.83960858785,-57.32504265455,
    199.87294796376));
#2222 = CARTESIAN_POINT('',(-2.49936450191,-57.36701718976,
    199.56923305384));
#2223 = CARTESIAN_POINT('',(-2.329451423216,-57.38554303043,
    199.43653265982));
#2224 = CARTESIAN_POINT('',(-2.154947034999,-57.40234933786,
    199.31711078286));
#2225 = CARTESIAN_POINT('',(-1.97666991743,-57.41745967642,
    199.2104303807));
#2226 = CARTESIAN_POINT('',(-1.795299971023,-57.43089952302,
    199.1160350678));
#2227 = CARTESIAN_POINT('',(-1.611387685935,-57.44269617976,
    199.03351989744));
#2228 = CARTESIAN_POINT('',(-1.231602843372,-57.4634692906,
    198.88868144937));
#2229 = CARTESIAN_POINT('',(-1.035614835475,-57.47230544267,
    198.82735846257));
#2230 = CARTESIAN_POINT('',(-0.837886925293,-57.47940631161,
    198.77824005439));
#2231 = CARTESIAN_POINT('',(-0.638886909886,-57.48478887407,
    198.74108798999));
#2232 = CARTESIAN_POINT('',(-0.439048207105,-57.48846520452,
    198.71574212243));
#2233 = CARTESIAN_POINT('',(-0.238772220091,-57.49044288715,
    198.70210937329));
#2234 = CARTESIAN_POINT('',(0.21747475058,-57.49107878064,
    198.69772604191));
#2235 = CARTESIAN_POINT('',(0.473402212932,-57.48866429275,
    198.71436979433));
#2236 = CARTESIAN_POINT('',(0.728633582598,-57.48348246501,
    198.7500816632));
#2237 = CARTESIAN_POINT('',(0.98234285101,-57.47551518514,
    198.80507371968));
#2238 = CARTESIAN_POINT('',(1.233594344724,-57.46473205625,
    198.87974288427));
#2239 = CARTESIAN_POINT('',(1.481344949881,-57.45109473034,
    198.97465674639));
#2240 = CARTESIAN_POINT('',(1.914589964317,-57.42158013318,
    199.1816521708));
#2241 = CARTESIAN_POINT('',(2.101793108531,-57.40684306977,
    199.28545433293));
#2242 = CARTESIAN_POINT('',(2.285506901655,-57.39029279328,
    199.40265965119));
#2243 = CARTESIAN_POINT('',(2.464997252516,-57.37189514394,
    199.53382265379));
#2244 = CARTESIAN_POINT('',(2.639305070494,-57.351620958,199.67957012917
    ));
#2245 = CARTESIAN_POINT('',(2.807259533888,-57.32945375157,
    199.84057183944));
#2246 = CARTESIAN_POINT('',(3.065080566257,-57.29068958472,
    200.12580135381));
#2247 = CARTESIAN_POINT('',(3.159814261969,-57.27529842009,
    200.23983436732));
#2248 = CARTESIAN_POINT('',(3.251277192953,-57.2591988267,
    200.36003931329));
#2249 = CARTESIAN_POINT('',(3.339050062416,-57.24239586596,
    200.48658777931));
#2250 = CARTESIAN_POINT('',(3.422629678832,-57.22490461894,
    200.61961347608));
#2251 = CARTESIAN_POINT('',(3.501435979578,-57.20675198815,
    200.75920153929));
#2252 = CARTESIAN_POINT('',(3.647873143592,-57.16928917435,
    201.0508987965));
#2253 = CARTESIAN_POINT('',(3.715542140567,-57.14998721195,
    201.20292783651));
#2254 = CARTESIAN_POINT('',(3.777168489037,-57.13011689295,
    201.36145639996));
#2255 = CARTESIAN_POINT('',(3.831984049799,-57.10975036089,
    201.52629608531));
#2256 = CARTESIAN_POINT('',(3.879148676087,-57.08899130009,
    201.6970443628));
#2257 = CARTESIAN_POINT('',(3.917834113663,-57.06797724356,
    201.87301877185));
#2258 = CARTESIAN_POINT('',(3.966962547733,-57.03286611092,
    202.17282577368));
#2259 = CARTESIAN_POINT('',(3.98252788473,-57.01881468955,
    202.29433502829));
#2260 = CARTESIAN_POINT('',(3.99383990024,-57.00478248819,
    202.41732756947));
#2261 = CARTESIAN_POINT('',(4.000735146196,-56.99082804875,
    202.54140394578));
#2262 = CARTESIAN_POINT('',(4.00310484336,-56.9770112346,202.66612357059
    ));
#2263 = CARTESIAN_POINT('',(4.000908175143,-56.96339221478,
    202.79100274086));
#2264 = CARTESIAN_POINT('',(3.987769369126,-56.93726002494,
    203.03451054138));
#2265 = CARTESIAN_POINT('',(3.977216635171,-56.92472114221,
    203.15320319175));
#2266 = CARTESIAN_POINT('',(3.962568166685,-56.91246570738,
    203.27112969398));
#2267 = CARTESIAN_POINT('',(3.943924566341,-56.90053573259,
    203.38787769487));
#2268 = CARTESIAN_POINT('',(3.92143938521,-56.88896424198,
    203.50308007635));
#2269 = CARTESIAN_POINT('',(3.895307742101,-56.87777621613,
    203.61641213973));
#2270 = CARTESIAN_POINT('',(3.818744846278,-56.84983099765,
    203.9044392142));
#2271 = CARTESIAN_POINT('',(3.763078501436,-56.83368822074,
    204.07583388665));
#2272 = CARTESIAN_POINT('',(3.699628458799,-56.81861800891,
    204.24078270058));
#2273 = CARTESIAN_POINT('',(3.629363461902,-56.80461819649,
    204.39872203409));
#2274 = CARTESIAN_POINT('',(3.553217905285,-56.79165225141,
    204.54938934685));
#2275 = CARTESIAN_POINT('',(3.472010742999,-56.77966531605,
    204.69273863174));
#2276 = CARTESIAN_POINT('',(3.304763574208,-56.75802862933,
    204.95877696164));
#2277 = CARTESIAN_POINT('',(3.219128592458,-56.74829795293,
    205.08209803849));
#2278 = CARTESIAN_POINT('',(3.130075071782,-56.73934015066,
    205.19899705096));
#2279 = CARTESIAN_POINT('',(3.03809486188,-56.73109621877,
    205.30965104098));
#2280 = CARTESIAN_POINT('',(2.943602710472,-56.72350890429,
    205.41426729528));
#2281 = CARTESIAN_POINT('',(2.846933480933,-56.71652395306,
    205.51307364698));
#2282 = CARTESIAN_POINT('',(2.577571990555,-56.69894994726,
    205.76779427219));
#2283 = CARTESIAN_POINT('',(2.401143314309,-56.68947278077,
    205.91245929737));
#2284 = CARTESIAN_POINT('',(2.220356147171,-56.68139416606,
    206.04159760271));
#2285 = CARTESIAN_POINT('',(2.036208516802,-56.67451430123,
    206.15615355423));
#2286 = CARTESIAN_POINT('',(1.849470712417,-56.66866928333,
    206.25696522717));
#2287 = CARTESIAN_POINT('',(1.660681439211,-56.66372975319,
    206.34473696504));
#2288 = CARTESIAN_POINT('',(1.263704353854,-56.65511409265,
    206.50162193168));
#2289 = CARTESIAN_POINT('',(1.055338917111,-56.65158072778,
    206.56851378775));
#2290 = CARTESIAN_POINT('',(0.845554773327,-56.64886664151,
    206.62141677985));
#2291 = CARTESIAN_POINT('',(0.634782345866,-56.64688628415,
    206.66078785288));
#2292 = CARTESIAN_POINT('',(0.423395074571,-56.64558487266,
    206.68692652111));
#2293 = CARTESIAN_POINT('',(0.21171301368,-56.64493391706,206.7));
#2294 = CARTESIAN_POINT('',(-2.22044604925E-15,-56.64493391706,206.7));
#2295 = PCURVE('',#1652,#2296);
#2296 = DEFINITIONAL_REPRESENTATION('',(#2297),#2477);
#2297 = B_SPLINE_CURVE_WITH_KNOTS('',3,(#2298,#2299,#2300,#2301,#2302,
    #2303,#2304,#2305,#2306,#2307,#2308,#2309,#2310,#2311,#2312,#2313,
    #2314,#2315,#2316,#2317,#2318,#2319,#2320,#2321,#2322,#2323,#2324,
    #2325,#2326,#2327,#2328,#2329,#2330,#2331,#2332,#2333,#2334,#2335,
    #2336,#2337,#2338,#2339,#2340,#2341,#2342,#2343,#2344,#2345,#2346,
    #2347,#2348,#2349,#2350,#2351,#2352,#2353,#2354,#2355,#2356,#2357,
    #2358,#2359,#2360,#2361,#2362,#2363,#2364,#2365,#2366,#2367,#2368,
    #2369,#2370,#2371,#2372,#2373,#2374,#2375,#2376,#2377,#2378,#2379,
    #2380,#2381,#2382,#2383,#2384,#2385,#2386,#2387,#2388,#2389,#2390,
    #2391,#2392,#2393,#2394,#2395,#2396,#2397,#2398,#2399,#2400,#2401,
    #2402,#2403,#2404,#2405,#2406,#2407,#2408,#2409,#2410,#2411,#2412,
    #2413,#2414,#2415,#2416,#2417,#2418,#2419,#2420,#2421,#2422,#2423,
    #2424,#2425,#2426,#2427,#2428,#2429,#2430,#2431,#2432,#2433,#2434,
    #2435,#2436,#2437,#2438,#2439,#2440,#2441,#2442,#2443,#2444,#2445,
    #2446,#2447,#2448,#2449,#2450,#2451,#2452,#2453,#2454,#2455,#2456,
    #2457,#2458,#2459,#2460,#2461,#2462,#2463,#2464,#2465,#2466,#2467,
    #2468,#2469,#2470,#2471,#2472,#2473,#2474,#2475,#2476),
  .UNSPECIFIED.,.F.,.F.,(4,1,1,1,1,1,1,1,1,1,1,1,1,1,1,1,1,1,1,1,1,1,1,1
    ,1,1,1,1,1,1,1,1,1,1,1,1,1,1,1,1,1,1,1,1,1,1,1,1,1,1,1,1,1,1,1,1,1,1
    ,1,1,1,1,1,1,1,1,1,1,1,1,1,1,1,1,1,1,1,1,1,1,1,1,1,1,1,1,1,1,1,1,1,1
    ,1,1,1,1,1,1,1,1,1,1,1,1,1,1,1,1,1,1,1,1,1,1,1,1,1,1,1,1,1,1,1,1,1,1
    ,1,1,1,1,1,1,1,1,1,1,1,1,1,1,1,1,1,1,1,1,1,1,1,1,1,1,1,1,1,1,1,1,1,1
    ,1,1,1,1,1,1,1,1,1,1,1,1,1,1,1,1,4),(0.,1.541601819193E-02,
    3.083203638386E-02,4.624805457579E-02,6.166407276772E-02,
    7.708009095965E-02,9.249610915158E-02,0.107912127344,0.123328145535,
    0.138744163727,0.154160181919,0.169576200111,0.184992218303,
    0.200408236495,0.215824254687,0.231240272879,0.246656291071,
    0.262072309263,0.277488327455,0.292904345647,0.308320363839,
    0.323736382031,0.339152400222,0.354568418414,0.369984436606,
    0.385400454798,0.40081647299,0.416232491182,0.431648509374,
    0.447064527566,0.462480545758,0.47789656395,0.493312582142,
    0.508728600334,0.524144618526,0.539560636718,0.554976654909,
    0.570392673101,0.585808691293,0.601224709485,0.616640727677,
    0.632056745869,0.647472764061,0.662888782253,0.678304800445,
    0.693720818637,0.709136836829,0.724552855021,0.739968873213,
    0.755384891405,0.770800909596,0.786216927788,0.80163294598,
    0.817048964172,0.832464982364,0.847881000556,0.863297018748,
    0.87871303694,0.894129055132,0.909545073324,0.924961091516,
    0.940377109708,0.9557931279,0.971209146092,0.986625164284,
    1.002041182475,1.017457200667,1.032873218859,1.048289237051,
    1.063705255243,1.079121273435,1.094537291627,1.109953309819,
    1.125369328011,1.140785346203,1.156201364395,1.171617382587,
    1.187033400779,1.202449418971,1.217865437162,1.233281455354,
    1.248697473546,1.264113491738,1.27952950993,1.294945528122,
    1.310361546314,1.325777564506,1.341193582698,1.35660960089,
    1.372025619082,1.387441637274,1.402857655466,1.418273673658,
    1.433689691849,1.449105710041,1.464521728233,1.479937746425,
    1.495353764617,1.510769782809,1.526185801001,1.541601819193,
    1.557017837385,1.572433855577,1.587849873769,1.603265891961,
    1.618681910153,1.634097928345,1.649513946537,1.664929964728,
    1.68034598292,1.695762001112,1.711178019304,1.726594037496,
    1.742010055688,1.75742607388,1.772842092072,1.788258110264,
    1.803674128456,1.819090146648,1.83450616484,1.849922183032,
    1.865338201224,1.880754219415,1.896170237607,1.911586255799,
    1.927002273991,1.942418292183,1.957834310375,1.973250328567,
    1.988666346759,2.004082364951,2.019498383143,2.034914401335,
    2.050330419527,2.065746437719,2.081162455911,2.096578474102,
    2.111994492294,2.127410510486,2.142826528678,2.15824254687,
    2.173658565062,2.189074583254,2.204490601446,2.219906619638,
    2.23532263783,2.250738656022,2.266154674214,2.281570692406,
    2.296986710598,2.312402728789,2.327818746981,2.343234765173,
    2.358650783365,2.374066801557,2.389482819749,2.404898837941,
    2.420314856133,2.435730874325,2.451146892517,2.466562910709,
    2.481978928901,2.497394947093,2.512810965285,2.528226983477,
    2.543643001668,2.55905901986,2.574475038052,2.589891056244,
    2.605307074436,2.620723092628,2.63613911082,2.651555129012,
    2.666971147204,2.682387165396,2.697803183588,2.71321920178),
  .QUASI_UNIFORM_KNOTS.);
#2298 = CARTESIAN_POINT('',(60.8,0.86563876652));
#2299 = CARTESIAN_POINT('',(60.749134252251,0.865638756837));
#2300 = CARTESIAN_POINT('',(60.647407425527,0.865614050298));
#2301 = CARTESIAN_POINT('',(60.494879945012,0.865502763139));
#2302 = CARTESIAN_POINT('',(60.342462911514,0.86531712758));
#2303 = CARTESIAN_POINT('',(60.190207742804,0.865056865832));
#2304 = CARTESIAN_POINT('',(60.038168333977,0.864721600839));
#2305 = CARTESIAN_POINT('',(59.886401428332,0.864310843051));
#2306 = CARTESIAN_POINT('',(59.734966558356,0.863823994594));
#2307 = CARTESIAN_POINT('',(59.583926110213,0.863260347001));
#2308 = CARTESIAN_POINT('',(59.433345363597,0.86261907863));
#2309 = CARTESIAN_POINT('',(59.283292558178,0.861899249987));
#2310 = CARTESIAN_POINT('',(59.133838942291,0.861099796827));
#2311 = CARTESIAN_POINT('',(58.985058942732,0.860219522161));
#2312 = CARTESIAN_POINT('',(58.837029957504,0.859257081721));
#2313 = CARTESIAN_POINT('',(58.689833638402,0.858210982377));
#2314 = CARTESIAN_POINT('',(58.543551707309,0.857079519863));
#2315 = CARTESIAN_POINT('',(58.398315871621,0.855861196099));
#2316 = CARTESIAN_POINT('',(58.254215261382,0.854553982089));
#2317 = CARTESIAN_POINT('',(58.111362279473,0.853155768749));
#2318 = CARTESIAN_POINT('',(57.969881944935,0.851664303565));
#2319 = CARTESIAN_POINT('',(57.829914810515,0.850077207208));
#2320 = CARTESIAN_POINT('',(57.691616299643,0.848391960405));
#2321 = CARTESIAN_POINT('',(57.555157413623,0.846605896479));
#2322 = CARTESIAN_POINT('',(57.420724164525,0.844716167574));
#2323 = CARTESIAN_POINT('',(57.288521363066,0.842719777115));
#2324 = CARTESIAN_POINT('',(57.158760888966,0.840613340279));
#2325 = CARTESIAN_POINT('',(57.031716806002,0.838393974422));
#2326 = CARTESIAN_POINT('',(56.907664356035,0.83605833108));
#2327 = CARTESIAN_POINT('',(56.786914969718,0.833603129513));
#2328 = CARTESIAN_POINT('',(56.66982049035,0.83102529759));
#2329 = CARTESIAN_POINT('',(56.556770705056,0.828321981008));
#2330 = CARTESIAN_POINT('',(56.448192354194,0.82549059178));
#2331 = CARTESIAN_POINT('',(56.344548723973,0.822528830722));
#2332 = CARTESIAN_POINT('',(56.246367428154,0.819435712183));
#2333 = CARTESIAN_POINT('',(56.154208308617,0.816210978922));
#2334 = CARTESIAN_POINT('',(56.068675413105,0.812855816362));
#2335 = CARTESIAN_POINT('',(55.990409346803,0.809373428798));
#2336 = CARTESIAN_POINT('',(55.920040457839,0.805767478045));
#2337 = CARTESIAN_POINT('',(55.858239827251,0.802045322684));
#2338 = CARTESIAN_POINT('',(55.805679602223,0.798218877021));
#2339 = CARTESIAN_POINT('',(55.762949376724,0.794301478922));
#2340 = CARTESIAN_POINT('',(55.730554956622,0.790308911149));
#2341 = CARTESIAN_POINT('',(55.708891376908,0.786259210146));
#2342 = CARTESIAN_POINT('',(55.698220698396,0.782173328886));
#2343 = CARTESIAN_POINT('',(55.698639584755,0.778073693525));
#2344 = CARTESIAN_POINT('',(55.710075761827,0.773981760667));
#2345 = CARTESIAN_POINT('',(55.732298704889,0.769919027628));
#2346 = CARTESIAN_POINT('',(55.764937298976,0.765904993762));
#2347 = CARTESIAN_POINT('',(55.807498753992,0.76195780784));
#2348 = CARTESIAN_POINT('',(55.859413620415,0.758092105147));
#2349 = CARTESIAN_POINT('',(55.920063838438,0.754319913491));
#2350 = CARTESIAN_POINT('',(55.988809468619,0.750650675861));
#2351 = CARTESIAN_POINT('',(56.06500410451,0.747091741899));
#2352 = CARTESIAN_POINT('',(56.148031768277,0.743647846939));
#2353 = CARTESIAN_POINT('',(56.237247745703,0.740324065329));
#2354 = CARTESIAN_POINT('',(56.332105075003,0.737121354888));
#2355 = CARTESIAN_POINT('',(56.432119612569,0.734039207736));
#2356 = CARTESIAN_POINT('',(56.536831420956,0.731077049341));
#2357 = CARTESIAN_POINT('',(56.645815279219,0.728233884751));
#2358 = CARTESIAN_POINT('',(56.758678193704,0.725508418153));
#2359 = CARTESIAN_POINT('',(56.875060491174,0.722899050301));
#2360 = CARTESIAN_POINT('',(56.994636302984,0.720403909588));
#2361 = CARTESIAN_POINT('',(57.117113636892,0.718020889126));
#2362 = CARTESIAN_POINT('',(57.242237453722,0.715747644676));
#2363 = CARTESIAN_POINT('',(57.369781894453,0.713581761714));
#2364 = CARTESIAN_POINT('',(57.499583668237,0.711520303659));
#2365 = CARTESIAN_POINT('',(57.631417760733,0.709561755957));
#2366 = CARTESIAN_POINT('',(57.765085645039,0.707704385413));
#2367 = CARTESIAN_POINT('',(57.900441991428,0.705945998625));
#2368 = CARTESIAN_POINT('',(58.037340656383,0.704284725434));
#2369 = CARTESIAN_POINT('',(58.175648635537,0.702718782065));
#2370 = CARTESIAN_POINT('',(58.31524187882,0.701246512503));
#2371 = CARTESIAN_POINT('',(58.456006081683,0.69986635986));
#2372 = CARTESIAN_POINT('',(58.597836099626,0.698576862125));
#2373 = CARTESIAN_POINT('',(58.740636285349,0.697376642983));
#2374 = CARTESIAN_POINT('',(58.88431890713,0.69626442059));
#2375 = CARTESIAN_POINT('',(59.028809718498,0.695238972012));
#2376 = CARTESIAN_POINT('',(59.174027245003,0.694299279679));
#2377 = CARTESIAN_POINT('',(59.319884268419,0.693444461213));
#2378 = CARTESIAN_POINT('',(59.466317827499,0.692673598516));
#2379 = CARTESIAN_POINT('',(59.613261149527,0.691985915749));
#2380 = CARTESIAN_POINT('',(59.76065106103,0.691380721806));
#2381 = CARTESIAN_POINT('',(59.908425940247,0.690857417447));
#2382 = CARTESIAN_POINT('',(60.05652620158,0.690415486906));
#2383 = CARTESIAN_POINT('',(60.204894150839,0.690054495491));
#2384 = CARTESIAN_POINT('',(60.353473868113,0.689774087309));
#2385 = CARTESIAN_POINT('',(60.502211654447,0.689573985013));
#2386 = CARTESIAN_POINT('',(60.651054243275,0.689453989894));
#2387 = CARTESIAN_POINT('',(60.799955439195,0.689413987118));
#2388 = CARTESIAN_POINT('',(60.948845238182,0.689453938109));
#2389 = CARTESIAN_POINT('',(61.097676373442,0.689573866292));
#2390 = CARTESIAN_POINT('',(61.246400620058,0.689773887079));
#2391 = CARTESIAN_POINT('',(61.394967147264,0.69005419871));
#2392 = CARTESIAN_POINT('',(61.543322946206,0.690415080985));
#2393 = CARTESIAN_POINT('',(61.691412697235,0.69085689303));
#2394 = CARTESIAN_POINT('',(61.839178781514,0.691380072672));
#2395 = CARTESIAN_POINT('',(61.986561244903,0.691985136875));
#2396 = CARTESIAN_POINT('',(62.133497768739,0.692672683629));
#2397 = CARTESIAN_POINT('',(62.279923612762,0.693443395159));
#2398 = CARTESIAN_POINT('',(62.425771606296,0.694298043359));
#2399 = CARTESIAN_POINT('',(62.570971910042,0.695237494868));
#2400 = CARTESIAN_POINT('',(62.715452575121,0.696262725965));
#2401 = CARTESIAN_POINT('',(62.859137062732,0.697374810068));
#2402 = CARTESIAN_POINT('',(63.001953036722,0.6985750173));
#2403 = CARTESIAN_POINT('',(63.143773708828,0.699864285495));
#2404 = CARTESIAN_POINT('',(63.284520081117,0.701244097563));
#2405 = CARTESIAN_POINT('',(63.424094798215,0.702715983082));
#2406 = CARTESIAN_POINT('',(63.562389156725,0.70428156068));
#2407 = CARTESIAN_POINT('',(63.699281160096,0.705942524025));
#2408 = CARTESIAN_POINT('',(63.834635910772,0.70770064588));
#2409 = CARTESIAN_POINT('',(63.968305322706,0.709557782099));
#2410 = CARTESIAN_POINT('',(64.100127806594,0.711515879266));
#2411 = CARTESIAN_POINT('',(64.229928212429,0.713576994914));
#2412 = CARTESIAN_POINT('',(64.357516116091,0.71574329653));
#2413 = CARTESIAN_POINT('',(64.482689695783,0.718017171203));
#2414 = CARTESIAN_POINT('',(64.605218004954,0.720400957964));
#2415 = CARTESIAN_POINT('',(64.724820704759,0.722896472545));
#2416 = CARTESIAN_POINT('',(64.841225421273,0.725506167026));
#2417 = CARTESIAN_POINT('',(64.954111058159,0.728232023166));
#2418 = CARTESIAN_POINT('',(65.063122982801,0.731075787148));
#2419 = CARTESIAN_POINT('',(65.167869997371,0.734038867257));
#2420 = CARTESIAN_POINT('',(65.267925955453,0.737122310236));
#2421 = CARTESIAN_POINT('',(65.362830880156,0.740326799704));
#2422 = CARTESIAN_POINT('',(65.452064565047,0.74365162661));
#2423 = CARTESIAN_POINT('',(65.535069530497,0.747095009854));
#2424 = CARTESIAN_POINT('',(65.611247340929,0.75065353007));
#2425 = CARTESIAN_POINT('',(65.679972581917,0.754322044601));
#2426 = CARTESIAN_POINT('',(65.740605977535,0.758093487278));
#2427 = CARTESIAN_POINT('',(65.792510112177,0.761958558524));
#2428 = CARTESIAN_POINT('',(65.835070385791,0.76590580013));
#2429 = CARTESIAN_POINT('',(65.867706016245,0.76991974036));
#2430 = CARTESIAN_POINT('',(65.889926026569,0.773982263873));
#2431 = CARTESIAN_POINT('',(65.901360847061,0.778073982849));
#2432 = CARTESIAN_POINT('',(65.901778732296,0.782173595392));
#2433 = CARTESIAN_POINT('',(65.891109101759,0.786258946715));
#2434 = CARTESIAN_POINT('',(65.869449304528,0.790308260137));
#2435 = CARTESIAN_POINT('',(65.837056854925,0.794300832646));
#2436 = CARTESIAN_POINT('',(65.794326935845,0.798218335042));
#2437 = CARTESIAN_POINT('',(65.741778101599,0.802044041047));
#2438 = CARTESIAN_POINT('',(65.680014716763,0.805764326947));
#2439 = CARTESIAN_POINT('',(65.609670818101,0.809369615418));
#2440 = CARTESIAN_POINT('',(65.53140213399,0.812852611576));
#2441 = CARTESIAN_POINT('',(65.445864292525,0.816208301753));
#2442 = CARTESIAN_POINT('',(65.353696758899,0.819433600656));
#2443 = CARTESIAN_POINT('',(65.255508744973,0.822527119519));
#2444 = CARTESIAN_POINT('',(65.151865649951,0.825489008552));
#2445 = CARTESIAN_POINT('',(65.043289443253,0.828320481341));
#2446 = CARTESIAN_POINT('',(64.930240807257,0.831023892758));
#2447 = CARTESIAN_POINT('',(64.813147016364,0.833601819279));
#2448 = CARTESIAN_POINT('',(64.692397927165,0.836057113907));
#2449 = CARTESIAN_POINT('',(64.568345274333,0.838392849178));
#2450 = CARTESIAN_POINT('',(64.441302823769,0.840612268965));
#2451 = CARTESIAN_POINT('',(64.311539986777,0.842718816415));
#2452 = CARTESIAN_POINT('',(64.179341513155,0.844715207675));
#2453 = CARTESIAN_POINT('',(64.044915734665,0.846604902524));
#2454 = CARTESIAN_POINT('',(63.908464161267,0.848390943643));
#2455 = CARTESIAN_POINT('',(63.770170876017,0.850076199587));
#2456 = CARTESIAN_POINT('',(63.630206116634,0.851663339993));
#2457 = CARTESIAN_POINT('',(63.48872588668,0.853154872617));
#2458 = CARTESIAN_POINT('',(63.345872464827,0.854553155383));
#2459 = CARTESIAN_POINT('',(63.2017746179,0.855860407353));
#2460 = CARTESIAN_POINT('',(63.056547549191,0.857078715931));
#2461 = CARTESIAN_POINT('',(62.910293772968,0.858210033297));
#2462 = CARTESIAN_POINT('',(62.763100241771,0.859256198928));
#2463 = CARTESIAN_POINT('',(62.615049349926,0.860218853991));
#2464 = CARTESIAN_POINT('',(62.466259656392,0.86109924418));
#2465 = CARTESIAN_POINT('',(62.316797612165,0.861898794808));
#2466 = CARTESIAN_POINT('',(62.166738275147,0.862618700877));
#2467 = CARTESIAN_POINT('',(62.01615093037,0.863260039808));
#2468 = CARTESIAN_POINT('',(61.865103053063,0.863823753834));
#2469 = CARTESIAN_POINT('',(61.713659341618,0.864310665075));
#2470 = CARTESIAN_POINT('',(61.561882059258,0.864721479722));
#2471 = CARTESIAN_POINT('',(61.409831004814,0.865056792593));
#2472 = CARTESIAN_POINT('',(61.257563594933,0.865317090599));
#2473 = CARTESIAN_POINT('',(61.105134811042,0.865502749689));
#2474 = CARTESIAN_POINT('',(60.952597518616,0.865614048474));
#2475 = CARTESIAN_POINT('',(60.850866758559,0.865638756926));
#2476 = CARTESIAN_POINT('',(60.8,0.86563876652));
#2477 = ( GEOMETRIC_REPRESENTATION_CONTEXT(2) 
PARAMETRIC_REPRESENTATION_CONTEXT() REPRESENTATION_CONTEXT('2D SPACE',''
  ) );
#2478 = PCURVE('',#2479,#2484);
#2479 = CYLINDRICAL_SURFACE('',#2480,4.);
#2480 = AXIS2_PLACEMENT_3D('',#2481,#2482,#2483);
#2481 = CARTESIAN_POINT('',(0.,-84.8,202.7));
#2482 = DIRECTION('',(0.,1.,0.));
#2483 = DIRECTION('',(0.,-0.,1.));
#2484 = DEFINITIONAL_REPRESENTATION('',(#2485),#2665);
#2485 = B_SPLINE_CURVE_WITH_KNOTS('',3,(#2486,#2487,#2488,#2489,#2490,
    #2491,#2492,#2493,#2494,#2495,#2496,#2497,#2498,#2499,#2500,#2501,
    #2502,#2503,#2504,#2505,#2506,#2507,#2508,#2509,#2510,#2511,#2512,
    #2513,#2514,#2515,#2516,#2517,#2518,#2519,#2520,#2521,#2522,#2523,
    #2524,#2525,#2526,#2527,#2528,#2529,#2530,#2531,#2532,#2533,#2534,
    #2535,#2536,#2537,#2538,#2539,#2540,#2541,#2542,#2543,#2544,#2545,
    #2546,#2547,#2548,#2549,#2550,#2551,#2552,#2553,#2554,#2555,#2556,
    #2557,#2558,#2559,#2560,#2561,#2562,#2563,#2564,#2565,#2566,#2567,
    #2568,#2569,#2570,#2571,#2572,#2573,#2574,#2575,#2576,#2577,#2578,
    #2579,#2580,#2581,#2582,#2583,#2584,#2585,#2586,#2587,#2588,#2589,
    #2590,#2591,#2592,#2593,#2594,#2595,#2596,#2597,#2598,#2599,#2600,
    #2601,#2602,#2603,#2604,#2605,#2606,#2607,#2608,#2609,#2610,#2611,
    #2612,#2613,#2614,#2615,#2616,#2617,#2618,#2619,#2620,#2621,#2622,
    #2623,#2624,#2625,#2626,#2627,#2628,#2629,#2630,#2631,#2632,#2633,
    #2634,#2635,#2636,#2637,#2638,#2639,#2640,#2641,#2642,#2643,#2644,
    #2645,#2646,#2647,#2648,#2649,#2650,#2651,#2652,#2653,#2654,#2655,
    #2656,#2657,#2658,#2659,#2660,#2661,#2662,#2663,#2664),
  .UNSPECIFIED.,.F.,.F.,(4,1,1,1,1,1,1,1,1,1,1,1,1,1,1,1,1,1,1,1,1,1,1,1
    ,1,1,1,1,1,1,1,1,1,1,1,1,1,1,1,1,1,1,1,1,1,1,1,1,1,1,1,1,1,1,1,1,1,1
    ,1,1,1,1,1,1,1,1,1,1,1,1,1,1,1,1,1,1,1,1,1,1,1,1,1,1,1,1,1,1,1,1,1,1
    ,1,1,1,1,1,1,1,1,1,1,1,1,1,1,1,1,1,1,1,1,1,1,1,1,1,1,1,1,1,1,1,1,1,1
    ,1,1,1,1,1,1,1,1,1,1,1,1,1,1,1,1,1,1,1,1,1,1,1,1,1,1,1,1,1,1,1,1,1,1
    ,1,1,1,1,1,1,1,1,1,1,1,1,1,1,1,1,4),(0.,1.541601819193E-02,
    3.083203638386E-02,4.624805457579E-02,6.166407276772E-02,
    7.708009095965E-02,9.249610915158E-02,0.107912127344,0.123328145535,
    0.138744163727,0.154160181919,0.169576200111,0.184992218303,
    0.200408236495,0.215824254687,0.231240272879,0.246656291071,
    0.262072309263,0.277488327455,0.292904345647,0.308320363839,
    0.323736382031,0.339152400222,0.354568418414,0.369984436606,
    0.385400454798,0.40081647299,0.416232491182,0.431648509374,
    0.447064527566,0.462480545758,0.47789656395,0.493312582142,
    0.508728600334,0.524144618526,0.539560636718,0.554976654909,
    0.570392673101,0.585808691293,0.601224709485,0.616640727677,
    0.632056745869,0.647472764061,0.662888782253,0.678304800445,
    0.693720818637,0.709136836829,0.724552855021,0.739968873213,
    0.755384891405,0.770800909596,0.786216927788,0.80163294598,
    0.817048964172,0.832464982364,0.847881000556,0.863297018748,
    0.87871303694,0.894129055132,0.909545073324,0.924961091516,
    0.940377109708,0.9557931279,0.971209146092,0.986625164284,
    1.002041182475,1.017457200667,1.032873218859,1.048289237051,
    1.063705255243,1.079121273435,1.094537291627,1.109953309819,
    1.125369328011,1.140785346203,1.156201364395,1.171617382587,
    1.187033400779,1.202449418971,1.217865437162,1.233281455354,
    1.248697473546,1.264113491738,1.27952950993,1.294945528122,
    1.310361546314,1.325777564506,1.341193582698,1.35660960089,
    1.372025619082,1.387441637274,1.402857655466,1.418273673658,
    1.433689691849,1.449105710041,1.464521728233,1.479937746425,
    1.495353764617,1.510769782809,1.526185801001,1.541601819193,
    1.557017837385,1.572433855577,1.587849873769,1.603265891961,
    1.618681910153,1.634097928345,1.649513946537,1.664929964728,
    1.68034598292,1.695762001112,1.711178019304,1.726594037496,
    1.742010055688,1.75742607388,1.772842092072,1.788258110264,
    1.803674128456,1.819090146648,1.83450616484,1.849922183032,
    1.865338201224,1.880754219415,1.896170237607,1.911586255799,
    1.927002273991,1.942418292183,1.957834310375,1.973250328567,
    1.988666346759,2.004082364951,2.019498383143,2.034914401335,
    2.050330419527,2.065746437719,2.081162455911,2.096578474102,
    2.111994492294,2.127410510486,2.142826528678,2.15824254687,
    2.173658565062,2.189074583254,2.204490601446,2.219906619638,
    2.23532263783,2.250738656022,2.266154674214,2.281570692406,
    2.296986710598,2.312402728789,2.327818746981,2.343234765173,
    2.358650783365,2.374066801557,2.389482819749,2.404898837941,
    2.420314856133,2.435730874325,2.451146892517,2.466562910709,
    2.481978928901,2.497394947093,2.512810965285,2.528226983477,
    2.543643001668,2.55905901986,2.574475038052,2.589891056244,
    2.605307074436,2.620723092628,2.63613911082,2.651555129012,
    2.666971147204,2.682387165396,2.697803183588,2.71321920178),
  .QUASI_UNIFORM_KNOTS.);
#2486 = CARTESIAN_POINT('',(6.28318530718,28.155066082937));
#2487 = CARTESIAN_POINT('',(6.273513703666,28.155066008438));
#2488 = CARTESIAN_POINT('',(6.254171426021,28.155010254608));
#2489 = CARTESIAN_POINT('',(6.225143222749,28.154758422032));
#2490 = CARTESIAN_POINT('',(6.196082540876,28.154337351054));
#2491 = CARTESIAN_POINT('',(6.166972097548,28.153744777429));
#2492 = CARTESIAN_POINT('',(6.137794721822,28.152977627784));
#2493 = CARTESIAN_POINT('',(6.10853327877,28.15203189716));
#2494 = CARTESIAN_POINT('',(6.079170533004,28.150902664383));
#2495 = CARTESIAN_POINT('',(6.049689024627,28.149584062201));
#2496 = CARTESIAN_POINT('',(6.020070934329,28.148069249966));
#2497 = CARTESIAN_POINT('',(5.990297942115,28.146350375112));
#2498 = CARTESIAN_POINT('',(5.960351066672,28.144418524964));
#2499 = CARTESIAN_POINT('',(5.930210512143,28.142263670812));
#2500 = CARTESIAN_POINT('',(5.899855405458,28.139874589295));
#2501 = CARTESIAN_POINT('',(5.869263840128,28.137238813315));
#2502 = CARTESIAN_POINT('',(5.838411653678,28.134342412866));
#2503 = CARTESIAN_POINT('',(5.807282907288,28.131171023532));
#2504 = CARTESIAN_POINT('',(5.775850054265,28.127707907433));
#2505 = CARTESIAN_POINT('',(5.744087274708,28.123934995128));
#2506 = CARTESIAN_POINT('',(5.711968053162,28.119832677739));
#2507 = CARTESIAN_POINT('',(5.679465482737,28.115379778351));
#2508 = CARTESIAN_POINT('',(5.646551776475,28.110553441286));
#2509 = CARTESIAN_POINT('',(5.613198011264,28.10532902825));
#2510 = CARTESIAN_POINT('',(5.579373451836,28.099679926685));
#2511 = CARTESIAN_POINT('',(5.545045972357,28.093577560075));
#2512 = CARTESIAN_POINT('',(5.510178096157,28.086990535808));
#2513 = CARTESIAN_POINT('',(5.474741314028,28.079887335038));
#2514 = CARTESIAN_POINT('',(5.438699384449,28.072233328111));
#2515 = CARTESIAN_POINT('',(5.402016928718,28.063992247635));
#2516 = CARTESIAN_POINT('',(5.364660619911,28.055126769774));
#2517 = CARTESIAN_POINT('',(5.326598381161,28.045598630444));
#2518 = CARTESIAN_POINT('',(5.287799121285,28.035368906138));
#2519 = CARTESIAN_POINT('',(5.248232266963,28.024398101328));
#2520 = CARTESIAN_POINT('',(5.207879989061,28.012650459435));
#2521 = CARTESIAN_POINT('',(5.166727698432,28.000092197032));
#2522 = CARTESIAN_POINT('',(5.124771901059,27.986694858591));
#2523 = CARTESIAN_POINT('',(5.082025220059,27.972438714752));
#2524 = CARTESIAN_POINT('',(5.038496190884,27.95730707302));
#2525 = CARTESIAN_POINT('',(4.994227479025,27.941300862497));
#2526 = CARTESIAN_POINT('',(4.949303216296,27.92444465734));
#2527 = CARTESIAN_POINT('',(4.903811245672,27.906774969271));
#2528 = CARTESIAN_POINT('',(4.857856109319,27.888345808805));
#2529 = CARTESIAN_POINT('',(4.811557891137,27.869229102408));
#2530 = CARTESIAN_POINT('',(4.765061598658,27.849519007391));
#2531 = CARTESIAN_POINT('',(4.718523241173,27.82932611988));
#2532 = CARTESIAN_POINT('',(4.672085504227,27.8087652988));
#2533 = CARTESIAN_POINT('',(4.625892681064,27.787959909764));
#2534 = CARTESIAN_POINT('',(4.580070664762,27.767030527728));
#2535 = CARTESIAN_POINT('',(4.534736986939,27.74609681966));
#2536 = CARTESIAN_POINT('',(4.489977957701,27.725264595331));
#2537 = CARTESIAN_POINT('',(4.445859804114,27.704628690044));
#2538 = CARTESIAN_POINT('',(4.402429097678,27.684271644906));
#2539 = CARTESIAN_POINT('',(4.359718238244,27.664265187189));
#2540 = CARTESIAN_POINT('',(4.317738080337,27.644666194086));
#2541 = CARTESIAN_POINT('',(4.276513318365,27.62553286292));
#2542 = CARTESIAN_POINT('',(4.236026702581,27.606898707283));
#2543 = CARTESIAN_POINT('',(4.196248553533,27.588786835378));
#2544 = CARTESIAN_POINT('',(4.157153483721,27.571218057735));
#2545 = CARTESIAN_POINT('',(4.118715280313,27.554208871374));
#2546 = CARTESIAN_POINT('',(4.080907692222,27.537772192096));
#2547 = CARTESIAN_POINT('',(4.043703695451,27.521917392269));
#2548 = CARTESIAN_POINT('',(4.007075150637,27.506650542899));
#2549 = CARTESIAN_POINT('',(3.970992571734,27.491974707533));
#2550 = CARTESIAN_POINT('',(3.9354241625,27.477889998944));
#2551 = CARTESIAN_POINT('',(3.900337721022,27.464394707313));
#2552 = CARTESIAN_POINT('',(3.865691801254,27.451482554045));
#2553 = CARTESIAN_POINT('',(3.831468146538,27.439154991721));
#2554 = CARTESIAN_POINT('',(3.797646028947,27.427411098196));
#2555 = CARTESIAN_POINT('',(3.764196092279,27.416246098594));
#2556 = CARTESIAN_POINT('',(3.731093887844,27.405656370327));
#2557 = CARTESIAN_POINT('',(3.698315742537,27.395638036702));
#2558 = CARTESIAN_POINT('',(3.66583942759,27.386187299962));
#2559 = CARTESIAN_POINT('',(3.633643591088,27.377300327853));
#2560 = CARTESIAN_POINT('',(3.601707597831,27.368973286504));
#2561 = CARTESIAN_POINT('',(3.570011198799,27.361202334348));
#2562 = CARTESIAN_POINT('',(3.53853465396,27.353983725435));
#2563 = CARTESIAN_POINT('',(3.507257345135,27.347313613967));
#2564 = CARTESIAN_POINT('',(3.476162060701,27.341189044387));
#2565 = CARTESIAN_POINT('',(3.44523428374,27.335607549742));
#2566 = CARTESIAN_POINT('',(3.414455709976,27.330566049183));
#2567 = CARTESIAN_POINT('',(3.383810096043,27.326062041922));
#2568 = CARTESIAN_POINT('',(3.353281504615,27.322093252328));
#2569 = CARTESIAN_POINT('',(3.322854596007,27.318657696951));
#2570 = CARTESIAN_POINT('',(3.292514388774,27.315753646973));
#2571 = CARTESIAN_POINT('',(3.262246166683,27.31337962731));
#2572 = CARTESIAN_POINT('',(3.23203538608,27.31153441399));
#2573 = CARTESIAN_POINT('',(3.201867475632,27.310217042048));
#2574 = CARTESIAN_POINT('',(3.171728091391,27.309426813386));
#2575 = CARTESIAN_POINT('',(3.141601668085,27.309163334545));
#2576 = CARTESIAN_POINT('',(3.111477558255,27.309426472975));
#2577 = CARTESIAN_POINT('',(3.081340519448,27.310216261171));
#2578 = CARTESIAN_POINT('',(3.051175403966,27.311533096023));
#2579 = CARTESIAN_POINT('',(3.020967382312,27.313377674136));
#2580 = CARTESIAN_POINT('',(2.9907017494,27.315750977687));
#2581 = CARTESIAN_POINT('',(2.960363843521,27.318654252309));
#2582 = CARTESIAN_POINT('',(2.929938934301,27.3220889935));
#2583 = CARTESIAN_POINT('',(2.899412116328,27.326056937816));
#2584 = CARTESIAN_POINT('',(2.868768194884,27.330560060961));
#2585 = CARTESIAN_POINT('',(2.837991568555,27.335600581826));
#2586 = CARTESIAN_POINT('',(2.807066088412,27.341180977833));
#2587 = CARTESIAN_POINT('',(2.775974953696,27.347303994844));
#2588 = CARTESIAN_POINT('',(2.744700406334,27.353972716901));
#2589 = CARTESIAN_POINT('',(2.713224095536,27.361190455234));
#2590 = CARTESIAN_POINT('',(2.681524844629,27.368961357207));
#2591 = CARTESIAN_POINT('',(2.649591652801,27.377286948327));
#2592 = CARTESIAN_POINT('',(2.617400743876,27.386171769984));
#2593 = CARTESIAN_POINT('',(2.584929765471,27.395620097275));
#2594 = CARTESIAN_POINT('',(2.552156065604,27.405636159548));
#2595 = CARTESIAN_POINT('',(2.519056860776,27.416223992171));
#2596 = CARTESIAN_POINT('',(2.485608874579,27.427387400546));
#2597 = CARTESIAN_POINT('',(2.451788076377,27.439129916449));
#2598 = CARTESIAN_POINT('',(2.417569375548,27.451454769251));
#2599 = CARTESIAN_POINT('',(2.382926157348,27.46436492559));
#2600 = CARTESIAN_POINT('',(2.347830184255,27.477862984516));
#2601 = CARTESIAN_POINT('',(2.312249792091,27.491951750325));
#2602 = CARTESIAN_POINT('',(2.276154040018,27.506632431081));
#2603 = CARTESIAN_POINT('',(2.239518843815,27.521901677535));
#2604 = CARTESIAN_POINT('',(2.202309217399,27.5377585732));
#2605 = CARTESIAN_POINT('',(2.164495451821,27.554197699017));
#2606 = CARTESIAN_POINT('',(2.126048582814,27.571210547817));
#2607 = CARTESIAN_POINT('',(2.086941080096,27.588784838056));
#2608 = CARTESIAN_POINT('',(2.047146275392,27.606904328403));
#2609 = CARTESIAN_POINT('',(2.006637636208,27.625548729637));
#2610 = CARTESIAN_POINT('',(1.965400761818,27.644687831059));
#2611 = CARTESIAN_POINT('',(1.923427606891,27.66428365397));
#2612 = CARTESIAN_POINT('',(1.880722230097,27.684287574198));
#2613 = CARTESIAN_POINT('',(1.837300473676,27.704640413897));
#2614 = CARTESIAN_POINT('',(1.793191304913,27.72527207523));
#2615 = CARTESIAN_POINT('',(1.748439674233,27.746100826392));
#2616 = CARTESIAN_POINT('',(1.703105410272,27.767034770356));
#2617 = CARTESIAN_POINT('',(1.657284512127,27.787963588124));
#2618 = CARTESIAN_POINT('',(1.61109409067,27.80876784252));
#2619 = CARTESIAN_POINT('',(1.564658783677,27.829327558614));
#2620 = CARTESIAN_POINT('',(1.518120678252,27.849520297357));
#2621 = CARTESIAN_POINT('',(1.471630408949,27.869227826706));
#2622 = CARTESIAN_POINT('',(1.425336659011,27.888342761047));
#2623 = CARTESIAN_POINT('',(1.379381534119,27.906772027176));
#2624 = CARTESIAN_POINT('',(1.333888412347,27.924442236837));
#2625 = CARTESIAN_POINT('',(1.288972888239,27.941295227895));
#2626 = CARTESIAN_POINT('',(1.244726755537,27.957293632364));
#2627 = CARTESIAN_POINT('',(1.201206499456,27.972422910126));
#2628 = CARTESIAN_POINT('',(1.158453154167,27.986681930517));
#2629 = CARTESIAN_POINT('',(1.116491439032,28.000081645449));
#2630 = CARTESIAN_POINT('',(1.075332601578,28.01264235424));
#2631 = CARTESIAN_POINT('',(1.034975663194,28.024391698696));
#2632 = CARTESIAN_POINT('',(0.995407598227,28.03536311179));
#2633 = CARTESIAN_POINT('',(0.95660775745,28.045593279102));
#2634 = CARTESIAN_POINT('',(0.918544753503,28.055121880098));
#2635 = CARTESIAN_POINT('',(0.881187656583,28.063987799038));
#2636 = CARTESIAN_POINT('',(0.84450440631,28.072229294314));
#2637 = CARTESIAN_POINT('',(0.808461653557,28.079883689867));
#2638 = CARTESIAN_POINT('',(0.7730246343,28.08698714591));
#2639 = CARTESIAN_POINT('',(0.738155535348,28.093574590329));
#2640 = CARTESIAN_POINT('',(0.703828659699,28.099677021653));
#2641 = CARTESIAN_POINT('',(0.670005442626,28.105326088263));
#2642 = CARTESIAN_POINT('',(0.636652934754,28.110550499386));
#2643 = CARTESIAN_POINT('',(0.603739964351,28.115376922845));
#2644 = CARTESIAN_POINT('',(0.571237471799,28.119830000241));
#2645 = CARTESIAN_POINT('',(0.539117837962,28.123932552852));
#2646 = CARTESIAN_POINT('',(0.507354566996,28.127705697872));
#2647 = CARTESIAN_POINT('',(0.475921956995,28.13116895528));
#2648 = CARTESIAN_POINT('',(0.444794773702,28.13434033663));
#2649 = CARTESIAN_POINT('',(0.413948156149,28.137236402435));
#2650 = CARTESIAN_POINT('',(0.383356761766,28.139872382176));
#2651 = CARTESIAN_POINT('',(0.352996845954,28.14226202627));
#2652 = CARTESIAN_POINT('',(0.322854092668,28.144417184496));
#2653 = CARTESIAN_POINT('',(0.292905333897,28.146349283925));
#2654 = CARTESIAN_POINT('',(0.263130890471,28.148068352392));
#2655 = CARTESIAN_POINT('',(0.233511373747,28.14958333837));
#2656 = CARTESIAN_POINT('',(0.204028311792,28.150902102572));
#2657 = CARTESIAN_POINT('',(0.174663772268,28.152031486767));
#2658 = CARTESIAN_POINT('',(0.1454002726,28.152977352024));
#2659 = CARTESIAN_POINT('',(0.116220626997,28.153744611991));
#2660 = CARTESIAN_POINT('',(8.710782453894E-02,28.154337266564));
#2661 = CARTESIAN_POINT('',(5.804489427327E-02,28.154758388965));
#2662 = CARTESIAN_POINT('',(2.901482116125E-02,28.155010248755));
#2663 = CARTESIAN_POINT('',(9.671795849269E-03,28.155066008026));
#2664 = CARTESIAN_POINT('',(-8.881784197001E-16,28.155066082937));
#2665 = ( GEOMETRIC_REPRESENTATION_CONTEXT(2) 
PARAMETRIC_REPRESENTATION_CONTEXT() REPRESENTATION_CONTEXT('2D SPACE',''
  ) );
#2666 = ADVANCED_FACE('',(#2667),#2479,.F.);
#2667 = FACE_BOUND('',#2668,.F.);
#2668 = EDGE_LOOP('',(#2669,#2670,#2693,#2724));
#2669 = ORIENTED_EDGE('',*,*,#2168,.T.);
#2670 = ORIENTED_EDGE('',*,*,#2671,.F.);
#2671 = EDGE_CURVE('',#2672,#2169,#2674,.T.);
#2672 = VERTEX_POINT('',#2673);
#2673 = CARTESIAN_POINT('',(-9.797174393179E-16,-74.8,206.7));
#2674 = SEAM_CURVE('',#2675,(#2679,#2686),.PCURVE_S1.);
#2675 = LINE('',#2676,#2677);
#2676 = CARTESIAN_POINT('',(-9.797174393179E-16,-84.8,206.7));
#2677 = VECTOR('',#2678,1.);
#2678 = DIRECTION('',(0.,1.,0.));
#2679 = PCURVE('',#2479,#2680);
#2680 = DEFINITIONAL_REPRESENTATION('',(#2681),#2685);
#2681 = LINE('',#2682,#2683);
#2682 = CARTESIAN_POINT('',(0.,-0.));
#2683 = VECTOR('',#2684,1.);
#2684 = DIRECTION('',(0.,1.));
#2685 = ( GEOMETRIC_REPRESENTATION_CONTEXT(2) 
PARAMETRIC_REPRESENTATION_CONTEXT() REPRESENTATION_CONTEXT('2D SPACE',''
  ) );
#2686 = PCURVE('',#2479,#2687);
#2687 = DEFINITIONAL_REPRESENTATION('',(#2688),#2692);
#2688 = LINE('',#2689,#2690);
#2689 = CARTESIAN_POINT('',(6.28318530718,-0.));
#2690 = VECTOR('',#2691,1.);
#2691 = DIRECTION('',(0.,1.));
#2692 = ( GEOMETRIC_REPRESENTATION_CONTEXT(2) 
PARAMETRIC_REPRESENTATION_CONTEXT() REPRESENTATION_CONTEXT('2D SPACE',''
  ) );
#2693 = ORIENTED_EDGE('',*,*,#2694,.T.);
#2694 = EDGE_CURVE('',#2672,#2672,#2695,.T.);
#2695 = SURFACE_CURVE('',#2696,(#2701,#2708),.PCURVE_S1.);
#2696 = CIRCLE('',#2697,4.);
#2697 = AXIS2_PLACEMENT_3D('',#2698,#2699,#2700);
#2698 = CARTESIAN_POINT('',(0.,-74.8,202.7));
#2699 = DIRECTION('',(0.,1.,0.));
#2700 = DIRECTION('',(0.,-0.,1.));
#2701 = PCURVE('',#2479,#2702);
#2702 = DEFINITIONAL_REPRESENTATION('',(#2703),#2707);
#2703 = LINE('',#2704,#2705);
#2704 = CARTESIAN_POINT('',(0.,10.));
#2705 = VECTOR('',#2706,1.);
#2706 = DIRECTION('',(1.,0.));
#2707 = ( GEOMETRIC_REPRESENTATION_CONTEXT(2) 
PARAMETRIC_REPRESENTATION_CONTEXT() REPRESENTATION_CONTEXT('2D SPACE',''
  ) );
#2708 = PCURVE('',#2709,#2714);
#2709 = PLANE('',#2710);
#2710 = AXIS2_PLACEMENT_3D('',#2711,#2712,#2713);
#2711 = CARTESIAN_POINT('',(0.,-74.8,202.7));
#2712 = DIRECTION('',(0.,-1.,0.));
#2713 = DIRECTION('',(0.,-0.,-1.));
#2714 = DEFINITIONAL_REPRESENTATION('',(#2715),#2723);
#2715 = ( BOUNDED_CURVE() B_SPLINE_CURVE(2,(#2716,#2717,#2718,#2719,
#2720,#2721,#2722),.UNSPECIFIED.,.T.,.F.) B_SPLINE_CURVE_WITH_KNOTS((1,2
    ,2,2,2,1),(-2.094395102393,0.,2.094395102393,4.188790204786,
6.28318530718,8.377580409573),.UNSPECIFIED.) CURVE() 
GEOMETRIC_REPRESENTATION_ITEM() RATIONAL_B_SPLINE_CURVE((1.,0.5,1.,0.5,
1.,0.5,1.)) REPRESENTATION_ITEM('') );
#2716 = CARTESIAN_POINT('',(-4.,0.));
#2717 = CARTESIAN_POINT('',(-4.,6.928203230276));
#2718 = CARTESIAN_POINT('',(2.,3.464101615138));
#2719 = CARTESIAN_POINT('',(8.,9.797174393179E-16));
#2720 = CARTESIAN_POINT('',(2.,-3.464101615138));
#2721 = CARTESIAN_POINT('',(-4.,-6.928203230276));
#2722 = CARTESIAN_POINT('',(-4.,0.));
#2723 = ( GEOMETRIC_REPRESENTATION_CONTEXT(2) 
PARAMETRIC_REPRESENTATION_CONTEXT() REPRESENTATION_CONTEXT('2D SPACE',''
  ) );
#2724 = ORIENTED_EDGE('',*,*,#2671,.T.);
#2725 = ADVANCED_FACE('',(#2726,#2757),#2709,.T.);
#2726 = FACE_BOUND('',#2727,.T.);
#2727 = EDGE_LOOP('',(#2728));
#2728 = ORIENTED_EDGE('',*,*,#2729,.T.);
#2729 = EDGE_CURVE('',#2730,#2730,#2732,.T.);
#2730 = VERTEX_POINT('',#2731);
#2731 = CARTESIAN_POINT('',(-1.714505518806E-15,-74.8,195.7));
#2732 = SURFACE_CURVE('',#2733,(#2738,#2745),.PCURVE_S1.);
#2733 = CIRCLE('',#2734,7.);
#2734 = AXIS2_PLACEMENT_3D('',#2735,#2736,#2737);
#2735 = CARTESIAN_POINT('',(0.,-74.8,202.7));
#2736 = DIRECTION('',(0.,-1.,0.));
#2737 = DIRECTION('',(0.,-0.,-1.));
#2738 = PCURVE('',#2709,#2739);
#2739 = DEFINITIONAL_REPRESENTATION('',(#2740),#2744);
#2740 = CIRCLE('',#2741,7.);
#2741 = AXIS2_PLACEMENT_2D('',#2742,#2743);
#2742 = CARTESIAN_POINT('',(0.,0.));
#2743 = DIRECTION('',(1.,0.));
#2744 = ( GEOMETRIC_REPRESENTATION_CONTEXT(2) 
PARAMETRIC_REPRESENTATION_CONTEXT() REPRESENTATION_CONTEXT('2D SPACE',''
  ) );
#2745 = PCURVE('',#2746,#2751);
#2746 = CYLINDRICAL_SURFACE('',#2747,7.);
#2747 = AXIS2_PLACEMENT_3D('',#2748,#2749,#2750);
#2748 = CARTESIAN_POINT('',(0.,-63.8,202.7));
#2749 = DIRECTION('',(0.,-1.,0.));
#2750 = DIRECTION('',(0.,-0.,-1.));
#2751 = DEFINITIONAL_REPRESENTATION('',(#2752),#2756);
#2752 = LINE('',#2753,#2754);
#2753 = CARTESIAN_POINT('',(0.,11.));
#2754 = VECTOR('',#2755,1.);
#2755 = DIRECTION('',(1.,0.));
#2756 = ( GEOMETRIC_REPRESENTATION_CONTEXT(2) 
PARAMETRIC_REPRESENTATION_CONTEXT() REPRESENTATION_CONTEXT('2D SPACE',''
  ) );
#2757 = FACE_BOUND('',#2758,.T.);
#2758 = EDGE_LOOP('',(#2759));
#2759 = ORIENTED_EDGE('',*,*,#2694,.T.);
#2760 = ADVANCED_FACE('',(#2761),#2746,.T.);
#2761 = FACE_BOUND('',#2762,.T.);
#2762 = EDGE_LOOP('',(#2763,#2786,#2787,#2788));
#2763 = ORIENTED_EDGE('',*,*,#2764,.T.);
#2764 = EDGE_CURVE('',#2765,#2730,#2767,.T.);
#2765 = VERTEX_POINT('',#2766);
#2766 = CARTESIAN_POINT('',(-1.714505518806E-15,-64.8,195.7));
#2767 = SEAM_CURVE('',#2768,(#2772,#2779),.PCURVE_S1.);
#2768 = LINE('',#2769,#2770);
#2769 = CARTESIAN_POINT('',(-1.714505518806E-15,-63.8,195.7));
#2770 = VECTOR('',#2771,1.);
#2771 = DIRECTION('',(0.,-1.,0.));
#2772 = PCURVE('',#2746,#2773);
#2773 = DEFINITIONAL_REPRESENTATION('',(#2774),#2778);
#2774 = LINE('',#2775,#2776);
#2775 = CARTESIAN_POINT('',(6.28318530718,-0.));
#2776 = VECTOR('',#2777,1.);
#2777 = DIRECTION('',(0.,1.));
#2778 = ( GEOMETRIC_REPRESENTATION_CONTEXT(2) 
PARAMETRIC_REPRESENTATION_CONTEXT() REPRESENTATION_CONTEXT('2D SPACE',''
  ) );
#2779 = PCURVE('',#2746,#2780);
#2780 = DEFINITIONAL_REPRESENTATION('',(#2781),#2785);
#2781 = LINE('',#2782,#2783);
#2782 = CARTESIAN_POINT('',(0.,-0.));
#2783 = VECTOR('',#2784,1.);
#2784 = DIRECTION('',(0.,1.));
#2785 = ( GEOMETRIC_REPRESENTATION_CONTEXT(2) 
PARAMETRIC_REPRESENTATION_CONTEXT() REPRESENTATION_CONTEXT('2D SPACE',''
  ) );
#2786 = ORIENTED_EDGE('',*,*,#2729,.F.);
#2787 = ORIENTED_EDGE('',*,*,#2764,.F.);
#2788 = ORIENTED_EDGE('',*,*,#2789,.T.);
#2789 = EDGE_CURVE('',#2765,#2765,#2790,.T.);
#2790 = SURFACE_CURVE('',#2791,(#2796,#2803),.PCURVE_S1.);
#2791 = CIRCLE('',#2792,7.);
#2792 = AXIS2_PLACEMENT_3D('',#2793,#2794,#2795);
#2793 = CARTESIAN_POINT('',(0.,-64.8,202.7));
#2794 = DIRECTION('',(0.,-1.,0.));
#2795 = DIRECTION('',(0.,-0.,-1.));
#2796 = PCURVE('',#2746,#2797);
#2797 = DEFINITIONAL_REPRESENTATION('',(#2798),#2802);
#2798 = LINE('',#2799,#2800);
#2799 = CARTESIAN_POINT('',(0.,1.));
#2800 = VECTOR('',#2801,1.);
#2801 = DIRECTION('',(1.,0.));
#2802 = ( GEOMETRIC_REPRESENTATION_CONTEXT(2) 
PARAMETRIC_REPRESENTATION_CONTEXT() REPRESENTATION_CONTEXT('2D SPACE',''
  ) );
#2803 = PCURVE('',#2804,#2809);
#2804 = PLANE('',#2805);
#2805 = AXIS2_PLACEMENT_3D('',#2806,#2807,#2808);
#2806 = CARTESIAN_POINT('',(-64.8,-64.8,167.4));
#2807 = DIRECTION('',(0.,1.,0.));
#2808 = DIRECTION('',(0.,0.,1.));
#2809 = DEFINITIONAL_REPRESENTATION('',(#2810),#2818);
#2810 = ( BOUNDED_CURVE() B_SPLINE_CURVE(2,(#2811,#2812,#2813,#2814,
#2815,#2816,#2817),.UNSPECIFIED.,.T.,.F.) B_SPLINE_CURVE_WITH_KNOTS((1,2
    ,2,2,2,1),(-2.094395102393,0.,2.094395102393,4.188790204786,
6.28318530718,8.377580409573),.UNSPECIFIED.) CURVE() 
GEOMETRIC_REPRESENTATION_ITEM() RATIONAL_B_SPLINE_CURVE((1.,0.5,1.,0.5,
1.,0.5,1.)) REPRESENTATION_ITEM('') );
#2811 = CARTESIAN_POINT('',(28.3,64.8));
#2812 = CARTESIAN_POINT('',(28.3,76.924355652982));
#2813 = CARTESIAN_POINT('',(38.8,70.862177826491));
#2814 = CARTESIAN_POINT('',(49.3,64.8));
#2815 = CARTESIAN_POINT('',(38.8,58.737822173509));
#2816 = CARTESIAN_POINT('',(28.3,52.675644347018));
#2817 = CARTESIAN_POINT('',(28.3,64.8));
#2818 = ( GEOMETRIC_REPRESENTATION_CONTEXT(2) 
PARAMETRIC_REPRESENTATION_CONTEXT() REPRESENTATION_CONTEXT('2D SPACE',''
  ) );
#2819 = ADVANCED_FACE('',(#2820,#3016),#2804,.F.);
#2820 = FACE_BOUND('',#2821,.F.);
#2821 = EDGE_LOOP('',(#2822,#2852,#2875,#2898,#2921,#2949,#2972,#2995));
#2822 = ORIENTED_EDGE('',*,*,#2823,.F.);
#2823 = EDGE_CURVE('',#2824,#2826,#2828,.T.);
#2824 = VERTEX_POINT('',#2825);
#2825 = CARTESIAN_POINT('',(-64.8,-64.8,167.4));
#2826 = VERTEX_POINT('',#2827);
#2827 = CARTESIAN_POINT('',(-64.09671336893,-64.8,167.4));
#2828 = SURFACE_CURVE('',#2829,(#2833,#2840),.PCURVE_S1.);
#2829 = LINE('',#2830,#2831);
#2830 = CARTESIAN_POINT('',(-64.8,-64.8,167.4));
#2831 = VECTOR('',#2832,1.);
#2832 = DIRECTION('',(1.,0.,0.));
#2833 = PCURVE('',#2804,#2834);
#2834 = DEFINITIONAL_REPRESENTATION('',(#2835),#2839);
#2835 = LINE('',#2836,#2837);
#2836 = CARTESIAN_POINT('',(0.,0.));
#2837 = VECTOR('',#2838,1.);
#2838 = DIRECTION('',(0.,1.));
#2839 = ( GEOMETRIC_REPRESENTATION_CONTEXT(2) 
PARAMETRIC_REPRESENTATION_CONTEXT() REPRESENTATION_CONTEXT('2D SPACE',''
  ) );
#2840 = PCURVE('',#2841,#2846);
#2841 = PLANE('',#2842);
#2842 = AXIS2_PLACEMENT_3D('',#2843,#2844,#2845);
#2843 = CARTESIAN_POINT('',(-64.8,-64.8,167.4));
#2844 = DIRECTION('',(0.,0.,1.));
#2845 = DIRECTION('',(1.,0.,0.));
#2846 = DEFINITIONAL_REPRESENTATION('',(#2847),#2851);
#2847 = LINE('',#2848,#2849);
#2848 = CARTESIAN_POINT('',(0.,0.));
#2849 = VECTOR('',#2850,1.);
#2850 = DIRECTION('',(1.,0.));
#2851 = ( GEOMETRIC_REPRESENTATION_CONTEXT(2) 
PARAMETRIC_REPRESENTATION_CONTEXT() REPRESENTATION_CONTEXT('2D SPACE',''
  ) );
#2852 = ORIENTED_EDGE('',*,*,#2853,.F.);
#2853 = EDGE_CURVE('',#2854,#2824,#2856,.T.);
#2854 = VERTEX_POINT('',#2855);
#2855 = CARTESIAN_POINT('',(-64.8,-64.8,216.6));
#2856 = SURFACE_CURVE('',#2857,(#2861,#2868),.PCURVE_S1.);
#2857 = LINE('',#2858,#2859);
#2858 = CARTESIAN_POINT('',(-64.8,-64.8,216.6));
#2859 = VECTOR('',#2860,1.);
#2860 = DIRECTION('',(0.,0.,-1.));
#2861 = PCURVE('',#2804,#2862);
#2862 = DEFINITIONAL_REPRESENTATION('',(#2863),#2867);
#2863 = LINE('',#2864,#2865);
#2864 = CARTESIAN_POINT('',(49.2,0.));
#2865 = VECTOR('',#2866,1.);
#2866 = DIRECTION('',(-1.,0.));
#2867 = ( GEOMETRIC_REPRESENTATION_CONTEXT(2) 
PARAMETRIC_REPRESENTATION_CONTEXT() REPRESENTATION_CONTEXT('2D SPACE',''
  ) );
#2868 = PCURVE('',#664,#2869);
#2869 = DEFINITIONAL_REPRESENTATION('',(#2870),#2874);
#2870 = LINE('',#2871,#2872);
#2871 = CARTESIAN_POINT('',(49.2,0.));
#2872 = VECTOR('',#2873,1.);
#2873 = DIRECTION('',(-1.,0.));
#2874 = ( GEOMETRIC_REPRESENTATION_CONTEXT(2) 
PARAMETRIC_REPRESENTATION_CONTEXT() REPRESENTATION_CONTEXT('2D SPACE',''
  ) );
#2875 = ORIENTED_EDGE('',*,*,#2876,.T.);
#2876 = EDGE_CURVE('',#2854,#2877,#2879,.T.);
#2877 = VERTEX_POINT('',#2878);
#2878 = CARTESIAN_POINT('',(64.8,-64.8,216.6));
#2879 = SURFACE_CURVE('',#2880,(#2884,#2891),.PCURVE_S1.);
#2880 = LINE('',#2881,#2882);
#2881 = CARTESIAN_POINT('',(-64.8,-64.8,216.6));
#2882 = VECTOR('',#2883,1.);
#2883 = DIRECTION('',(1.,0.,0.));
#2884 = PCURVE('',#2804,#2885);
#2885 = DEFINITIONAL_REPRESENTATION('',(#2886),#2890);
#2886 = LINE('',#2887,#2888);
#2887 = CARTESIAN_POINT('',(49.2,0.));
#2888 = VECTOR('',#2889,1.);
#2889 = DIRECTION('',(0.,1.));
#2890 = ( GEOMETRIC_REPRESENTATION_CONTEXT(2) 
PARAMETRIC_REPRESENTATION_CONTEXT() REPRESENTATION_CONTEXT('2D SPACE',''
  ) );
#2891 = PCURVE('',#692,#2892);
#2892 = DEFINITIONAL_REPRESENTATION('',(#2893),#2897);
#2893 = LINE('',#2894,#2895);
#2894 = CARTESIAN_POINT('',(0.,0.));
#2895 = VECTOR('',#2896,1.);
#2896 = DIRECTION('',(1.,0.));
#2897 = ( GEOMETRIC_REPRESENTATION_CONTEXT(2) 
PARAMETRIC_REPRESENTATION_CONTEXT() REPRESENTATION_CONTEXT('2D SPACE',''
  ) );
#2898 = ORIENTED_EDGE('',*,*,#2899,.F.);
#2899 = EDGE_CURVE('',#2900,#2877,#2902,.T.);
#2900 = VERTEX_POINT('',#2901);
#2901 = CARTESIAN_POINT('',(64.8,-64.8,167.4));
#2902 = SURFACE_CURVE('',#2903,(#2907,#2914),.PCURVE_S1.);
#2903 = LINE('',#2904,#2905);
#2904 = CARTESIAN_POINT('',(64.8,-64.8,167.4));
#2905 = VECTOR('',#2906,1.);
#2906 = DIRECTION('',(0.,0.,1.));
#2907 = PCURVE('',#2804,#2908);
#2908 = DEFINITIONAL_REPRESENTATION('',(#2909),#2913);
#2909 = LINE('',#2910,#2911);
#2910 = CARTESIAN_POINT('',(0.,129.6));
#2911 = VECTOR('',#2912,1.);
#2912 = DIRECTION('',(1.,0.));
#2913 = ( GEOMETRIC_REPRESENTATION_CONTEXT(2) 
PARAMETRIC_REPRESENTATION_CONTEXT() REPRESENTATION_CONTEXT('2D SPACE',''
  ) );
#2914 = PCURVE('',#580,#2915);
#2915 = DEFINITIONAL_REPRESENTATION('',(#2916),#2920);
#2916 = LINE('',#2917,#2918);
#2917 = CARTESIAN_POINT('',(0.,0.));
#2918 = VECTOR('',#2919,1.);
#2919 = DIRECTION('',(1.,0.));
#2920 = ( GEOMETRIC_REPRESENTATION_CONTEXT(2) 
PARAMETRIC_REPRESENTATION_CONTEXT() REPRESENTATION_CONTEXT('2D SPACE',''
  ) );
#2921 = ORIENTED_EDGE('',*,*,#2922,.F.);
#2922 = EDGE_CURVE('',#2923,#2900,#2925,.T.);
#2923 = VERTEX_POINT('',#2924);
#2924 = CARTESIAN_POINT('',(64.096713368932,-64.8,167.4));
#2925 = SURFACE_CURVE('',#2926,(#2930,#2937),.PCURVE_S1.);
#2926 = LINE('',#2927,#2928);
#2927 = CARTESIAN_POINT('',(-64.8,-64.8,167.4));
#2928 = VECTOR('',#2929,1.);
#2929 = DIRECTION('',(1.,0.,0.));
#2930 = PCURVE('',#2804,#2931);
#2931 = DEFINITIONAL_REPRESENTATION('',(#2932),#2936);
#2932 = LINE('',#2933,#2934);
#2933 = CARTESIAN_POINT('',(0.,0.));
#2934 = VECTOR('',#2935,1.);
#2935 = DIRECTION('',(0.,1.));
#2936 = ( GEOMETRIC_REPRESENTATION_CONTEXT(2) 
PARAMETRIC_REPRESENTATION_CONTEXT() REPRESENTATION_CONTEXT('2D SPACE',''
  ) );
#2937 = PCURVE('',#2938,#2943);
#2938 = PLANE('',#2939);
#2939 = AXIS2_PLACEMENT_3D('',#2940,#2941,#2942);
#2940 = CARTESIAN_POINT('',(-64.8,-64.8,167.4));
#2941 = DIRECTION('',(0.,0.,1.));
#2942 = DIRECTION('',(1.,0.,0.));
#2943 = DEFINITIONAL_REPRESENTATION('',(#2944),#2948);
#2944 = LINE('',#2945,#2946);
#2945 = CARTESIAN_POINT('',(0.,0.));
#2946 = VECTOR('',#2947,1.);
#2947 = DIRECTION('',(1.,0.));
#2948 = ( GEOMETRIC_REPRESENTATION_CONTEXT(2) 
PARAMETRIC_REPRESENTATION_CONTEXT() REPRESENTATION_CONTEXT('2D SPACE',''
  ) );
#2949 = ORIENTED_EDGE('',*,*,#2950,.F.);
#2950 = EDGE_CURVE('',#2951,#2923,#2953,.T.);
#2951 = VERTEX_POINT('',#2952);
#2952 = CARTESIAN_POINT('',(64.096713368933,-64.8,167.6));
#2953 = SURFACE_CURVE('',#2954,(#2958,#2965),.PCURVE_S1.);
#2954 = LINE('',#2955,#2956);
#2955 = CARTESIAN_POINT('',(64.096713368933,-64.8,161.6));
#2956 = VECTOR('',#2957,1.);
#2957 = DIRECTION('',(-0.,-0.,-1.));
#2958 = PCURVE('',#2804,#2959);
#2959 = DEFINITIONAL_REPRESENTATION('',(#2960),#2964);
#2960 = LINE('',#2961,#2962);
#2961 = CARTESIAN_POINT('',(-5.8,128.89671336893));
#2962 = VECTOR('',#2963,1.);
#2963 = DIRECTION('',(-1.,0.));
#2964 = ( GEOMETRIC_REPRESENTATION_CONTEXT(2) 
PARAMETRIC_REPRESENTATION_CONTEXT() REPRESENTATION_CONTEXT('2D SPACE',''
  ) );
#2965 = PCURVE('',#264,#2966);
#2966 = DEFINITIONAL_REPRESENTATION('',(#2967),#2971);
#2967 = LINE('',#2968,#2969);
#2968 = CARTESIAN_POINT('',(-2.579056409046,0.));
#2969 = VECTOR('',#2970,1.);
#2970 = DIRECTION('',(-0.,1.));
#2971 = ( GEOMETRIC_REPRESENTATION_CONTEXT(2) 
PARAMETRIC_REPRESENTATION_CONTEXT() REPRESENTATION_CONTEXT('2D SPACE',''
  ) );
#2972 = ORIENTED_EDGE('',*,*,#2973,.T.);
#2973 = EDGE_CURVE('',#2951,#2974,#2976,.T.);
#2974 = VERTEX_POINT('',#2975);
#2975 = CARTESIAN_POINT('',(-64.09671336893,-64.8,167.6));
#2976 = SURFACE_CURVE('',#2977,(#2981,#2988),.PCURVE_S1.);
#2977 = LINE('',#2978,#2979);
#2978 = CARTESIAN_POINT('',(-68.9,-64.8,167.6));
#2979 = VECTOR('',#2980,1.);
#2980 = DIRECTION('',(-1.,0.,0.));
#2981 = PCURVE('',#2804,#2982);
#2982 = DEFINITIONAL_REPRESENTATION('',(#2983),#2987);
#2983 = LINE('',#2984,#2985);
#2984 = CARTESIAN_POINT('',(0.2,-4.1));
#2985 = VECTOR('',#2986,1.);
#2986 = DIRECTION('',(0.,-1.));
#2987 = ( GEOMETRIC_REPRESENTATION_CONTEXT(2) 
PARAMETRIC_REPRESENTATION_CONTEXT() REPRESENTATION_CONTEXT('2D SPACE',''
  ) );
#2988 = PCURVE('',#126,#2989);
#2989 = DEFINITIONAL_REPRESENTATION('',(#2990),#2994);
#2990 = LINE('',#2991,#2992);
#2991 = CARTESIAN_POINT('',(4.1,8.2));
#2992 = VECTOR('',#2993,1.);
#2993 = DIRECTION('',(-1.,0.));
#2994 = ( GEOMETRIC_REPRESENTATION_CONTEXT(2) 
PARAMETRIC_REPRESENTATION_CONTEXT() REPRESENTATION_CONTEXT('2D SPACE',''
  ) );
#2995 = ORIENTED_EDGE('',*,*,#2996,.T.);
#2996 = EDGE_CURVE('',#2974,#2826,#2997,.T.);
#2997 = SURFACE_CURVE('',#2998,(#3002,#3009),.PCURVE_S1.);
#2998 = LINE('',#2999,#3000);
#2999 = CARTESIAN_POINT('',(-64.09671336893,-64.8,161.6));
#3000 = VECTOR('',#3001,1.);
#3001 = DIRECTION('',(-0.,-0.,-1.));
#3002 = PCURVE('',#2804,#3003);
#3003 = DEFINITIONAL_REPRESENTATION('',(#3004),#3008);
#3004 = LINE('',#3005,#3006);
#3005 = CARTESIAN_POINT('',(-5.8,0.703286631067));
#3006 = VECTOR('',#3007,1.);
#3007 = DIRECTION('',(-1.,0.));
#3008 = ( GEOMETRIC_REPRESENTATION_CONTEXT(2) 
PARAMETRIC_REPRESENTATION_CONTEXT() REPRESENTATION_CONTEXT('2D SPACE',''
  ) );
#3009 = PCURVE('',#233,#3010);
#3010 = DEFINITIONAL_REPRESENTATION('',(#3011),#3015);
#3011 = LINE('',#3012,#3013);
#3012 = CARTESIAN_POINT('',(-0.562536244544,0.));
#3013 = VECTOR('',#3014,1.);
#3014 = DIRECTION('',(-0.,1.));
#3015 = ( GEOMETRIC_REPRESENTATION_CONTEXT(2) 
PARAMETRIC_REPRESENTATION_CONTEXT() REPRESENTATION_CONTEXT('2D SPACE',''
  ) );
#3016 = FACE_BOUND('',#3017,.F.);
#3017 = EDGE_LOOP('',(#3018));
#3018 = ORIENTED_EDGE('',*,*,#2789,.T.);
#3019 = ADVANCED_FACE('',(#3020),#2938,.F.);
#3020 = FACE_BOUND('',#3021,.F.);
#3021 = EDGE_LOOP('',(#3022,#3050,#3051));
#3022 = ORIENTED_EDGE('',*,*,#3023,.F.);
#3023 = EDGE_CURVE('',#2923,#3024,#3026,.T.);
#3024 = VERTEX_POINT('',#3025);
#3025 = CARTESIAN_POINT('',(64.8,-64.09671336893,167.4));
#3026 = SURFACE_CURVE('',#3027,(#3032,#3043),.PCURVE_S1.);
#3027 = CIRCLE('',#3028,2.25);
#3028 = AXIS2_PLACEMENT_3D('',#3029,#3030,#3031);
#3029 = CARTESIAN_POINT('',(66.,-66.,167.4));
#3030 = DIRECTION('',(0.,0.,-1.));
#3031 = DIRECTION('',(1.,0.,0.));
#3032 = PCURVE('',#2938,#3033);
#3033 = DEFINITIONAL_REPRESENTATION('',(#3034),#3042);
#3034 = ( BOUNDED_CURVE() B_SPLINE_CURVE(2,(#3035,#3036,#3037,#3038,
#3039,#3040,#3041),.UNSPECIFIED.,.T.,.F.) B_SPLINE_CURVE_WITH_KNOTS((1,2
    ,2,2,2,1),(-2.094395102393,0.,2.094395102393,4.188790204786,
6.28318530718,8.377580409573),.UNSPECIFIED.) CURVE() 
GEOMETRIC_REPRESENTATION_ITEM() RATIONAL_B_SPLINE_CURVE((1.,0.5,1.,0.5,
1.,0.5,1.)) REPRESENTATION_ITEM('') );
#3035 = CARTESIAN_POINT('',(133.05,-1.2));
#3036 = CARTESIAN_POINT('',(133.05,-5.09711431703));
#3037 = CARTESIAN_POINT('',(129.675,-3.148557158515));
#3038 = CARTESIAN_POINT('',(126.3,-1.2));
#3039 = CARTESIAN_POINT('',(129.675,0.748557158515));
#3040 = CARTESIAN_POINT('',(133.05,2.69711431703));
#3041 = CARTESIAN_POINT('',(133.05,-1.2));
#3042 = ( GEOMETRIC_REPRESENTATION_CONTEXT(2) 
PARAMETRIC_REPRESENTATION_CONTEXT() REPRESENTATION_CONTEXT('2D SPACE',''
  ) );
#3043 = PCURVE('',#264,#3044);
#3044 = DEFINITIONAL_REPRESENTATION('',(#3045),#3049);
#3045 = LINE('',#3046,#3047);
#3046 = CARTESIAN_POINT('',(-6.28318530718,-5.8));
#3047 = VECTOR('',#3048,1.);
#3048 = DIRECTION('',(1.,-0.));
#3049 = ( GEOMETRIC_REPRESENTATION_CONTEXT(2) 
PARAMETRIC_REPRESENTATION_CONTEXT() REPRESENTATION_CONTEXT('2D SPACE',''
  ) );
#3050 = ORIENTED_EDGE('',*,*,#2922,.T.);
#3051 = ORIENTED_EDGE('',*,*,#3052,.T.);
#3052 = EDGE_CURVE('',#2900,#3024,#3053,.T.);
#3053 = SURFACE_CURVE('',#3054,(#3058,#3065),.PCURVE_S1.);
#3054 = LINE('',#3055,#3056);
#3055 = CARTESIAN_POINT('',(64.8,-64.8,167.4));
#3056 = VECTOR('',#3057,1.);
#3057 = DIRECTION('',(0.,1.,0.));
#3058 = PCURVE('',#2938,#3059);
#3059 = DEFINITIONAL_REPRESENTATION('',(#3060),#3064);
#3060 = LINE('',#3061,#3062);
#3061 = CARTESIAN_POINT('',(129.6,0.));
#3062 = VECTOR('',#3063,1.);
#3063 = DIRECTION('',(0.,1.));
#3064 = ( GEOMETRIC_REPRESENTATION_CONTEXT(2) 
PARAMETRIC_REPRESENTATION_CONTEXT() REPRESENTATION_CONTEXT('2D SPACE',''
  ) );
#3065 = PCURVE('',#580,#3066);
#3066 = DEFINITIONAL_REPRESENTATION('',(#3067),#3071);
#3067 = LINE('',#3068,#3069);
#3068 = CARTESIAN_POINT('',(0.,0.));
#3069 = VECTOR('',#3070,1.);
#3070 = DIRECTION('',(0.,-1.));
#3071 = ( GEOMETRIC_REPRESENTATION_CONTEXT(2) 
PARAMETRIC_REPRESENTATION_CONTEXT() REPRESENTATION_CONTEXT('2D SPACE',''
  ) );
#3072 = ADVANCED_FACE('',(#3073),#2841,.F.);
#3073 = FACE_BOUND('',#3074,.F.);
#3074 = EDGE_LOOP('',(#3075,#3098,#3099));
#3075 = ORIENTED_EDGE('',*,*,#3076,.F.);
#3076 = EDGE_CURVE('',#2824,#3077,#3079,.T.);
#3077 = VERTEX_POINT('',#3078);
#3078 = CARTESIAN_POINT('',(-64.8,-64.09671336893,167.4));
#3079 = SURFACE_CURVE('',#3080,(#3084,#3091),.PCURVE_S1.);
#3080 = LINE('',#3081,#3082);
#3081 = CARTESIAN_POINT('',(-64.8,-64.8,167.4));
#3082 = VECTOR('',#3083,1.);
#3083 = DIRECTION('',(0.,1.,0.));
#3084 = PCURVE('',#2841,#3085);
#3085 = DEFINITIONAL_REPRESENTATION('',(#3086),#3090);
#3086 = LINE('',#3087,#3088);
#3087 = CARTESIAN_POINT('',(0.,0.));
#3088 = VECTOR('',#3089,1.);
#3089 = DIRECTION('',(0.,1.));
#3090 = ( GEOMETRIC_REPRESENTATION_CONTEXT(2) 
PARAMETRIC_REPRESENTATION_CONTEXT() REPRESENTATION_CONTEXT('2D SPACE',''
  ) );
#3091 = PCURVE('',#664,#3092);
#3092 = DEFINITIONAL_REPRESENTATION('',(#3093),#3097);
#3093 = LINE('',#3094,#3095);
#3094 = CARTESIAN_POINT('',(0.,0.));
#3095 = VECTOR('',#3096,1.);
#3096 = DIRECTION('',(0.,-1.));
#3097 = ( GEOMETRIC_REPRESENTATION_CONTEXT(2) 
PARAMETRIC_REPRESENTATION_CONTEXT() REPRESENTATION_CONTEXT('2D SPACE',''
  ) );
#3098 = ORIENTED_EDGE('',*,*,#2823,.T.);
#3099 = ORIENTED_EDGE('',*,*,#3100,.F.);
#3100 = EDGE_CURVE('',#3077,#2826,#3101,.T.);
#3101 = SURFACE_CURVE('',#3102,(#3107,#3118),.PCURVE_S1.);
#3102 = CIRCLE('',#3103,2.25);
#3103 = AXIS2_PLACEMENT_3D('',#3104,#3105,#3106);
#3104 = CARTESIAN_POINT('',(-66.,-66.,167.4));
#3105 = DIRECTION('',(0.,0.,-1.));
#3106 = DIRECTION('',(1.,0.,0.));
#3107 = PCURVE('',#2841,#3108);
#3108 = DEFINITIONAL_REPRESENTATION('',(#3109),#3117);
#3109 = ( BOUNDED_CURVE() B_SPLINE_CURVE(2,(#3110,#3111,#3112,#3113,
#3114,#3115,#3116),.UNSPECIFIED.,.T.,.F.) B_SPLINE_CURVE_WITH_KNOTS((1,2
    ,2,2,2,1),(-2.094395102393,0.,2.094395102393,4.188790204786,
6.28318530718,8.377580409573),.UNSPECIFIED.) CURVE() 
GEOMETRIC_REPRESENTATION_ITEM() RATIONAL_B_SPLINE_CURVE((1.,0.5,1.,0.5,
1.,0.5,1.)) REPRESENTATION_ITEM('') );
#3110 = CARTESIAN_POINT('',(1.05,-1.2));
#3111 = CARTESIAN_POINT('',(1.05,-5.09711431703));
#3112 = CARTESIAN_POINT('',(-2.325,-3.148557158515));
#3113 = CARTESIAN_POINT('',(-5.7,-1.2));
#3114 = CARTESIAN_POINT('',(-2.325,0.748557158515));
#3115 = CARTESIAN_POINT('',(1.05,2.69711431703));
#3116 = CARTESIAN_POINT('',(1.05,-1.2));
#3117 = ( GEOMETRIC_REPRESENTATION_CONTEXT(2) 
PARAMETRIC_REPRESENTATION_CONTEXT() REPRESENTATION_CONTEXT('2D SPACE',''
  ) );
#3118 = PCURVE('',#233,#3119);
#3119 = DEFINITIONAL_REPRESENTATION('',(#3120),#3124);
#3120 = LINE('',#3121,#3122);
#3121 = CARTESIAN_POINT('',(-6.28318530718,-5.8));
#3122 = VECTOR('',#3123,1.);
#3123 = DIRECTION('',(1.,-0.));
#3124 = ( GEOMETRIC_REPRESENTATION_CONTEXT(2) 
PARAMETRIC_REPRESENTATION_CONTEXT() REPRESENTATION_CONTEXT('2D SPACE',''
  ) );
#3125 = ADVANCED_FACE('',(#3126),#1479,.F.);
#3126 = FACE_BOUND('',#3127,.F.);
#3127 = EDGE_LOOP('',(#3128,#3129,#3177,#3178));
#3128 = ORIENTED_EDGE('',*,*,#1464,.F.);
#3129 = ORIENTED_EDGE('',*,*,#3130,.F.);
#3130 = EDGE_CURVE('',#2095,#1410,#3131,.T.);
#3131 = SURFACE_CURVE('',#3132,(#3145,#3161),.PCURVE_S1.);
#3132 = B_SPLINE_CURVE_WITH_KNOTS('',6,(#3133,#3134,#3135,#3136,#3137,
    #3138,#3139,#3140,#3141,#3142,#3143,#3144),.UNSPECIFIED.,.F.,.F.,(7,
    5,7),(0.,0.5,1.),.UNSPECIFIED.);
#3133 = CARTESIAN_POINT('',(-60.70659902972,-60.70659902972,167.6));
#3134 = CARTESIAN_POINT('',(-60.7294402422,-50.59196648889,167.6));
#3135 = CARTESIAN_POINT('',(-60.74868840935,-40.47553147031,167.6));
#3136 = CARTESIAN_POINT('',(-60.76364193259,-30.35764879996,167.6));
#3137 = CARTESIAN_POINT('',(-60.77378376463,-20.23876579227,167.6));
#3138 = CARTESIAN_POINT('',(-60.77885462553,-10.11938286014,167.6));
#3139 = CARTESIAN_POINT('',(-60.77885462553,10.11938286014,167.6));
#3140 = CARTESIAN_POINT('',(-60.77378376463,20.238765792281,167.6));
#3141 = CARTESIAN_POINT('',(-60.76364193259,30.357648799966,167.6));
#3142 = CARTESIAN_POINT('',(-60.74868840935,40.475531470312,167.6));
#3143 = CARTESIAN_POINT('',(-60.7294402422,50.591966488894,167.6));
#3144 = CARTESIAN_POINT('',(-60.70659902972,60.70659902972,167.6));
#3145 = PCURVE('',#1479,#3146);
#3146 = DEFINITIONAL_REPRESENTATION('',(#3147),#3160);
#3147 = B_SPLINE_CURVE_WITH_KNOTS('',6,(#3148,#3149,#3150,#3151,#3152,
    #3153,#3154,#3155,#3156,#3157,#3158,#3159),.UNSPECIFIED.,.F.,.F.,(7,
    5,7),(0.,0.5,1.),.UNSPECIFIED.);
#3148 = CARTESIAN_POINT('',(121.6,4.405286343612E-03));
#3149 = CARTESIAN_POINT('',(111.46355472772,4.405286343612E-03));
#3150 = CARTESIAN_POINT('',(101.32889977239,4.405286343612E-03));
#3151 = CARTESIAN_POINT('',(91.195682246969,4.405286343612E-03));
#3152 = CARTESIAN_POINT('',(81.063457530927,4.405286343612E-03));
#3153 = CARTESIAN_POINT('',(70.931728704297,4.405286343612E-03));
#3154 = CARTESIAN_POINT('',(50.668271295703,4.405286343612E-03));
#3155 = CARTESIAN_POINT('',(40.536542469071,4.405286343612E-03));
#3156 = CARTESIAN_POINT('',(30.404317753028,4.405286343613E-03));
#3157 = CARTESIAN_POINT('',(20.271100227613,4.405286343612E-03));
#3158 = CARTESIAN_POINT('',(10.136445272269,4.405286343613E-03));
#3159 = CARTESIAN_POINT('',(0.,4.405286343612E-03));
#3160 = ( GEOMETRIC_REPRESENTATION_CONTEXT(2) 
PARAMETRIC_REPRESENTATION_CONTEXT() REPRESENTATION_CONTEXT('2D SPACE',''
  ) );
#3161 = PCURVE('',#1443,#3162);
#3162 = DEFINITIONAL_REPRESENTATION('',(#3163),#3176);
#3163 = B_SPLINE_CURVE_WITH_KNOTS('',6,(#3164,#3165,#3166,#3167,#3168,
    #3169,#3170,#3171,#3172,#3173,#3174,#3175),.UNSPECIFIED.,.F.,.F.,(7,
    5,7),(0.,0.5,1.),.UNSPECIFIED.);
#3164 = CARTESIAN_POINT('',(12.29340097028,12.29340097028));
#3165 = CARTESIAN_POINT('',(12.270559757792,22.408033511108));
#3166 = CARTESIAN_POINT('',(12.251311590645,32.524468529685));
#3167 = CARTESIAN_POINT('',(12.236358067402,42.642351200036));
#3168 = CARTESIAN_POINT('',(12.226216235361,52.761234207721));
#3169 = CARTESIAN_POINT('',(12.221145374468,62.88061713986));
#3170 = CARTESIAN_POINT('',(12.221145374468,83.11938286014));
#3171 = CARTESIAN_POINT('',(12.226216235361,93.238765792281));
#3172 = CARTESIAN_POINT('',(12.236358067402,103.35764879996));
#3173 = CARTESIAN_POINT('',(12.251311590645,113.47553147031));
#3174 = CARTESIAN_POINT('',(12.270559757792,123.59196648889));
#3175 = CARTESIAN_POINT('',(12.29340097028,133.70659902972));
#3176 = ( GEOMETRIC_REPRESENTATION_CONTEXT(2) 
PARAMETRIC_REPRESENTATION_CONTEXT() REPRESENTATION_CONTEXT('2D SPACE',''
  ) );
#3177 = ORIENTED_EDGE('',*,*,#2094,.T.);
#3178 = ORIENTED_EDGE('',*,*,#1851,.T.);
#3179 = ADVANCED_FACE('',(#3180,#3219),#1443,.T.);
#3180 = FACE_BOUND('',#3181,.T.);
#3181 = EDGE_LOOP('',(#3182,#3183,#3184,#3217,#3218));
#3182 = ORIENTED_EDGE('',*,*,#2116,.F.);
#3183 = ORIENTED_EDGE('',*,*,#2035,.F.);
#3184 = ORIENTED_EDGE('',*,*,#3185,.F.);
#3185 = EDGE_CURVE('',#1369,#2036,#3186,.T.);
#3186 = SURFACE_CURVE('',#3187,(#3195,#3206),.PCURVE_S1.);
#3187 = B_SPLINE_CURVE_WITH_KNOTS('',6,(#3188,#3189,#3190,#3191,#3192,
    #3193,#3194),.UNSPECIFIED.,.F.,.F.,(7,7),(0.,1.),
  .PIECEWISE_BEZIER_KNOTS.);
#3188 = CARTESIAN_POINT('',(60.70659902972,60.70659902972,167.6));
#3189 = CARTESIAN_POINT('',(60.729440242208,50.591966488892,167.6));
#3190 = CARTESIAN_POINT('',(60.748688409246,40.475531470317,167.6));
#3191 = CARTESIAN_POINT('',(60.763641932854,30.35764879996,167.6));
#3192 = CARTESIAN_POINT('',(60.773783764442,20.238765792283,167.6));
#3193 = CARTESIAN_POINT('',(60.778854625551,10.11938286014,167.6));
#3194 = CARTESIAN_POINT('',(60.778854625551,0.,167.6));
#3195 = PCURVE('',#1443,#3196);
#3196 = DEFINITIONAL_REPRESENTATION('',(#3197),#3205);
#3197 = B_SPLINE_CURVE_WITH_KNOTS('',6,(#3198,#3199,#3200,#3201,#3202,
    #3203,#3204),.UNSPECIFIED.,.F.,.F.,(7,7),(0.,1.),
  .PIECEWISE_BEZIER_KNOTS.);
#3198 = CARTESIAN_POINT('',(133.70659902972,133.70659902972));
#3199 = CARTESIAN_POINT('',(133.7294402422,123.59196648889));
#3200 = CARTESIAN_POINT('',(133.74868840924,113.47553147031));
#3201 = CARTESIAN_POINT('',(133.76364193285,103.35764879996));
#3202 = CARTESIAN_POINT('',(133.77378376444,93.238765792283));
#3203 = CARTESIAN_POINT('',(133.77885462555,83.11938286014));
#3204 = CARTESIAN_POINT('',(133.77885462555,73.));
#3205 = ( GEOMETRIC_REPRESENTATION_CONTEXT(2) 
PARAMETRIC_REPRESENTATION_CONTEXT() REPRESENTATION_CONTEXT('2D SPACE',''
  ) );
#3206 = PCURVE('',#1385,#3207);
#3207 = DEFINITIONAL_REPRESENTATION('',(#3208),#3216);
#3208 = B_SPLINE_CURVE_WITH_KNOTS('',6,(#3209,#3210,#3211,#3212,#3213,
    #3214,#3215),.UNSPECIFIED.,.F.,.F.,(7,7),(0.,1.),
  .PIECEWISE_BEZIER_KNOTS.);
#3209 = CARTESIAN_POINT('',(121.6,4.405286343612E-03));
#3210 = CARTESIAN_POINT('',(111.46355472772,4.405286343612E-03));
#3211 = CARTESIAN_POINT('',(101.32889977239,4.405286343613E-03));
#3212 = CARTESIAN_POINT('',(91.195682246967,4.405286343612E-03));
#3213 = CARTESIAN_POINT('',(81.063457530932,4.405286343613E-03));
#3214 = CARTESIAN_POINT('',(70.931728704295,4.405286343612E-03));
#3215 = CARTESIAN_POINT('',(60.8,4.405286343612E-03));
#3216 = ( GEOMETRIC_REPRESENTATION_CONTEXT(2) 
PARAMETRIC_REPRESENTATION_CONTEXT() REPRESENTATION_CONTEXT('2D SPACE',''
  ) );
#3217 = ORIENTED_EDGE('',*,*,#1409,.F.);
#3218 = ORIENTED_EDGE('',*,*,#3130,.F.);
#3219 = FACE_BOUND('',#3220,.T.);
#3220 = EDGE_LOOP('',(#3221,#3246,#3269,#3292));
#3221 = ORIENTED_EDGE('',*,*,#3222,.T.);
#3222 = EDGE_CURVE('',#3223,#3225,#3227,.T.);
#3223 = VERTEX_POINT('',#3224);
#3224 = CARTESIAN_POINT('',(-56.8,-56.8,167.6));
#3225 = VERTEX_POINT('',#3226);
#3226 = CARTESIAN_POINT('',(-56.8,56.8,167.6));
#3227 = SURFACE_CURVE('',#3228,(#3232,#3239),.PCURVE_S1.);
#3228 = LINE('',#3229,#3230);
#3229 = CARTESIAN_POINT('',(-56.8,-56.8,167.6));
#3230 = VECTOR('',#3231,1.);
#3231 = DIRECTION('',(0.,1.,0.));
#3232 = PCURVE('',#1443,#3233);
#3233 = DEFINITIONAL_REPRESENTATION('',(#3234),#3238);
#3234 = LINE('',#3235,#3236);
#3235 = CARTESIAN_POINT('',(16.2,16.2));
#3236 = VECTOR('',#3237,1.);
#3237 = DIRECTION('',(0.,1.));
#3238 = ( GEOMETRIC_REPRESENTATION_CONTEXT(2) 
PARAMETRIC_REPRESENTATION_CONTEXT() REPRESENTATION_CONTEXT('2D SPACE',''
  ) );
#3239 = PCURVE('',#327,#3240);
#3240 = DEFINITIONAL_REPRESENTATION('',(#3241),#3245);
#3241 = LINE('',#3242,#3243);
#3242 = CARTESIAN_POINT('',(6.,0.));
#3243 = VECTOR('',#3244,1.);
#3244 = DIRECTION('',(0.,-1.));
#3245 = ( GEOMETRIC_REPRESENTATION_CONTEXT(2) 
PARAMETRIC_REPRESENTATION_CONTEXT() REPRESENTATION_CONTEXT('2D SPACE',''
  ) );
#3246 = ORIENTED_EDGE('',*,*,#3247,.T.);
#3247 = EDGE_CURVE('',#3225,#3248,#3250,.T.);
#3248 = VERTEX_POINT('',#3249);
#3249 = CARTESIAN_POINT('',(56.8,56.8,167.6));
#3250 = SURFACE_CURVE('',#3251,(#3255,#3262),.PCURVE_S1.);
#3251 = LINE('',#3252,#3253);
#3252 = CARTESIAN_POINT('',(-56.8,56.8,167.6));
#3253 = VECTOR('',#3254,1.);
#3254 = DIRECTION('',(1.,0.,0.));
#3255 = PCURVE('',#1443,#3256);
#3256 = DEFINITIONAL_REPRESENTATION('',(#3257),#3261);
#3257 = LINE('',#3258,#3259);
#3258 = CARTESIAN_POINT('',(16.2,129.8));
#3259 = VECTOR('',#3260,1.);
#3260 = DIRECTION('',(1.,0.));
#3261 = ( GEOMETRIC_REPRESENTATION_CONTEXT(2) 
PARAMETRIC_REPRESENTATION_CONTEXT() REPRESENTATION_CONTEXT('2D SPACE',''
  ) );
#3262 = PCURVE('',#355,#3263);
#3263 = DEFINITIONAL_REPRESENTATION('',(#3264),#3268);
#3264 = LINE('',#3265,#3266);
#3265 = CARTESIAN_POINT('',(6.,0.));
#3266 = VECTOR('',#3267,1.);
#3267 = DIRECTION('',(0.,1.));
#3268 = ( GEOMETRIC_REPRESENTATION_CONTEXT(2) 
PARAMETRIC_REPRESENTATION_CONTEXT() REPRESENTATION_CONTEXT('2D SPACE',''
  ) );
#3269 = ORIENTED_EDGE('',*,*,#3270,.F.);
#3270 = EDGE_CURVE('',#3271,#3248,#3273,.T.);
#3271 = VERTEX_POINT('',#3272);
#3272 = CARTESIAN_POINT('',(56.8,-56.8,167.6));
#3273 = SURFACE_CURVE('',#3274,(#3278,#3285),.PCURVE_S1.);
#3274 = LINE('',#3275,#3276);
#3275 = CARTESIAN_POINT('',(56.8,-56.8,167.6));
#3276 = VECTOR('',#3277,1.);
#3277 = DIRECTION('',(0.,1.,0.));
#3278 = PCURVE('',#1443,#3279);
#3279 = DEFINITIONAL_REPRESENTATION('',(#3280),#3284);
#3280 = LINE('',#3281,#3282);
#3281 = CARTESIAN_POINT('',(129.8,16.2));
#3282 = VECTOR('',#3283,1.);
#3283 = DIRECTION('',(0.,1.));
#3284 = ( GEOMETRIC_REPRESENTATION_CONTEXT(2) 
PARAMETRIC_REPRESENTATION_CONTEXT() REPRESENTATION_CONTEXT('2D SPACE',''
  ) );
#3285 = PCURVE('',#383,#3286);
#3286 = DEFINITIONAL_REPRESENTATION('',(#3287),#3291);
#3287 = LINE('',#3288,#3289);
#3288 = CARTESIAN_POINT('',(6.,0.));
#3289 = VECTOR('',#3290,1.);
#3290 = DIRECTION('',(0.,-1.));
#3291 = ( GEOMETRIC_REPRESENTATION_CONTEXT(2) 
PARAMETRIC_REPRESENTATION_CONTEXT() REPRESENTATION_CONTEXT('2D SPACE',''
  ) );
#3292 = ORIENTED_EDGE('',*,*,#3293,.F.);
#3293 = EDGE_CURVE('',#3223,#3271,#3294,.T.);
#3294 = SURFACE_CURVE('',#3295,(#3299,#3306),.PCURVE_S1.);
#3295 = LINE('',#3296,#3297);
#3296 = CARTESIAN_POINT('',(-56.8,-56.8,167.6));
#3297 = VECTOR('',#3298,1.);
#3298 = DIRECTION('',(1.,0.,0.));
#3299 = PCURVE('',#1443,#3300);
#3300 = DEFINITIONAL_REPRESENTATION('',(#3301),#3305);
#3301 = LINE('',#3302,#3303);
#3302 = CARTESIAN_POINT('',(16.2,16.2));
#3303 = VECTOR('',#3304,1.);
#3304 = DIRECTION('',(1.,0.));
#3305 = ( GEOMETRIC_REPRESENTATION_CONTEXT(2) 
PARAMETRIC_REPRESENTATION_CONTEXT() REPRESENTATION_CONTEXT('2D SPACE',''
  ) );
#3306 = PCURVE('',#409,#3307);
#3307 = DEFINITIONAL_REPRESENTATION('',(#3308),#3312);
#3308 = LINE('',#3309,#3310);
#3309 = CARTESIAN_POINT('',(6.,0.));
#3310 = VECTOR('',#3311,1.);
#3311 = DIRECTION('',(0.,1.));
#3312 = ( GEOMETRIC_REPRESENTATION_CONTEXT(2) 
PARAMETRIC_REPRESENTATION_CONTEXT() REPRESENTATION_CONTEXT('2D SPACE',''
  ) );
#3313 = ADVANCED_FACE('',(#3314),#1385,.F.);
#3314 = FACE_BOUND('',#3315,.F.);
#3315 = EDGE_LOOP('',(#3316,#3317,#3318,#3319));
#3316 = ORIENTED_EDGE('',*,*,#2070,.F.);
#3317 = ORIENTED_EDGE('',*,*,#3185,.F.);
#3318 = ORIENTED_EDGE('',*,*,#1368,.T.);
#3319 = ORIENTED_EDGE('',*,*,#1784,.T.);
#3320 = ADVANCED_FACE('',(#3321,#3367,#3398,#3429,#3460,#3463),#692,.T.
  );
#3321 = FACE_BOUND('',#3322,.T.);
#3322 = EDGE_LOOP('',(#3323,#3344,#3345,#3366));
#3323 = ORIENTED_EDGE('',*,*,#3324,.F.);
#3324 = EDGE_CURVE('',#2854,#649,#3325,.T.);
#3325 = SURFACE_CURVE('',#3326,(#3330,#3337),.PCURVE_S1.);
#3326 = LINE('',#3327,#3328);
#3327 = CARTESIAN_POINT('',(-64.8,-64.8,216.6));
#3328 = VECTOR('',#3329,1.);
#3329 = DIRECTION('',(0.,1.,0.));
#3330 = PCURVE('',#692,#3331);
#3331 = DEFINITIONAL_REPRESENTATION('',(#3332),#3336);
#3332 = LINE('',#3333,#3334);
#3333 = CARTESIAN_POINT('',(0.,0.));
#3334 = VECTOR('',#3335,1.);
#3335 = DIRECTION('',(0.,1.));
#3336 = ( GEOMETRIC_REPRESENTATION_CONTEXT(2) 
PARAMETRIC_REPRESENTATION_CONTEXT() REPRESENTATION_CONTEXT('2D SPACE',''
  ) );
#3337 = PCURVE('',#664,#3338);
#3338 = DEFINITIONAL_REPRESENTATION('',(#3339),#3343);
#3339 = LINE('',#3340,#3341);
#3340 = CARTESIAN_POINT('',(49.2,0.));
#3341 = VECTOR('',#3342,1.);
#3342 = DIRECTION('',(0.,-1.));
#3343 = ( GEOMETRIC_REPRESENTATION_CONTEXT(2) 
PARAMETRIC_REPRESENTATION_CONTEXT() REPRESENTATION_CONTEXT('2D SPACE',''
  ) );
#3344 = ORIENTED_EDGE('',*,*,#2876,.T.);
#3345 = ORIENTED_EDGE('',*,*,#3346,.T.);
#3346 = EDGE_CURVE('',#2877,#677,#3347,.T.);
#3347 = SURFACE_CURVE('',#3348,(#3352,#3359),.PCURVE_S1.);
#3348 = LINE('',#3349,#3350);
#3349 = CARTESIAN_POINT('',(64.8,-64.8,216.6));
#3350 = VECTOR('',#3351,1.);
#3351 = DIRECTION('',(0.,1.,0.));
#3352 = PCURVE('',#692,#3353);
#3353 = DEFINITIONAL_REPRESENTATION('',(#3354),#3358);
#3354 = LINE('',#3355,#3356);
#3355 = CARTESIAN_POINT('',(129.6,0.));
#3356 = VECTOR('',#3357,1.);
#3357 = DIRECTION('',(0.,1.));
#3358 = ( GEOMETRIC_REPRESENTATION_CONTEXT(2) 
PARAMETRIC_REPRESENTATION_CONTEXT() REPRESENTATION_CONTEXT('2D SPACE',''
  ) );
#3359 = PCURVE('',#580,#3360);
#3360 = DEFINITIONAL_REPRESENTATION('',(#3361),#3365);
#3361 = LINE('',#3362,#3363);
#3362 = CARTESIAN_POINT('',(49.2,0.));
#3363 = VECTOR('',#3364,1.);
#3364 = DIRECTION('',(0.,-1.));
#3365 = ( GEOMETRIC_REPRESENTATION_CONTEXT(2) 
PARAMETRIC_REPRESENTATION_CONTEXT() REPRESENTATION_CONTEXT('2D SPACE',''
  ) );
#3366 = ORIENTED_EDGE('',*,*,#676,.F.);
#3367 = FACE_BOUND('',#3368,.T.);
#3368 = EDGE_LOOP('',(#3369));
#3369 = ORIENTED_EDGE('',*,*,#3370,.F.);
#3370 = EDGE_CURVE('',#3371,#3371,#3373,.T.);
#3371 = VERTEX_POINT('',#3372);
#3372 = CARTESIAN_POINT('',(-50.25,-52.5,216.6));
#3373 = SURFACE_CURVE('',#3374,(#3379,#3386),.PCURVE_S1.);
#3374 = CIRCLE('',#3375,2.25);
#3375 = AXIS2_PLACEMENT_3D('',#3376,#3377,#3378);
#3376 = CARTESIAN_POINT('',(-52.5,-52.5,216.6));
#3377 = DIRECTION('',(0.,0.,1.));
#3378 = DIRECTION('',(1.,0.,0.));
#3379 = PCURVE('',#692,#3380);
#3380 = DEFINITIONAL_REPRESENTATION('',(#3381),#3385);
#3381 = CIRCLE('',#3382,2.25);
#3382 = AXIS2_PLACEMENT_2D('',#3383,#3384);
#3383 = CARTESIAN_POINT('',(12.3,12.3));
#3384 = DIRECTION('',(1.,0.));
#3385 = ( GEOMETRIC_REPRESENTATION_CONTEXT(2) 
PARAMETRIC_REPRESENTATION_CONTEXT() REPRESENTATION_CONTEXT('2D SPACE',''
  ) );
#3386 = PCURVE('',#3387,#3392);
#3387 = CYLINDRICAL_SURFACE('',#3388,2.25);
#3388 = AXIS2_PLACEMENT_3D('',#3389,#3390,#3391);
#3389 = CARTESIAN_POINT('',(-52.5,-52.5,212.6));
#3390 = DIRECTION('',(-0.,-0.,-1.));
#3391 = DIRECTION('',(1.,0.,0.));
#3392 = DEFINITIONAL_REPRESENTATION('',(#3393),#3397);
#3393 = LINE('',#3394,#3395);
#3394 = CARTESIAN_POINT('',(-0.,-4.));
#3395 = VECTOR('',#3396,1.);
#3396 = DIRECTION('',(-1.,0.));
#3397 = ( GEOMETRIC_REPRESENTATION_CONTEXT(2) 
PARAMETRIC_REPRESENTATION_CONTEXT() REPRESENTATION_CONTEXT('2D SPACE',''
  ) );
#3398 = FACE_BOUND('',#3399,.T.);
#3399 = EDGE_LOOP('',(#3400));
#3400 = ORIENTED_EDGE('',*,*,#3401,.F.);
#3401 = EDGE_CURVE('',#3402,#3402,#3404,.T.);
#3402 = VERTEX_POINT('',#3403);
#3403 = CARTESIAN_POINT('',(54.75,-52.5,216.6));
#3404 = SURFACE_CURVE('',#3405,(#3410,#3417),.PCURVE_S1.);
#3405 = CIRCLE('',#3406,2.25);
#3406 = AXIS2_PLACEMENT_3D('',#3407,#3408,#3409);
#3407 = CARTESIAN_POINT('',(52.5,-52.5,216.6));
#3408 = DIRECTION('',(0.,0.,1.));
#3409 = DIRECTION('',(1.,0.,0.));
#3410 = PCURVE('',#692,#3411);
#3411 = DEFINITIONAL_REPRESENTATION('',(#3412),#3416);
#3412 = CIRCLE('',#3413,2.25);
#3413 = AXIS2_PLACEMENT_2D('',#3414,#3415);
#3414 = CARTESIAN_POINT('',(117.3,12.3));
#3415 = DIRECTION('',(1.,0.));
#3416 = ( GEOMETRIC_REPRESENTATION_CONTEXT(2) 
PARAMETRIC_REPRESENTATION_CONTEXT() REPRESENTATION_CONTEXT('2D SPACE',''
  ) );
#3417 = PCURVE('',#3418,#3423);
#3418 = CYLINDRICAL_SURFACE('',#3419,2.25);
#3419 = AXIS2_PLACEMENT_3D('',#3420,#3421,#3422);
#3420 = CARTESIAN_POINT('',(52.5,-52.5,212.6));
#3421 = DIRECTION('',(-0.,-0.,-1.));
#3422 = DIRECTION('',(1.,0.,0.));
#3423 = DEFINITIONAL_REPRESENTATION('',(#3424),#3428);
#3424 = LINE('',#3425,#3426);
#3425 = CARTESIAN_POINT('',(-0.,-4.));
#3426 = VECTOR('',#3427,1.);
#3427 = DIRECTION('',(-1.,0.));
#3428 = ( GEOMETRIC_REPRESENTATION_CONTEXT(2) 
PARAMETRIC_REPRESENTATION_CONTEXT() REPRESENTATION_CONTEXT('2D SPACE',''
  ) );
#3429 = FACE_BOUND('',#3430,.T.);
#3430 = EDGE_LOOP('',(#3431));
#3431 = ORIENTED_EDGE('',*,*,#3432,.F.);
#3432 = EDGE_CURVE('',#3433,#3433,#3435,.T.);
#3433 = VERTEX_POINT('',#3434);
#3434 = CARTESIAN_POINT('',(-50.25,52.5,216.6));
#3435 = SURFACE_CURVE('',#3436,(#3441,#3448),.PCURVE_S1.);
#3436 = CIRCLE('',#3437,2.25);
#3437 = AXIS2_PLACEMENT_3D('',#3438,#3439,#3440);
#3438 = CARTESIAN_POINT('',(-52.5,52.5,216.6));
#3439 = DIRECTION('',(0.,0.,1.));
#3440 = DIRECTION('',(1.,0.,0.));
#3441 = PCURVE('',#692,#3442);
#3442 = DEFINITIONAL_REPRESENTATION('',(#3443),#3447);
#3443 = CIRCLE('',#3444,2.25);
#3444 = AXIS2_PLACEMENT_2D('',#3445,#3446);
#3445 = CARTESIAN_POINT('',(12.3,117.3));
#3446 = DIRECTION('',(1.,0.));
#3447 = ( GEOMETRIC_REPRESENTATION_CONTEXT(2) 
PARAMETRIC_REPRESENTATION_CONTEXT() REPRESENTATION_CONTEXT('2D SPACE',''
  ) );
#3448 = PCURVE('',#3449,#3454);
#3449 = CYLINDRICAL_SURFACE('',#3450,2.25);
#3450 = AXIS2_PLACEMENT_3D('',#3451,#3452,#3453);
#3451 = CARTESIAN_POINT('',(-52.5,52.5,212.6));
#3452 = DIRECTION('',(-0.,-0.,-1.));
#3453 = DIRECTION('',(1.,0.,0.));
#3454 = DEFINITIONAL_REPRESENTATION('',(#3455),#3459);
#3455 = LINE('',#3456,#3457);
#3456 = CARTESIAN_POINT('',(-0.,-4.));
#3457 = VECTOR('',#3458,1.);
#3458 = DIRECTION('',(-1.,0.));
#3459 = ( GEOMETRIC_REPRESENTATION_CONTEXT(2) 
PARAMETRIC_REPRESENTATION_CONTEXT() REPRESENTATION_CONTEXT('2D SPACE',''
  ) );
#3460 = FACE_BOUND('',#3461,.T.);
#3461 = EDGE_LOOP('',(#3462));
#3462 = ORIENTED_EDGE('',*,*,#1963,.F.);
#3463 = FACE_BOUND('',#3464,.T.);
#3464 = EDGE_LOOP('',(#3465));
#3465 = ORIENTED_EDGE('',*,*,#3466,.F.);
#3466 = EDGE_CURVE('',#3467,#3467,#3469,.T.);
#3467 = VERTEX_POINT('',#3468);
#3468 = CARTESIAN_POINT('',(54.75,52.5,216.6));
#3469 = SURFACE_CURVE('',#3470,(#3475,#3482),.PCURVE_S1.);
#3470 = CIRCLE('',#3471,2.25);
#3471 = AXIS2_PLACEMENT_3D('',#3472,#3473,#3474);
#3472 = CARTESIAN_POINT('',(52.5,52.5,216.6));
#3473 = DIRECTION('',(0.,0.,1.));
#3474 = DIRECTION('',(1.,0.,0.));
#3475 = PCURVE('',#692,#3476);
#3476 = DEFINITIONAL_REPRESENTATION('',(#3477),#3481);
#3477 = CIRCLE('',#3478,2.25);
#3478 = AXIS2_PLACEMENT_2D('',#3479,#3480);
#3479 = CARTESIAN_POINT('',(117.3,117.3));
#3480 = DIRECTION('',(1.,0.));
#3481 = ( GEOMETRIC_REPRESENTATION_CONTEXT(2) 
PARAMETRIC_REPRESENTATION_CONTEXT() REPRESENTATION_CONTEXT('2D SPACE',''
  ) );
#3482 = PCURVE('',#3483,#3488);
#3483 = CYLINDRICAL_SURFACE('',#3484,2.25);
#3484 = AXIS2_PLACEMENT_3D('',#3485,#3486,#3487);
#3485 = CARTESIAN_POINT('',(52.5,52.5,212.6));
#3486 = DIRECTION('',(-0.,-0.,-1.));
#3487 = DIRECTION('',(1.,0.,0.));
#3488 = DEFINITIONAL_REPRESENTATION('',(#3489),#3493);
#3489 = LINE('',#3490,#3491);
#3490 = CARTESIAN_POINT('',(-0.,-4.));
#3491 = VECTOR('',#3492,1.);
#3492 = DIRECTION('',(-1.,0.));
#3493 = ( GEOMETRIC_REPRESENTATION_CONTEXT(2) 
PARAMETRIC_REPRESENTATION_CONTEXT() REPRESENTATION_CONTEXT('2D SPACE',''
  ) );
#3494 = ADVANCED_FACE('',(#3495),#3483,.F.);
#3495 = FACE_BOUND('',#3496,.T.);
#3496 = EDGE_LOOP('',(#3497,#3530,#3551,#3552));
#3497 = ORIENTED_EDGE('',*,*,#3498,.T.);
#3498 = EDGE_CURVE('',#3499,#3499,#3501,.T.);
#3499 = VERTEX_POINT('',#3500);
#3500 = CARTESIAN_POINT('',(54.75,52.5,212.8));
#3501 = SURFACE_CURVE('',#3502,(#3507,#3514),.PCURVE_S1.);
#3502 = CIRCLE('',#3503,2.25);
#3503 = AXIS2_PLACEMENT_3D('',#3504,#3505,#3506);
#3504 = CARTESIAN_POINT('',(52.5,52.5,212.8));
#3505 = DIRECTION('',(0.,0.,-1.));
#3506 = DIRECTION('',(1.,0.,0.));
#3507 = PCURVE('',#3483,#3508);
#3508 = DEFINITIONAL_REPRESENTATION('',(#3509),#3513);
#3509 = LINE('',#3510,#3511);
#3510 = CARTESIAN_POINT('',(-6.28318530718,-0.2));
#3511 = VECTOR('',#3512,1.);
#3512 = DIRECTION('',(1.,-0.));
#3513 = ( GEOMETRIC_REPRESENTATION_CONTEXT(2) 
PARAMETRIC_REPRESENTATION_CONTEXT() REPRESENTATION_CONTEXT('2D SPACE',''
  ) );
#3514 = PCURVE('',#3515,#3520);
#3515 = PLANE('',#3516);
#3516 = AXIS2_PLACEMENT_3D('',#3517,#3518,#3519);
#3517 = CARTESIAN_POINT('',(-64.8,-64.8,212.8));
#3518 = DIRECTION('',(0.,0.,1.));
#3519 = DIRECTION('',(1.,0.,0.));
#3520 = DEFINITIONAL_REPRESENTATION('',(#3521),#3529);
#3521 = ( BOUNDED_CURVE() B_SPLINE_CURVE(2,(#3522,#3523,#3524,#3525,
#3526,#3527,#3528),.UNSPECIFIED.,.T.,.F.) B_SPLINE_CURVE_WITH_KNOTS((1,2
    ,2,2,2,1),(-2.094395102393,0.,2.094395102393,4.188790204786,
6.28318530718,8.377580409573),.UNSPECIFIED.) CURVE() 
GEOMETRIC_REPRESENTATION_ITEM() RATIONAL_B_SPLINE_CURVE((1.,0.5,1.,0.5,
1.,0.5,1.)) REPRESENTATION_ITEM('') );
#3522 = CARTESIAN_POINT('',(119.55,117.3));
#3523 = CARTESIAN_POINT('',(119.55,113.40288568297));
#3524 = CARTESIAN_POINT('',(116.175,115.35144284148));
#3525 = CARTESIAN_POINT('',(112.8,117.3));
#3526 = CARTESIAN_POINT('',(116.175,119.24855715851));
#3527 = CARTESIAN_POINT('',(119.55,121.19711431703));
#3528 = CARTESIAN_POINT('',(119.55,117.3));
#3529 = ( GEOMETRIC_REPRESENTATION_CONTEXT(2) 
PARAMETRIC_REPRESENTATION_CONTEXT() REPRESENTATION_CONTEXT('2D SPACE',''
  ) );
#3530 = ORIENTED_EDGE('',*,*,#3531,.T.);
#3531 = EDGE_CURVE('',#3499,#3467,#3532,.T.);
#3532 = SEAM_CURVE('',#3533,(#3537,#3544),.PCURVE_S1.);
#3533 = LINE('',#3534,#3535);
#3534 = CARTESIAN_POINT('',(54.75,52.5,212.6));
#3535 = VECTOR('',#3536,1.);
#3536 = DIRECTION('',(0.,0.,1.));
#3537 = PCURVE('',#3483,#3538);
#3538 = DEFINITIONAL_REPRESENTATION('',(#3539),#3543);
#3539 = LINE('',#3540,#3541);
#3540 = CARTESIAN_POINT('',(-6.28318530718,0.));
#3541 = VECTOR('',#3542,1.);
#3542 = DIRECTION('',(-0.,-1.));
#3543 = ( GEOMETRIC_REPRESENTATION_CONTEXT(2) 
PARAMETRIC_REPRESENTATION_CONTEXT() REPRESENTATION_CONTEXT('2D SPACE',''
  ) );
#3544 = PCURVE('',#3483,#3545);
#3545 = DEFINITIONAL_REPRESENTATION('',(#3546),#3550);
#3546 = LINE('',#3547,#3548);
#3547 = CARTESIAN_POINT('',(-0.,0.));
#3548 = VECTOR('',#3549,1.);
#3549 = DIRECTION('',(-0.,-1.));
#3550 = ( GEOMETRIC_REPRESENTATION_CONTEXT(2) 
PARAMETRIC_REPRESENTATION_CONTEXT() REPRESENTATION_CONTEXT('2D SPACE',''
  ) );
#3551 = ORIENTED_EDGE('',*,*,#3466,.T.);
#3552 = ORIENTED_EDGE('',*,*,#3531,.F.);
#3553 = ADVANCED_FACE('',(#3554),#3515,.T.);
#3554 = FACE_BOUND('',#3555,.T.);
#3555 = EDGE_LOOP('',(#3556));
#3556 = ORIENTED_EDGE('',*,*,#3498,.F.);
#3557 = ADVANCED_FACE('',(#3558),#3449,.F.);
#3558 = FACE_BOUND('',#3559,.T.);
#3559 = EDGE_LOOP('',(#3560,#3593,#3614,#3615));
#3560 = ORIENTED_EDGE('',*,*,#3561,.T.);
#3561 = EDGE_CURVE('',#3562,#3562,#3564,.T.);
#3562 = VERTEX_POINT('',#3563);
#3563 = CARTESIAN_POINT('',(-50.25,52.5,212.8));
#3564 = SURFACE_CURVE('',#3565,(#3570,#3577),.PCURVE_S1.);
#3565 = CIRCLE('',#3566,2.25);
#3566 = AXIS2_PLACEMENT_3D('',#3567,#3568,#3569);
#3567 = CARTESIAN_POINT('',(-52.5,52.5,212.8));
#3568 = DIRECTION('',(0.,0.,-1.));
#3569 = DIRECTION('',(1.,0.,0.));
#3570 = PCURVE('',#3449,#3571);
#3571 = DEFINITIONAL_REPRESENTATION('',(#3572),#3576);
#3572 = LINE('',#3573,#3574);
#3573 = CARTESIAN_POINT('',(-6.28318530718,-0.2));
#3574 = VECTOR('',#3575,1.);
#3575 = DIRECTION('',(1.,-0.));
#3576 = ( GEOMETRIC_REPRESENTATION_CONTEXT(2) 
PARAMETRIC_REPRESENTATION_CONTEXT() REPRESENTATION_CONTEXT('2D SPACE',''
  ) );
#3577 = PCURVE('',#3578,#3583);
#3578 = PLANE('',#3579);
#3579 = AXIS2_PLACEMENT_3D('',#3580,#3581,#3582);
#3580 = CARTESIAN_POINT('',(-64.8,-64.8,212.8));
#3581 = DIRECTION('',(0.,0.,1.));
#3582 = DIRECTION('',(1.,0.,0.));
#3583 = DEFINITIONAL_REPRESENTATION('',(#3584),#3592);
#3584 = ( BOUNDED_CURVE() B_SPLINE_CURVE(2,(#3585,#3586,#3587,#3588,
#3589,#3590,#3591),.UNSPECIFIED.,.T.,.F.) B_SPLINE_CURVE_WITH_KNOTS((1,2
    ,2,2,2,1),(-2.094395102393,0.,2.094395102393,4.188790204786,
6.28318530718,8.377580409573),.UNSPECIFIED.) CURVE() 
GEOMETRIC_REPRESENTATION_ITEM() RATIONAL_B_SPLINE_CURVE((1.,0.5,1.,0.5,
1.,0.5,1.)) REPRESENTATION_ITEM('') );
#3585 = CARTESIAN_POINT('',(14.55,117.3));
#3586 = CARTESIAN_POINT('',(14.55,113.40288568297));
#3587 = CARTESIAN_POINT('',(11.175,115.35144284148));
#3588 = CARTESIAN_POINT('',(7.8,117.3));
#3589 = CARTESIAN_POINT('',(11.175,119.24855715851));
#3590 = CARTESIAN_POINT('',(14.55,121.19711431703));
#3591 = CARTESIAN_POINT('',(14.55,117.3));
#3592 = ( GEOMETRIC_REPRESENTATION_CONTEXT(2) 
PARAMETRIC_REPRESENTATION_CONTEXT() REPRESENTATION_CONTEXT('2D SPACE',''
  ) );
#3593 = ORIENTED_EDGE('',*,*,#3594,.T.);
#3594 = EDGE_CURVE('',#3562,#3433,#3595,.T.);
#3595 = SEAM_CURVE('',#3596,(#3600,#3607),.PCURVE_S1.);
#3596 = LINE('',#3597,#3598);
#3597 = CARTESIAN_POINT('',(-50.25,52.5,212.6));
#3598 = VECTOR('',#3599,1.);
#3599 = DIRECTION('',(0.,0.,1.));
#3600 = PCURVE('',#3449,#3601);
#3601 = DEFINITIONAL_REPRESENTATION('',(#3602),#3606);
#3602 = LINE('',#3603,#3604);
#3603 = CARTESIAN_POINT('',(-6.28318530718,0.));
#3604 = VECTOR('',#3605,1.);
#3605 = DIRECTION('',(-0.,-1.));
#3606 = ( GEOMETRIC_REPRESENTATION_CONTEXT(2) 
PARAMETRIC_REPRESENTATION_CONTEXT() REPRESENTATION_CONTEXT('2D SPACE',''
  ) );
#3607 = PCURVE('',#3449,#3608);
#3608 = DEFINITIONAL_REPRESENTATION('',(#3609),#3613);
#3609 = LINE('',#3610,#3611);
#3610 = CARTESIAN_POINT('',(-0.,0.));
#3611 = VECTOR('',#3612,1.);
#3612 = DIRECTION('',(-0.,-1.));
#3613 = ( GEOMETRIC_REPRESENTATION_CONTEXT(2) 
PARAMETRIC_REPRESENTATION_CONTEXT() REPRESENTATION_CONTEXT('2D SPACE',''
  ) );
#3614 = ORIENTED_EDGE('',*,*,#3432,.T.);
#3615 = ORIENTED_EDGE('',*,*,#3594,.F.);
#3616 = ADVANCED_FACE('',(#3617),#3578,.T.);
#3617 = FACE_BOUND('',#3618,.T.);
#3618 = EDGE_LOOP('',(#3619));
#3619 = ORIENTED_EDGE('',*,*,#3561,.F.);
#3620 = ADVANCED_FACE('',(#3621),#3418,.F.);
#3621 = FACE_BOUND('',#3622,.T.);
#3622 = EDGE_LOOP('',(#3623,#3656,#3677,#3678));
#3623 = ORIENTED_EDGE('',*,*,#3624,.T.);
#3624 = EDGE_CURVE('',#3625,#3625,#3627,.T.);
#3625 = VERTEX_POINT('',#3626);
#3626 = CARTESIAN_POINT('',(54.75,-52.5,212.8));
#3627 = SURFACE_CURVE('',#3628,(#3633,#3640),.PCURVE_S1.);
#3628 = CIRCLE('',#3629,2.25);
#3629 = AXIS2_PLACEMENT_3D('',#3630,#3631,#3632);
#3630 = CARTESIAN_POINT('',(52.5,-52.5,212.8));
#3631 = DIRECTION('',(0.,0.,-1.));
#3632 = DIRECTION('',(1.,0.,0.));
#3633 = PCURVE('',#3418,#3634);
#3634 = DEFINITIONAL_REPRESENTATION('',(#3635),#3639);
#3635 = LINE('',#3636,#3637);
#3636 = CARTESIAN_POINT('',(-6.28318530718,-0.2));
#3637 = VECTOR('',#3638,1.);
#3638 = DIRECTION('',(1.,-0.));
#3639 = ( GEOMETRIC_REPRESENTATION_CONTEXT(2) 
PARAMETRIC_REPRESENTATION_CONTEXT() REPRESENTATION_CONTEXT('2D SPACE',''
  ) );
#3640 = PCURVE('',#3641,#3646);
#3641 = PLANE('',#3642);
#3642 = AXIS2_PLACEMENT_3D('',#3643,#3644,#3645);
#3643 = CARTESIAN_POINT('',(-64.8,-64.8,212.8));
#3644 = DIRECTION('',(0.,0.,1.));
#3645 = DIRECTION('',(1.,0.,0.));
#3646 = DEFINITIONAL_REPRESENTATION('',(#3647),#3655);
#3647 = ( BOUNDED_CURVE() B_SPLINE_CURVE(2,(#3648,#3649,#3650,#3651,
#3652,#3653,#3654),.UNSPECIFIED.,.T.,.F.) B_SPLINE_CURVE_WITH_KNOTS((1,2
    ,2,2,2,1),(-2.094395102393,0.,2.094395102393,4.188790204786,
6.28318530718,8.377580409573),.UNSPECIFIED.) CURVE() 
GEOMETRIC_REPRESENTATION_ITEM() RATIONAL_B_SPLINE_CURVE((1.,0.5,1.,0.5,
1.,0.5,1.)) REPRESENTATION_ITEM('') );
#3648 = CARTESIAN_POINT('',(119.55,12.3));
#3649 = CARTESIAN_POINT('',(119.55,8.40288568297));
#3650 = CARTESIAN_POINT('',(116.175,10.351442841485));
#3651 = CARTESIAN_POINT('',(112.8,12.3));
#3652 = CARTESIAN_POINT('',(116.175,14.248557158515));
#3653 = CARTESIAN_POINT('',(119.55,16.19711431703));
#3654 = CARTESIAN_POINT('',(119.55,12.3));
#3655 = ( GEOMETRIC_REPRESENTATION_CONTEXT(2) 
PARAMETRIC_REPRESENTATION_CONTEXT() REPRESENTATION_CONTEXT('2D SPACE',''
  ) );
#3656 = ORIENTED_EDGE('',*,*,#3657,.T.);
#3657 = EDGE_CURVE('',#3625,#3402,#3658,.T.);
#3658 = SEAM_CURVE('',#3659,(#3663,#3670),.PCURVE_S1.);
#3659 = LINE('',#3660,#3661);
#3660 = CARTESIAN_POINT('',(54.75,-52.5,212.6));
#3661 = VECTOR('',#3662,1.);
#3662 = DIRECTION('',(0.,0.,1.));
#3663 = PCURVE('',#3418,#3664);
#3664 = DEFINITIONAL_REPRESENTATION('',(#3665),#3669);
#3665 = LINE('',#3666,#3667);
#3666 = CARTESIAN_POINT('',(-6.28318530718,0.));
#3667 = VECTOR('',#3668,1.);
#3668 = DIRECTION('',(-0.,-1.));
#3669 = ( GEOMETRIC_REPRESENTATION_CONTEXT(2) 
PARAMETRIC_REPRESENTATION_CONTEXT() REPRESENTATION_CONTEXT('2D SPACE',''
  ) );
#3670 = PCURVE('',#3418,#3671);
#3671 = DEFINITIONAL_REPRESENTATION('',(#3672),#3676);
#3672 = LINE('',#3673,#3674);
#3673 = CARTESIAN_POINT('',(-0.,0.));
#3674 = VECTOR('',#3675,1.);
#3675 = DIRECTION('',(-0.,-1.));
#3676 = ( GEOMETRIC_REPRESENTATION_CONTEXT(2) 
PARAMETRIC_REPRESENTATION_CONTEXT() REPRESENTATION_CONTEXT('2D SPACE',''
  ) );
#3677 = ORIENTED_EDGE('',*,*,#3401,.T.);
#3678 = ORIENTED_EDGE('',*,*,#3657,.F.);
#3679 = ADVANCED_FACE('',(#3680),#3641,.T.);
#3680 = FACE_BOUND('',#3681,.T.);
#3681 = EDGE_LOOP('',(#3682));
#3682 = ORIENTED_EDGE('',*,*,#3624,.F.);
#3683 = ADVANCED_FACE('',(#3684),#3387,.F.);
#3684 = FACE_BOUND('',#3685,.T.);
#3685 = EDGE_LOOP('',(#3686,#3719,#3740,#3741));
#3686 = ORIENTED_EDGE('',*,*,#3687,.T.);
#3687 = EDGE_CURVE('',#3688,#3688,#3690,.T.);
#3688 = VERTEX_POINT('',#3689);
#3689 = CARTESIAN_POINT('',(-50.25,-52.5,212.8));
#3690 = SURFACE_CURVE('',#3691,(#3696,#3703),.PCURVE_S1.);
#3691 = CIRCLE('',#3692,2.25);
#3692 = AXIS2_PLACEMENT_3D('',#3693,#3694,#3695);
#3693 = CARTESIAN_POINT('',(-52.5,-52.5,212.8));
#3694 = DIRECTION('',(0.,0.,-1.));
#3695 = DIRECTION('',(1.,0.,0.));
#3696 = PCURVE('',#3387,#3697);
#3697 = DEFINITIONAL_REPRESENTATION('',(#3698),#3702);
#3698 = LINE('',#3699,#3700);
#3699 = CARTESIAN_POINT('',(-6.28318530718,-0.2));
#3700 = VECTOR('',#3701,1.);
#3701 = DIRECTION('',(1.,-0.));
#3702 = ( GEOMETRIC_REPRESENTATION_CONTEXT(2) 
PARAMETRIC_REPRESENTATION_CONTEXT() REPRESENTATION_CONTEXT('2D SPACE',''
  ) );
#3703 = PCURVE('',#3704,#3709);
#3704 = PLANE('',#3705);
#3705 = AXIS2_PLACEMENT_3D('',#3706,#3707,#3708);
#3706 = CARTESIAN_POINT('',(-64.8,-64.8,212.8));
#3707 = DIRECTION('',(0.,0.,1.));
#3708 = DIRECTION('',(1.,0.,0.));
#3709 = DEFINITIONAL_REPRESENTATION('',(#3710),#3718);
#3710 = ( BOUNDED_CURVE() B_SPLINE_CURVE(2,(#3711,#3712,#3713,#3714,
#3715,#3716,#3717),.UNSPECIFIED.,.T.,.F.) B_SPLINE_CURVE_WITH_KNOTS((1,2
    ,2,2,2,1),(-2.094395102393,0.,2.094395102393,4.188790204786,
6.28318530718,8.377580409573),.UNSPECIFIED.) CURVE() 
GEOMETRIC_REPRESENTATION_ITEM() RATIONAL_B_SPLINE_CURVE((1.,0.5,1.,0.5,
1.,0.5,1.)) REPRESENTATION_ITEM('') );
#3711 = CARTESIAN_POINT('',(14.55,12.3));
#3712 = CARTESIAN_POINT('',(14.55,8.40288568297));
#3713 = CARTESIAN_POINT('',(11.175,10.351442841485));
#3714 = CARTESIAN_POINT('',(7.8,12.3));
#3715 = CARTESIAN_POINT('',(11.175,14.248557158515));
#3716 = CARTESIAN_POINT('',(14.55,16.19711431703));
#3717 = CARTESIAN_POINT('',(14.55,12.3));
#3718 = ( GEOMETRIC_REPRESENTATION_CONTEXT(2) 
PARAMETRIC_REPRESENTATION_CONTEXT() REPRESENTATION_CONTEXT('2D SPACE',''
  ) );
#3719 = ORIENTED_EDGE('',*,*,#3720,.T.);
#3720 = EDGE_CURVE('',#3688,#3371,#3721,.T.);
#3721 = SEAM_CURVE('',#3722,(#3726,#3733),.PCURVE_S1.);
#3722 = LINE('',#3723,#3724);
#3723 = CARTESIAN_POINT('',(-50.25,-52.5,212.6));
#3724 = VECTOR('',#3725,1.);
#3725 = DIRECTION('',(0.,0.,1.));
#3726 = PCURVE('',#3387,#3727);
#3727 = DEFINITIONAL_REPRESENTATION('',(#3728),#3732);
#3728 = LINE('',#3729,#3730);
#3729 = CARTESIAN_POINT('',(-6.28318530718,0.));
#3730 = VECTOR('',#3731,1.);
#3731 = DIRECTION('',(-0.,-1.));
#3732 = ( GEOMETRIC_REPRESENTATION_CONTEXT(2) 
PARAMETRIC_REPRESENTATION_CONTEXT() REPRESENTATION_CONTEXT('2D SPACE',''
  ) );
#3733 = PCURVE('',#3387,#3734);
#3734 = DEFINITIONAL_REPRESENTATION('',(#3735),#3739);
#3735 = LINE('',#3736,#3737);
#3736 = CARTESIAN_POINT('',(-0.,0.));
#3737 = VECTOR('',#3738,1.);
#3738 = DIRECTION('',(-0.,-1.));
#3739 = ( GEOMETRIC_REPRESENTATION_CONTEXT(2) 
PARAMETRIC_REPRESENTATION_CONTEXT() REPRESENTATION_CONTEXT('2D SPACE',''
  ) );
#3740 = ORIENTED_EDGE('',*,*,#3370,.T.);
#3741 = ORIENTED_EDGE('',*,*,#3720,.F.);
#3742 = ADVANCED_FACE('',(#3743),#3704,.T.);
#3743 = FACE_BOUND('',#3744,.T.);
#3744 = EDGE_LOOP('',(#3745));
#3745 = ORIENTED_EDGE('',*,*,#3687,.F.);
#3746 = ADVANCED_FACE('',(#3747),#664,.F.);
#3747 = FACE_BOUND('',#3748,.F.);
#3748 = EDGE_LOOP('',(#3749,#3750,#3751,#3752,#3753,#3776,#3799,#3822));
#3749 = ORIENTED_EDGE('',*,*,#648,.T.);
#3750 = ORIENTED_EDGE('',*,*,#3324,.F.);
#3751 = ORIENTED_EDGE('',*,*,#2853,.T.);
#3752 = ORIENTED_EDGE('',*,*,#3076,.T.);
#3753 = ORIENTED_EDGE('',*,*,#3754,.F.);
#3754 = EDGE_CURVE('',#3755,#3077,#3757,.T.);
#3755 = VERTEX_POINT('',#3756);
#3756 = CARTESIAN_POINT('',(-64.8,-64.09671336893,167.6));
#3757 = SURFACE_CURVE('',#3758,(#3762,#3769),.PCURVE_S1.);
#3758 = LINE('',#3759,#3760);
#3759 = CARTESIAN_POINT('',(-64.8,-64.09671336893,161.6));
#3760 = VECTOR('',#3761,1.);
#3761 = DIRECTION('',(-0.,-0.,-1.));
#3762 = PCURVE('',#664,#3763);
#3763 = DEFINITIONAL_REPRESENTATION('',(#3764),#3768);
#3764 = LINE('',#3765,#3766);
#3765 = CARTESIAN_POINT('',(-5.8,-0.703286631067));
#3766 = VECTOR('',#3767,1.);
#3767 = DIRECTION('',(-1.,0.));
#3768 = ( GEOMETRIC_REPRESENTATION_CONTEXT(2) 
PARAMETRIC_REPRESENTATION_CONTEXT() REPRESENTATION_CONTEXT('2D SPACE',''
  ) );
#3769 = PCURVE('',#233,#3770);
#3770 = DEFINITIONAL_REPRESENTATION('',(#3771),#3775);
#3771 = LINE('',#3772,#3773);
#3772 = CARTESIAN_POINT('',(-1.008260082251,0.));
#3773 = VECTOR('',#3774,1.);
#3774 = DIRECTION('',(-0.,1.));
#3775 = ( GEOMETRIC_REPRESENTATION_CONTEXT(2) 
PARAMETRIC_REPRESENTATION_CONTEXT() REPRESENTATION_CONTEXT('2D SPACE',''
  ) );
#3776 = ORIENTED_EDGE('',*,*,#3777,.T.);
#3777 = EDGE_CURVE('',#3755,#3778,#3780,.T.);
#3778 = VERTEX_POINT('',#3779);
#3779 = CARTESIAN_POINT('',(-64.8,64.096713368933,167.6));
#3780 = SURFACE_CURVE('',#3781,(#3785,#3792),.PCURVE_S1.);
#3781 = LINE('',#3782,#3783);
#3782 = CARTESIAN_POINT('',(-64.8,-68.9,167.6));
#3783 = VECTOR('',#3784,1.);
#3784 = DIRECTION('',(0.,1.,0.));
#3785 = PCURVE('',#664,#3786);
#3786 = DEFINITIONAL_REPRESENTATION('',(#3787),#3791);
#3787 = LINE('',#3788,#3789);
#3788 = CARTESIAN_POINT('',(0.2,4.1));
#3789 = VECTOR('',#3790,1.);
#3790 = DIRECTION('',(0.,-1.));
#3791 = ( GEOMETRIC_REPRESENTATION_CONTEXT(2) 
PARAMETRIC_REPRESENTATION_CONTEXT() REPRESENTATION_CONTEXT('2D SPACE',''
  ) );
#3792 = PCURVE('',#126,#3793);
#3793 = DEFINITIONAL_REPRESENTATION('',(#3794),#3798);
#3794 = LINE('',#3795,#3796);
#3795 = CARTESIAN_POINT('',(8.2,4.1));
#3796 = VECTOR('',#3797,1.);
#3797 = DIRECTION('',(0.,1.));
#3798 = ( GEOMETRIC_REPRESENTATION_CONTEXT(2) 
PARAMETRIC_REPRESENTATION_CONTEXT() REPRESENTATION_CONTEXT('2D SPACE',''
  ) );
#3799 = ORIENTED_EDGE('',*,*,#3800,.T.);
#3800 = EDGE_CURVE('',#3778,#3801,#3803,.T.);
#3801 = VERTEX_POINT('',#3802);
#3802 = CARTESIAN_POINT('',(-64.8,64.096713368932,167.4));
#3803 = SURFACE_CURVE('',#3804,(#3808,#3815),.PCURVE_S1.);
#3804 = LINE('',#3805,#3806);
#3805 = CARTESIAN_POINT('',(-64.8,64.096713368933,161.6));
#3806 = VECTOR('',#3807,1.);
#3807 = DIRECTION('',(-0.,-0.,-1.));
#3808 = PCURVE('',#664,#3809);
#3809 = DEFINITIONAL_REPRESENTATION('',(#3810),#3814);
#3810 = LINE('',#3811,#3812);
#3811 = CARTESIAN_POINT('',(-5.8,-128.8967133689));
#3812 = VECTOR('',#3813,1.);
#3813 = DIRECTION('',(-1.,0.));
#3814 = ( GEOMETRIC_REPRESENTATION_CONTEXT(2) 
PARAMETRIC_REPRESENTATION_CONTEXT() REPRESENTATION_CONTEXT('2D SPACE',''
  ) );
#3815 = PCURVE('',#295,#3816);
#3816 = DEFINITIONAL_REPRESENTATION('',(#3817),#3821);
#3817 = LINE('',#3818,#3819);
#3818 = CARTESIAN_POINT('',(-5.274925224929,0.));
#3819 = VECTOR('',#3820,1.);
#3820 = DIRECTION('',(-0.,1.));
#3821 = ( GEOMETRIC_REPRESENTATION_CONTEXT(2) 
PARAMETRIC_REPRESENTATION_CONTEXT() REPRESENTATION_CONTEXT('2D SPACE',''
  ) );
#3822 = ORIENTED_EDGE('',*,*,#3823,.T.);
#3823 = EDGE_CURVE('',#3801,#619,#3824,.T.);
#3824 = SURFACE_CURVE('',#3825,(#3829,#3836),.PCURVE_S1.);
#3825 = LINE('',#3826,#3827);
#3826 = CARTESIAN_POINT('',(-64.8,-64.8,167.4));
#3827 = VECTOR('',#3828,1.);
#3828 = DIRECTION('',(0.,1.,0.));
#3829 = PCURVE('',#664,#3830);
#3830 = DEFINITIONAL_REPRESENTATION('',(#3831),#3835);
#3831 = LINE('',#3832,#3833);
#3832 = CARTESIAN_POINT('',(0.,0.));
#3833 = VECTOR('',#3834,1.);
#3834 = DIRECTION('',(0.,-1.));
#3835 = ( GEOMETRIC_REPRESENTATION_CONTEXT(2) 
PARAMETRIC_REPRESENTATION_CONTEXT() REPRESENTATION_CONTEXT('2D SPACE',''
  ) );
#3836 = PCURVE('',#636,#3837);
#3837 = DEFINITIONAL_REPRESENTATION('',(#3838),#3842);
#3838 = LINE('',#3839,#3840);
#3839 = CARTESIAN_POINT('',(0.,0.));
#3840 = VECTOR('',#3841,1.);
#3841 = DIRECTION('',(0.,1.));
#3842 = ( GEOMETRIC_REPRESENTATION_CONTEXT(2) 
PARAMETRIC_REPRESENTATION_CONTEXT() REPRESENTATION_CONTEXT('2D SPACE',''
  ) );
#3843 = ADVANCED_FACE('',(#3844),#636,.F.);
#3844 = FACE_BOUND('',#3845,.F.);
#3845 = EDGE_LOOP('',(#3846,#3847,#3873));
#3846 = ORIENTED_EDGE('',*,*,#3823,.F.);
#3847 = ORIENTED_EDGE('',*,*,#3848,.F.);
#3848 = EDGE_CURVE('',#621,#3801,#3849,.T.);
#3849 = SURFACE_CURVE('',#3850,(#3855,#3866),.PCURVE_S1.);
#3850 = CIRCLE('',#3851,2.25);
#3851 = AXIS2_PLACEMENT_3D('',#3852,#3853,#3854);
#3852 = CARTESIAN_POINT('',(-66.,66.,167.4));
#3853 = DIRECTION('',(0.,0.,-1.));
#3854 = DIRECTION('',(1.,0.,0.));
#3855 = PCURVE('',#636,#3856);
#3856 = DEFINITIONAL_REPRESENTATION('',(#3857),#3865);
#3857 = ( BOUNDED_CURVE() B_SPLINE_CURVE(2,(#3858,#3859,#3860,#3861,
#3862,#3863,#3864),.UNSPECIFIED.,.T.,.F.) B_SPLINE_CURVE_WITH_KNOTS((1,2
    ,2,2,2,1),(-2.094395102393,0.,2.094395102393,4.188790204786,
6.28318530718,8.377580409573),.UNSPECIFIED.) CURVE() 
GEOMETRIC_REPRESENTATION_ITEM() RATIONAL_B_SPLINE_CURVE((1.,0.5,1.,0.5,
1.,0.5,1.)) REPRESENTATION_ITEM('') );
#3858 = CARTESIAN_POINT('',(1.05,130.8));
#3859 = CARTESIAN_POINT('',(1.05,126.90288568297));
#3860 = CARTESIAN_POINT('',(-2.325,128.85144284148));
#3861 = CARTESIAN_POINT('',(-5.7,130.8));
#3862 = CARTESIAN_POINT('',(-2.325,132.74855715851));
#3863 = CARTESIAN_POINT('',(1.05,134.69711431703));
#3864 = CARTESIAN_POINT('',(1.05,130.8));
#3865 = ( GEOMETRIC_REPRESENTATION_CONTEXT(2) 
PARAMETRIC_REPRESENTATION_CONTEXT() REPRESENTATION_CONTEXT('2D SPACE',''
  ) );
#3866 = PCURVE('',#295,#3867);
#3867 = DEFINITIONAL_REPRESENTATION('',(#3868),#3872);
#3868 = LINE('',#3869,#3870);
#3869 = CARTESIAN_POINT('',(-6.28318530718,-5.8));
#3870 = VECTOR('',#3871,1.);
#3871 = DIRECTION('',(1.,-0.));
#3872 = ( GEOMETRIC_REPRESENTATION_CONTEXT(2) 
PARAMETRIC_REPRESENTATION_CONTEXT() REPRESENTATION_CONTEXT('2D SPACE',''
  ) );
#3873 = ORIENTED_EDGE('',*,*,#618,.F.);
#3874 = ADVANCED_FACE('',(#3875),#548,.F.);
#3875 = FACE_BOUND('',#3876,.F.);
#3876 = EDGE_LOOP('',(#3877,#3878,#3879));
#3877 = ORIENTED_EDGE('',*,*,#727,.F.);
#3878 = ORIENTED_EDGE('',*,*,#531,.F.);
#3879 = ORIENTED_EDGE('',*,*,#3880,.T.);
#3880 = EDGE_CURVE('',#532,#705,#3881,.T.);
#3881 = SURFACE_CURVE('',#3882,(#3886,#3893),.PCURVE_S1.);
#3882 = LINE('',#3883,#3884);
#3883 = CARTESIAN_POINT('',(64.8,-64.8,167.4));
#3884 = VECTOR('',#3885,1.);
#3885 = DIRECTION('',(0.,1.,0.));
#3886 = PCURVE('',#548,#3887);
#3887 = DEFINITIONAL_REPRESENTATION('',(#3888),#3892);
#3888 = LINE('',#3889,#3890);
#3889 = CARTESIAN_POINT('',(129.6,0.));
#3890 = VECTOR('',#3891,1.);
#3891 = DIRECTION('',(0.,1.));
#3892 = ( GEOMETRIC_REPRESENTATION_CONTEXT(2) 
PARAMETRIC_REPRESENTATION_CONTEXT() REPRESENTATION_CONTEXT('2D SPACE',''
  ) );
#3893 = PCURVE('',#580,#3894);
#3894 = DEFINITIONAL_REPRESENTATION('',(#3895),#3899);
#3895 = LINE('',#3896,#3897);
#3896 = CARTESIAN_POINT('',(0.,0.));
#3897 = VECTOR('',#3898,1.);
#3898 = DIRECTION('',(0.,-1.));
#3899 = ( GEOMETRIC_REPRESENTATION_CONTEXT(2) 
PARAMETRIC_REPRESENTATION_CONTEXT() REPRESENTATION_CONTEXT('2D SPACE',''
  ) );
#3900 = ADVANCED_FACE('',(#3901),#580,.T.);
#3901 = FACE_BOUND('',#3902,.T.);
#3902 = EDGE_LOOP('',(#3903,#3904,#3905,#3906,#3907,#3930,#3951,#3952));
#3903 = ORIENTED_EDGE('',*,*,#704,.T.);
#3904 = ORIENTED_EDGE('',*,*,#3346,.F.);
#3905 = ORIENTED_EDGE('',*,*,#2899,.F.);
#3906 = ORIENTED_EDGE('',*,*,#3052,.T.);
#3907 = ORIENTED_EDGE('',*,*,#3908,.F.);
#3908 = EDGE_CURVE('',#3909,#3024,#3911,.T.);
#3909 = VERTEX_POINT('',#3910);
#3910 = CARTESIAN_POINT('',(64.8,-64.09671336893,167.6));
#3911 = SURFACE_CURVE('',#3912,(#3916,#3923),.PCURVE_S1.);
#3912 = LINE('',#3913,#3914);
#3913 = CARTESIAN_POINT('',(64.8,-64.09671336893,161.6));
#3914 = VECTOR('',#3915,1.);
#3915 = DIRECTION('',(-0.,-0.,-1.));
#3916 = PCURVE('',#580,#3917);
#3917 = DEFINITIONAL_REPRESENTATION('',(#3918),#3922);
#3918 = LINE('',#3919,#3920);
#3919 = CARTESIAN_POINT('',(-5.8,-0.703286631067));
#3920 = VECTOR('',#3921,1.);
#3921 = DIRECTION('',(-1.,0.));
#3922 = ( GEOMETRIC_REPRESENTATION_CONTEXT(2) 
PARAMETRIC_REPRESENTATION_CONTEXT() REPRESENTATION_CONTEXT('2D SPACE',''
  ) );
#3923 = PCURVE('',#264,#3924);
#3924 = DEFINITIONAL_REPRESENTATION('',(#3925),#3929);
#3925 = LINE('',#3926,#3927);
#3926 = CARTESIAN_POINT('',(-2.133332571339,0.));
#3927 = VECTOR('',#3928,1.);
#3928 = DIRECTION('',(-0.,1.));
#3929 = ( GEOMETRIC_REPRESENTATION_CONTEXT(2) 
PARAMETRIC_REPRESENTATION_CONTEXT() REPRESENTATION_CONTEXT('2D SPACE',''
  ) );
#3930 = ORIENTED_EDGE('',*,*,#3931,.T.);
#3931 = EDGE_CURVE('',#3909,#565,#3932,.T.);
#3932 = SURFACE_CURVE('',#3933,(#3937,#3944),.PCURVE_S1.);
#3933 = LINE('',#3934,#3935);
#3934 = CARTESIAN_POINT('',(64.8,-68.9,167.6));
#3935 = VECTOR('',#3936,1.);
#3936 = DIRECTION('',(0.,1.,0.));
#3937 = PCURVE('',#580,#3938);
#3938 = DEFINITIONAL_REPRESENTATION('',(#3939),#3943);
#3939 = LINE('',#3940,#3941);
#3940 = CARTESIAN_POINT('',(0.2,4.1));
#3941 = VECTOR('',#3942,1.);
#3942 = DIRECTION('',(0.,-1.));
#3943 = ( GEOMETRIC_REPRESENTATION_CONTEXT(2) 
PARAMETRIC_REPRESENTATION_CONTEXT() REPRESENTATION_CONTEXT('2D SPACE',''
  ) );
#3944 = PCURVE('',#126,#3945);
#3945 = DEFINITIONAL_REPRESENTATION('',(#3946),#3950);
#3946 = LINE('',#3947,#3948);
#3947 = CARTESIAN_POINT('',(137.8,4.1));
#3948 = VECTOR('',#3949,1.);
#3949 = DIRECTION('',(0.,1.));
#3950 = ( GEOMETRIC_REPRESENTATION_CONTEXT(2) 
PARAMETRIC_REPRESENTATION_CONTEXT() REPRESENTATION_CONTEXT('2D SPACE',''
  ) );
#3951 = ORIENTED_EDGE('',*,*,#564,.T.);
#3952 = ORIENTED_EDGE('',*,*,#3880,.T.);
#3953 = ADVANCED_FACE('',(#3954),#383,.F.);
#3954 = FACE_BOUND('',#3955,.F.);
#3955 = EDGE_LOOP('',(#3956,#3977,#3978,#3999));
#3956 = ORIENTED_EDGE('',*,*,#3957,.F.);
#3957 = EDGE_CURVE('',#368,#3271,#3958,.T.);
#3958 = SURFACE_CURVE('',#3959,(#3963,#3970),.PCURVE_S1.);
#3959 = LINE('',#3960,#3961);
#3960 = CARTESIAN_POINT('',(56.8,-56.8,161.6));
#3961 = VECTOR('',#3962,1.);
#3962 = DIRECTION('',(0.,0.,1.));
#3963 = PCURVE('',#383,#3964);
#3964 = DEFINITIONAL_REPRESENTATION('',(#3965),#3969);
#3965 = LINE('',#3966,#3967);
#3966 = CARTESIAN_POINT('',(0.,0.));
#3967 = VECTOR('',#3968,1.);
#3968 = DIRECTION('',(1.,0.));
#3969 = ( GEOMETRIC_REPRESENTATION_CONTEXT(2) 
PARAMETRIC_REPRESENTATION_CONTEXT() REPRESENTATION_CONTEXT('2D SPACE',''
  ) );
#3970 = PCURVE('',#409,#3971);
#3971 = DEFINITIONAL_REPRESENTATION('',(#3972),#3976);
#3972 = LINE('',#3973,#3974);
#3973 = CARTESIAN_POINT('',(0.,113.6));
#3974 = VECTOR('',#3975,1.);
#3975 = DIRECTION('',(1.,0.));
#3976 = ( GEOMETRIC_REPRESENTATION_CONTEXT(2) 
PARAMETRIC_REPRESENTATION_CONTEXT() REPRESENTATION_CONTEXT('2D SPACE',''
  ) );
#3977 = ORIENTED_EDGE('',*,*,#367,.T.);
#3978 = ORIENTED_EDGE('',*,*,#3979,.T.);
#3979 = EDGE_CURVE('',#340,#3248,#3980,.T.);
#3980 = SURFACE_CURVE('',#3981,(#3985,#3992),.PCURVE_S1.);
#3981 = LINE('',#3982,#3983);
#3982 = CARTESIAN_POINT('',(56.8,56.8,161.6));
#3983 = VECTOR('',#3984,1.);
#3984 = DIRECTION('',(0.,0.,1.));
#3985 = PCURVE('',#383,#3986);
#3986 = DEFINITIONAL_REPRESENTATION('',(#3987),#3991);
#3987 = LINE('',#3988,#3989);
#3988 = CARTESIAN_POINT('',(0.,-113.6));
#3989 = VECTOR('',#3990,1.);
#3990 = DIRECTION('',(1.,0.));
#3991 = ( GEOMETRIC_REPRESENTATION_CONTEXT(2) 
PARAMETRIC_REPRESENTATION_CONTEXT() REPRESENTATION_CONTEXT('2D SPACE',''
  ) );
#3992 = PCURVE('',#355,#3993);
#3993 = DEFINITIONAL_REPRESENTATION('',(#3994),#3998);
#3994 = LINE('',#3995,#3996);
#3995 = CARTESIAN_POINT('',(0.,113.6));
#3996 = VECTOR('',#3997,1.);
#3997 = DIRECTION('',(1.,0.));
#3998 = ( GEOMETRIC_REPRESENTATION_CONTEXT(2) 
PARAMETRIC_REPRESENTATION_CONTEXT() REPRESENTATION_CONTEXT('2D SPACE',''
  ) );
#3999 = ORIENTED_EDGE('',*,*,#3270,.F.);
#4000 = ADVANCED_FACE('',(#4001),#409,.T.);
#4001 = FACE_BOUND('',#4002,.T.);
#4002 = EDGE_LOOP('',(#4003,#4004,#4025,#4026));
#4003 = ORIENTED_EDGE('',*,*,#395,.F.);
#4004 = ORIENTED_EDGE('',*,*,#4005,.T.);
#4005 = EDGE_CURVE('',#310,#3223,#4006,.T.);
#4006 = SURFACE_CURVE('',#4007,(#4011,#4018),.PCURVE_S1.);
#4007 = LINE('',#4008,#4009);
#4008 = CARTESIAN_POINT('',(-56.8,-56.8,161.6));
#4009 = VECTOR('',#4010,1.);
#4010 = DIRECTION('',(0.,0.,1.));
#4011 = PCURVE('',#409,#4012);
#4012 = DEFINITIONAL_REPRESENTATION('',(#4013),#4017);
#4013 = LINE('',#4014,#4015);
#4014 = CARTESIAN_POINT('',(0.,0.));
#4015 = VECTOR('',#4016,1.);
#4016 = DIRECTION('',(1.,0.));
#4017 = ( GEOMETRIC_REPRESENTATION_CONTEXT(2) 
PARAMETRIC_REPRESENTATION_CONTEXT() REPRESENTATION_CONTEXT('2D SPACE',''
  ) );
#4018 = PCURVE('',#327,#4019);
#4019 = DEFINITIONAL_REPRESENTATION('',(#4020),#4024);
#4020 = LINE('',#4021,#4022);
#4021 = CARTESIAN_POINT('',(0.,0.));
#4022 = VECTOR('',#4023,1.);
#4023 = DIRECTION('',(1.,0.));
#4024 = ( GEOMETRIC_REPRESENTATION_CONTEXT(2) 
PARAMETRIC_REPRESENTATION_CONTEXT() REPRESENTATION_CONTEXT('2D SPACE',''
  ) );
#4025 = ORIENTED_EDGE('',*,*,#3293,.T.);
#4026 = ORIENTED_EDGE('',*,*,#3957,.F.);
#4027 = ADVANCED_FACE('',(#4028),#355,.F.);
#4028 = FACE_BOUND('',#4029,.F.);
#4029 = EDGE_LOOP('',(#4030,#4031,#4052,#4053));
#4030 = ORIENTED_EDGE('',*,*,#339,.F.);
#4031 = ORIENTED_EDGE('',*,*,#4032,.T.);
#4032 = EDGE_CURVE('',#312,#3225,#4033,.T.);
#4033 = SURFACE_CURVE('',#4034,(#4038,#4045),.PCURVE_S1.);
#4034 = LINE('',#4035,#4036);
#4035 = CARTESIAN_POINT('',(-56.8,56.8,161.6));
#4036 = VECTOR('',#4037,1.);
#4037 = DIRECTION('',(0.,0.,1.));
#4038 = PCURVE('',#355,#4039);
#4039 = DEFINITIONAL_REPRESENTATION('',(#4040),#4044);
#4040 = LINE('',#4041,#4042);
#4041 = CARTESIAN_POINT('',(0.,0.));
#4042 = VECTOR('',#4043,1.);
#4043 = DIRECTION('',(1.,0.));
#4044 = ( GEOMETRIC_REPRESENTATION_CONTEXT(2) 
PARAMETRIC_REPRESENTATION_CONTEXT() REPRESENTATION_CONTEXT('2D SPACE',''
  ) );
#4045 = PCURVE('',#327,#4046);
#4046 = DEFINITIONAL_REPRESENTATION('',(#4047),#4051);
#4047 = LINE('',#4048,#4049);
#4048 = CARTESIAN_POINT('',(0.,-113.6));
#4049 = VECTOR('',#4050,1.);
#4050 = DIRECTION('',(1.,0.));
#4051 = ( GEOMETRIC_REPRESENTATION_CONTEXT(2) 
PARAMETRIC_REPRESENTATION_CONTEXT() REPRESENTATION_CONTEXT('2D SPACE',''
  ) );
#4052 = ORIENTED_EDGE('',*,*,#3247,.T.);
#4053 = ORIENTED_EDGE('',*,*,#3979,.F.);
#4054 = ADVANCED_FACE('',(#4055),#327,.T.);
#4055 = FACE_BOUND('',#4056,.T.);
#4056 = EDGE_LOOP('',(#4057,#4058,#4059,#4060));
#4057 = ORIENTED_EDGE('',*,*,#4005,.F.);
#4058 = ORIENTED_EDGE('',*,*,#309,.T.);
#4059 = ORIENTED_EDGE('',*,*,#4032,.T.);
#4060 = ORIENTED_EDGE('',*,*,#3222,.F.);
#4061 = ADVANCED_FACE('',(#4062),#295,.F.);
#4062 = FACE_BOUND('',#4063,.T.);
#4063 = EDGE_LOOP('',(#4064,#4065,#4088,#4110,#4111,#4112,#4113,#4135));
#4064 = ORIENTED_EDGE('',*,*,#278,.F.);
#4065 = ORIENTED_EDGE('',*,*,#4066,.T.);
#4066 = EDGE_CURVE('',#279,#4067,#4069,.T.);
#4067 = VERTEX_POINT('',#4068);
#4068 = CARTESIAN_POINT('',(-63.75,66.,167.6));
#4069 = SEAM_CURVE('',#4070,(#4074,#4081),.PCURVE_S1.);
#4070 = LINE('',#4071,#4072);
#4071 = CARTESIAN_POINT('',(-63.75,66.,161.6));
#4072 = VECTOR('',#4073,1.);
#4073 = DIRECTION('',(0.,0.,1.));
#4074 = PCURVE('',#295,#4075);
#4075 = DEFINITIONAL_REPRESENTATION('',(#4076),#4080);
#4076 = LINE('',#4077,#4078);
#4077 = CARTESIAN_POINT('',(-6.28318530718,0.));
#4078 = VECTOR('',#4079,1.);
#4079 = DIRECTION('',(-0.,-1.));
#4080 = ( GEOMETRIC_REPRESENTATION_CONTEXT(2) 
PARAMETRIC_REPRESENTATION_CONTEXT() REPRESENTATION_CONTEXT('2D SPACE',''
  ) );
#4081 = PCURVE('',#295,#4082);
#4082 = DEFINITIONAL_REPRESENTATION('',(#4083),#4087);
#4083 = LINE('',#4084,#4085);
#4084 = CARTESIAN_POINT('',(-0.,0.));
#4085 = VECTOR('',#4086,1.);
#4086 = DIRECTION('',(-0.,-1.));
#4087 = ( GEOMETRIC_REPRESENTATION_CONTEXT(2) 
PARAMETRIC_REPRESENTATION_CONTEXT() REPRESENTATION_CONTEXT('2D SPACE',''
  ) );
#4088 = ORIENTED_EDGE('',*,*,#4089,.T.);
#4089 = EDGE_CURVE('',#4067,#3778,#4090,.T.);
#4090 = SURFACE_CURVE('',#4091,(#4096,#4103),.PCURVE_S1.);
#4091 = CIRCLE('',#4092,2.25);
#4092 = AXIS2_PLACEMENT_3D('',#4093,#4094,#4095);
#4093 = CARTESIAN_POINT('',(-66.,66.,167.6));
#4094 = DIRECTION('',(0.,0.,1.));
#4095 = DIRECTION('',(1.,0.,0.));
#4096 = PCURVE('',#295,#4097);
#4097 = DEFINITIONAL_REPRESENTATION('',(#4098),#4102);
#4098 = LINE('',#4099,#4100);
#4099 = CARTESIAN_POINT('',(-0.,-6.));
#4100 = VECTOR('',#4101,1.);
#4101 = DIRECTION('',(-1.,0.));
#4102 = ( GEOMETRIC_REPRESENTATION_CONTEXT(2) 
PARAMETRIC_REPRESENTATION_CONTEXT() REPRESENTATION_CONTEXT('2D SPACE',''
  ) );
#4103 = PCURVE('',#126,#4104);
#4104 = DEFINITIONAL_REPRESENTATION('',(#4105),#4109);
#4105 = CIRCLE('',#4106,2.25);
#4106 = AXIS2_PLACEMENT_2D('',#4107,#4108);
#4107 = CARTESIAN_POINT('',(7.,139.));
#4108 = DIRECTION('',(1.,0.));
#4109 = ( GEOMETRIC_REPRESENTATION_CONTEXT(2) 
PARAMETRIC_REPRESENTATION_CONTEXT() REPRESENTATION_CONTEXT('2D SPACE',''
  ) );
#4110 = ORIENTED_EDGE('',*,*,#3800,.T.);
#4111 = ORIENTED_EDGE('',*,*,#3848,.F.);
#4112 = ORIENTED_EDGE('',*,*,#772,.F.);
#4113 = ORIENTED_EDGE('',*,*,#4114,.T.);
#4114 = EDGE_CURVE('',#750,#4067,#4115,.T.);
#4115 = SURFACE_CURVE('',#4116,(#4121,#4128),.PCURVE_S1.);
#4116 = CIRCLE('',#4117,2.25);
#4117 = AXIS2_PLACEMENT_3D('',#4118,#4119,#4120);
#4118 = CARTESIAN_POINT('',(-66.,66.,167.6));
#4119 = DIRECTION('',(0.,0.,1.));
#4120 = DIRECTION('',(1.,0.,0.));
#4121 = PCURVE('',#295,#4122);
#4122 = DEFINITIONAL_REPRESENTATION('',(#4123),#4127);
#4123 = LINE('',#4124,#4125);
#4124 = CARTESIAN_POINT('',(-0.,-6.));
#4125 = VECTOR('',#4126,1.);
#4126 = DIRECTION('',(-1.,0.));
#4127 = ( GEOMETRIC_REPRESENTATION_CONTEXT(2) 
PARAMETRIC_REPRESENTATION_CONTEXT() REPRESENTATION_CONTEXT('2D SPACE',''
  ) );
#4128 = PCURVE('',#126,#4129);
#4129 = DEFINITIONAL_REPRESENTATION('',(#4130),#4134);
#4130 = CIRCLE('',#4131,2.25);
#4131 = AXIS2_PLACEMENT_2D('',#4132,#4133);
#4132 = CARTESIAN_POINT('',(7.,139.));
#4133 = DIRECTION('',(1.,0.));
#4134 = ( GEOMETRIC_REPRESENTATION_CONTEXT(2) 
PARAMETRIC_REPRESENTATION_CONTEXT() REPRESENTATION_CONTEXT('2D SPACE',''
  ) );
#4135 = ORIENTED_EDGE('',*,*,#4066,.F.);
#4136 = ADVANCED_FACE('',(#4137),#264,.F.);
#4137 = FACE_BOUND('',#4138,.T.);
#4138 = EDGE_LOOP('',(#4139,#4140,#4163,#4185,#4186,#4187,#4188,#4210));
#4139 = ORIENTED_EDGE('',*,*,#247,.F.);
#4140 = ORIENTED_EDGE('',*,*,#4141,.T.);
#4141 = EDGE_CURVE('',#248,#4142,#4144,.T.);
#4142 = VERTEX_POINT('',#4143);
#4143 = CARTESIAN_POINT('',(68.25,-66.,167.6));
#4144 = SEAM_CURVE('',#4145,(#4149,#4156),.PCURVE_S1.);
#4145 = LINE('',#4146,#4147);
#4146 = CARTESIAN_POINT('',(68.25,-66.,161.6));
#4147 = VECTOR('',#4148,1.);
#4148 = DIRECTION('',(0.,0.,1.));
#4149 = PCURVE('',#264,#4150);
#4150 = DEFINITIONAL_REPRESENTATION('',(#4151),#4155);
#4151 = LINE('',#4152,#4153);
#4152 = CARTESIAN_POINT('',(-6.28318530718,0.));
#4153 = VECTOR('',#4154,1.);
#4154 = DIRECTION('',(-0.,-1.));
#4155 = ( GEOMETRIC_REPRESENTATION_CONTEXT(2) 
PARAMETRIC_REPRESENTATION_CONTEXT() REPRESENTATION_CONTEXT('2D SPACE',''
  ) );
#4156 = PCURVE('',#264,#4157);
#4157 = DEFINITIONAL_REPRESENTATION('',(#4158),#4162);
#4158 = LINE('',#4159,#4160);
#4159 = CARTESIAN_POINT('',(-0.,0.));
#4160 = VECTOR('',#4161,1.);
#4161 = DIRECTION('',(-0.,-1.));
#4162 = ( GEOMETRIC_REPRESENTATION_CONTEXT(2) 
PARAMETRIC_REPRESENTATION_CONTEXT() REPRESENTATION_CONTEXT('2D SPACE',''
  ) );
#4163 = ORIENTED_EDGE('',*,*,#4164,.T.);
#4164 = EDGE_CURVE('',#4142,#3909,#4165,.T.);
#4165 = SURFACE_CURVE('',#4166,(#4171,#4178),.PCURVE_S1.);
#4166 = CIRCLE('',#4167,2.25);
#4167 = AXIS2_PLACEMENT_3D('',#4168,#4169,#4170);
#4168 = CARTESIAN_POINT('',(66.,-66.,167.6));
#4169 = DIRECTION('',(0.,0.,1.));
#4170 = DIRECTION('',(1.,0.,0.));
#4171 = PCURVE('',#264,#4172);
#4172 = DEFINITIONAL_REPRESENTATION('',(#4173),#4177);
#4173 = LINE('',#4174,#4175);
#4174 = CARTESIAN_POINT('',(-0.,-6.));
#4175 = VECTOR('',#4176,1.);
#4176 = DIRECTION('',(-1.,0.));
#4177 = ( GEOMETRIC_REPRESENTATION_CONTEXT(2) 
PARAMETRIC_REPRESENTATION_CONTEXT() REPRESENTATION_CONTEXT('2D SPACE',''
  ) );
#4178 = PCURVE('',#126,#4179);
#4179 = DEFINITIONAL_REPRESENTATION('',(#4180),#4184);
#4180 = CIRCLE('',#4181,2.25);
#4181 = AXIS2_PLACEMENT_2D('',#4182,#4183);
#4182 = CARTESIAN_POINT('',(139.,7.));
#4183 = DIRECTION('',(1.,0.));
#4184 = ( GEOMETRIC_REPRESENTATION_CONTEXT(2) 
PARAMETRIC_REPRESENTATION_CONTEXT() REPRESENTATION_CONTEXT('2D SPACE',''
  ) );
#4185 = ORIENTED_EDGE('',*,*,#3908,.T.);
#4186 = ORIENTED_EDGE('',*,*,#3023,.F.);
#4187 = ORIENTED_EDGE('',*,*,#2950,.F.);
#4188 = ORIENTED_EDGE('',*,*,#4189,.T.);
#4189 = EDGE_CURVE('',#2951,#4142,#4190,.T.);
#4190 = SURFACE_CURVE('',#4191,(#4196,#4203),.PCURVE_S1.);
#4191 = CIRCLE('',#4192,2.25);
#4192 = AXIS2_PLACEMENT_3D('',#4193,#4194,#4195);
#4193 = CARTESIAN_POINT('',(66.,-66.,167.6));
#4194 = DIRECTION('',(0.,0.,1.));
#4195 = DIRECTION('',(1.,0.,0.));
#4196 = PCURVE('',#264,#4197);
#4197 = DEFINITIONAL_REPRESENTATION('',(#4198),#4202);
#4198 = LINE('',#4199,#4200);
#4199 = CARTESIAN_POINT('',(-0.,-6.));
#4200 = VECTOR('',#4201,1.);
#4201 = DIRECTION('',(-1.,0.));
#4202 = ( GEOMETRIC_REPRESENTATION_CONTEXT(2) 
PARAMETRIC_REPRESENTATION_CONTEXT() REPRESENTATION_CONTEXT('2D SPACE',''
  ) );
#4203 = PCURVE('',#126,#4204);
#4204 = DEFINITIONAL_REPRESENTATION('',(#4205),#4209);
#4205 = CIRCLE('',#4206,2.25);
#4206 = AXIS2_PLACEMENT_2D('',#4207,#4208);
#4207 = CARTESIAN_POINT('',(139.,7.));
#4208 = DIRECTION('',(1.,0.));
#4209 = ( GEOMETRIC_REPRESENTATION_CONTEXT(2) 
PARAMETRIC_REPRESENTATION_CONTEXT() REPRESENTATION_CONTEXT('2D SPACE',''
  ) );
#4210 = ORIENTED_EDGE('',*,*,#4141,.F.);
#4211 = ADVANCED_FACE('',(#4212),#233,.F.);
#4212 = FACE_BOUND('',#4213,.T.);
#4213 = EDGE_LOOP('',(#4214,#4215,#4238,#4260,#4261,#4262,#4263,#4285));
#4214 = ORIENTED_EDGE('',*,*,#216,.F.);
#4215 = ORIENTED_EDGE('',*,*,#4216,.T.);
#4216 = EDGE_CURVE('',#217,#4217,#4219,.T.);
#4217 = VERTEX_POINT('',#4218);
#4218 = CARTESIAN_POINT('',(-63.75,-66.,167.6));
#4219 = SEAM_CURVE('',#4220,(#4224,#4231),.PCURVE_S1.);
#4220 = LINE('',#4221,#4222);
#4221 = CARTESIAN_POINT('',(-63.75,-66.,161.6));
#4222 = VECTOR('',#4223,1.);
#4223 = DIRECTION('',(0.,0.,1.));
#4224 = PCURVE('',#233,#4225);
#4225 = DEFINITIONAL_REPRESENTATION('',(#4226),#4230);
#4226 = LINE('',#4227,#4228);
#4227 = CARTESIAN_POINT('',(-6.28318530718,0.));
#4228 = VECTOR('',#4229,1.);
#4229 = DIRECTION('',(-0.,-1.));
#4230 = ( GEOMETRIC_REPRESENTATION_CONTEXT(2) 
PARAMETRIC_REPRESENTATION_CONTEXT() REPRESENTATION_CONTEXT('2D SPACE',''
  ) );
#4231 = PCURVE('',#233,#4232);
#4232 = DEFINITIONAL_REPRESENTATION('',(#4233),#4237);
#4233 = LINE('',#4234,#4235);
#4234 = CARTESIAN_POINT('',(-0.,0.));
#4235 = VECTOR('',#4236,1.);
#4236 = DIRECTION('',(-0.,-1.));
#4237 = ( GEOMETRIC_REPRESENTATION_CONTEXT(2) 
PARAMETRIC_REPRESENTATION_CONTEXT() REPRESENTATION_CONTEXT('2D SPACE',''
  ) );
#4238 = ORIENTED_EDGE('',*,*,#4239,.T.);
#4239 = EDGE_CURVE('',#4217,#2974,#4240,.T.);
#4240 = SURFACE_CURVE('',#4241,(#4246,#4253),.PCURVE_S1.);
#4241 = CIRCLE('',#4242,2.25);
#4242 = AXIS2_PLACEMENT_3D('',#4243,#4244,#4245);
#4243 = CARTESIAN_POINT('',(-66.,-66.,167.6));
#4244 = DIRECTION('',(0.,0.,1.));
#4245 = DIRECTION('',(1.,0.,0.));
#4246 = PCURVE('',#233,#4247);
#4247 = DEFINITIONAL_REPRESENTATION('',(#4248),#4252);
#4248 = LINE('',#4249,#4250);
#4249 = CARTESIAN_POINT('',(-0.,-6.));
#4250 = VECTOR('',#4251,1.);
#4251 = DIRECTION('',(-1.,0.));
#4252 = ( GEOMETRIC_REPRESENTATION_CONTEXT(2) 
PARAMETRIC_REPRESENTATION_CONTEXT() REPRESENTATION_CONTEXT('2D SPACE',''
  ) );
#4253 = PCURVE('',#126,#4254);
#4254 = DEFINITIONAL_REPRESENTATION('',(#4255),#4259);
#4255 = CIRCLE('',#4256,2.25);
#4256 = AXIS2_PLACEMENT_2D('',#4257,#4258);
#4257 = CARTESIAN_POINT('',(7.,7.));
#4258 = DIRECTION('',(1.,0.));
#4259 = ( GEOMETRIC_REPRESENTATION_CONTEXT(2) 
PARAMETRIC_REPRESENTATION_CONTEXT() REPRESENTATION_CONTEXT('2D SPACE',''
  ) );
#4260 = ORIENTED_EDGE('',*,*,#2996,.T.);
#4261 = ORIENTED_EDGE('',*,*,#3100,.F.);
#4262 = ORIENTED_EDGE('',*,*,#3754,.F.);
#4263 = ORIENTED_EDGE('',*,*,#4264,.T.);
#4264 = EDGE_CURVE('',#3755,#4217,#4265,.T.);
#4265 = SURFACE_CURVE('',#4266,(#4271,#4278),.PCURVE_S1.);
#4266 = CIRCLE('',#4267,2.25);
#4267 = AXIS2_PLACEMENT_3D('',#4268,#4269,#4270);
#4268 = CARTESIAN_POINT('',(-66.,-66.,167.6));
#4269 = DIRECTION('',(0.,0.,1.));
#4270 = DIRECTION('',(1.,0.,0.));
#4271 = PCURVE('',#233,#4272);
#4272 = DEFINITIONAL_REPRESENTATION('',(#4273),#4277);
#4273 = LINE('',#4274,#4275);
#4274 = CARTESIAN_POINT('',(-0.,-6.));
#4275 = VECTOR('',#4276,1.);
#4276 = DIRECTION('',(-1.,0.));
#4277 = ( GEOMETRIC_REPRESENTATION_CONTEXT(2) 
PARAMETRIC_REPRESENTATION_CONTEXT() REPRESENTATION_CONTEXT('2D SPACE',''
  ) );
#4278 = PCURVE('',#126,#4279);
#4279 = DEFINITIONAL_REPRESENTATION('',(#4280),#4284);
#4280 = CIRCLE('',#4281,2.25);
#4281 = AXIS2_PLACEMENT_2D('',#4282,#4283);
#4282 = CARTESIAN_POINT('',(7.,7.));
#4283 = DIRECTION('',(1.,0.));
#4284 = ( GEOMETRIC_REPRESENTATION_CONTEXT(2) 
PARAMETRIC_REPRESENTATION_CONTEXT() REPRESENTATION_CONTEXT('2D SPACE',''
  ) );
#4285 = ORIENTED_EDGE('',*,*,#4216,.F.);
#4286 = ADVANCED_FACE('',(#4287),#181,.T.);
#4287 = FACE_BOUND('',#4288,.T.);
#4288 = EDGE_LOOP('',(#4289,#4312,#4313,#4336));
#4289 = ORIENTED_EDGE('',*,*,#4290,.F.);
#4290 = EDGE_CURVE('',#143,#4291,#4293,.T.);
#4291 = VERTEX_POINT('',#4292);
#4292 = CARTESIAN_POINT('',(73.,-73.,167.6));
#4293 = SURFACE_CURVE('',#4294,(#4298,#4305),.PCURVE_S1.);
#4294 = LINE('',#4295,#4296);
#4295 = CARTESIAN_POINT('',(73.,-73.,161.6));
#4296 = VECTOR('',#4297,1.);
#4297 = DIRECTION('',(0.,0.,1.));
#4298 = PCURVE('',#181,#4299);
#4299 = DEFINITIONAL_REPRESENTATION('',(#4300),#4304);
#4300 = LINE('',#4301,#4302);
#4301 = CARTESIAN_POINT('',(0.,0.));
#4302 = VECTOR('',#4303,1.);
#4303 = DIRECTION('',(1.,0.));
#4304 = ( GEOMETRIC_REPRESENTATION_CONTEXT(2) 
PARAMETRIC_REPRESENTATION_CONTEXT() REPRESENTATION_CONTEXT('2D SPACE',''
  ) );
#4305 = PCURVE('',#44,#4306);
#4306 = DEFINITIONAL_REPRESENTATION('',(#4307),#4311);
#4307 = LINE('',#4308,#4309);
#4308 = CARTESIAN_POINT('',(0.,146.));
#4309 = VECTOR('',#4310,1.);
#4310 = DIRECTION('',(1.,0.));
#4311 = ( GEOMETRIC_REPRESENTATION_CONTEXT(2) 
PARAMETRIC_REPRESENTATION_CONTEXT() REPRESENTATION_CONTEXT('2D SPACE',''
  ) );
#4312 = ORIENTED_EDGE('',*,*,#165,.T.);
#4313 = ORIENTED_EDGE('',*,*,#4314,.T.);
#4314 = EDGE_CURVE('',#166,#4315,#4317,.T.);
#4315 = VERTEX_POINT('',#4316);
#4316 = CARTESIAN_POINT('',(73.,73.,167.6));
#4317 = SURFACE_CURVE('',#4318,(#4322,#4329),.PCURVE_S1.);
#4318 = LINE('',#4319,#4320);
#4319 = CARTESIAN_POINT('',(73.,73.,161.6));
#4320 = VECTOR('',#4321,1.);
#4321 = DIRECTION('',(0.,0.,1.));
#4322 = PCURVE('',#181,#4323);
#4323 = DEFINITIONAL_REPRESENTATION('',(#4324),#4328);
#4324 = LINE('',#4325,#4326);
#4325 = CARTESIAN_POINT('',(0.,-146.));
#4326 = VECTOR('',#4327,1.);
#4327 = DIRECTION('',(1.,0.));
#4328 = ( GEOMETRIC_REPRESENTATION_CONTEXT(2) 
PARAMETRIC_REPRESENTATION_CONTEXT() REPRESENTATION_CONTEXT('2D SPACE',''
  ) );
#4329 = PCURVE('',#100,#4330);
#4330 = DEFINITIONAL_REPRESENTATION('',(#4331),#4335);
#4331 = LINE('',#4332,#4333);
#4332 = CARTESIAN_POINT('',(0.,146.));
#4333 = VECTOR('',#4334,1.);
#4334 = DIRECTION('',(1.,0.));
#4335 = ( GEOMETRIC_REPRESENTATION_CONTEXT(2) 
PARAMETRIC_REPRESENTATION_CONTEXT() REPRESENTATION_CONTEXT('2D SPACE',''
  ) );
#4336 = ORIENTED_EDGE('',*,*,#4337,.F.);
#4337 = EDGE_CURVE('',#4291,#4315,#4338,.T.);
#4338 = SURFACE_CURVE('',#4339,(#4343,#4350),.PCURVE_S1.);
#4339 = LINE('',#4340,#4341);
#4340 = CARTESIAN_POINT('',(73.,-73.,167.6));
#4341 = VECTOR('',#4342,1.);
#4342 = DIRECTION('',(0.,1.,0.));
#4343 = PCURVE('',#181,#4344);
#4344 = DEFINITIONAL_REPRESENTATION('',(#4345),#4349);
#4345 = LINE('',#4346,#4347);
#4346 = CARTESIAN_POINT('',(6.,0.));
#4347 = VECTOR('',#4348,1.);
#4348 = DIRECTION('',(0.,-1.));
#4349 = ( GEOMETRIC_REPRESENTATION_CONTEXT(2) 
PARAMETRIC_REPRESENTATION_CONTEXT() REPRESENTATION_CONTEXT('2D SPACE',''
  ) );
#4350 = PCURVE('',#126,#4351);
#4351 = DEFINITIONAL_REPRESENTATION('',(#4352),#4356);
#4352 = LINE('',#4353,#4354);
#4353 = CARTESIAN_POINT('',(146.,0.));
#4354 = VECTOR('',#4355,1.);
#4355 = DIRECTION('',(0.,1.));
#4356 = ( GEOMETRIC_REPRESENTATION_CONTEXT(2) 
PARAMETRIC_REPRESENTATION_CONTEXT() REPRESENTATION_CONTEXT('2D SPACE',''
  ) );
#4357 = ADVANCED_FACE('',(#4358),#100,.T.);
#4358 = FACE_BOUND('',#4359,.T.);
#4359 = EDGE_LOOP('',(#4360,#4361,#4362,#4383));
#4360 = ORIENTED_EDGE('',*,*,#193,.F.);
#4361 = ORIENTED_EDGE('',*,*,#84,.T.);
#4362 = ORIENTED_EDGE('',*,*,#4363,.T.);
#4363 = EDGE_CURVE('',#85,#4315,#4364,.T.);
#4364 = SURFACE_CURVE('',#4365,(#4369,#4376),.PCURVE_S1.);
#4365 = LINE('',#4366,#4367);
#4366 = CARTESIAN_POINT('',(-73.,73.,167.6));
#4367 = VECTOR('',#4368,1.);
#4368 = DIRECTION('',(1.,0.,0.));
#4369 = PCURVE('',#100,#4370);
#4370 = DEFINITIONAL_REPRESENTATION('',(#4371),#4375);
#4371 = LINE('',#4372,#4373);
#4372 = CARTESIAN_POINT('',(6.,0.));
#4373 = VECTOR('',#4374,1.);
#4374 = DIRECTION('',(0.,1.));
#4375 = ( GEOMETRIC_REPRESENTATION_CONTEXT(2) 
PARAMETRIC_REPRESENTATION_CONTEXT() REPRESENTATION_CONTEXT('2D SPACE',''
  ) );
#4376 = PCURVE('',#126,#4377);
#4377 = DEFINITIONAL_REPRESENTATION('',(#4378),#4382);
#4378 = LINE('',#4379,#4380);
#4379 = CARTESIAN_POINT('',(0.,146.));
#4380 = VECTOR('',#4381,1.);
#4381 = DIRECTION('',(1.,0.));
#4382 = ( GEOMETRIC_REPRESENTATION_CONTEXT(2) 
PARAMETRIC_REPRESENTATION_CONTEXT() REPRESENTATION_CONTEXT('2D SPACE',''
  ) );
#4383 = ORIENTED_EDGE('',*,*,#4314,.F.);
#4384 = ADVANCED_FACE('',(#4385,#4411),#126,.T.);
#4385 = FACE_BOUND('',#4386,.T.);
#4386 = EDGE_LOOP('',(#4387,#4388,#4409,#4410));
#4387 = ORIENTED_EDGE('',*,*,#112,.F.);
#4388 = ORIENTED_EDGE('',*,*,#4389,.T.);
#4389 = EDGE_CURVE('',#24,#4291,#4390,.T.);
#4390 = SURFACE_CURVE('',#4391,(#4395,#4402),.PCURVE_S1.);
#4391 = LINE('',#4392,#4393);
#4392 = CARTESIAN_POINT('',(-73.,-73.,167.6));
#4393 = VECTOR('',#4394,1.);
#4394 = DIRECTION('',(1.,0.,0.));
#4395 = PCURVE('',#126,#4396);
#4396 = DEFINITIONAL_REPRESENTATION('',(#4397),#4401);
#4397 = LINE('',#4398,#4399);
#4398 = CARTESIAN_POINT('',(0.,0.));
#4399 = VECTOR('',#4400,1.);
#4400 = DIRECTION('',(1.,0.));
#4401 = ( GEOMETRIC_REPRESENTATION_CONTEXT(2) 
PARAMETRIC_REPRESENTATION_CONTEXT() REPRESENTATION_CONTEXT('2D SPACE',''
  ) );
#4402 = PCURVE('',#44,#4403);
#4403 = DEFINITIONAL_REPRESENTATION('',(#4404),#4408);
#4404 = LINE('',#4405,#4406);
#4405 = CARTESIAN_POINT('',(6.,0.));
#4406 = VECTOR('',#4407,1.);
#4407 = DIRECTION('',(0.,1.));
#4408 = ( GEOMETRIC_REPRESENTATION_CONTEXT(2) 
PARAMETRIC_REPRESENTATION_CONTEXT() REPRESENTATION_CONTEXT('2D SPACE',''
  ) );
#4409 = ORIENTED_EDGE('',*,*,#4337,.T.);
#4410 = ORIENTED_EDGE('',*,*,#4363,.F.);
#4411 = FACE_BOUND('',#4412,.T.);
#4412 = EDGE_LOOP('',(#4413,#4414,#4415,#4416,#4417,#4418,#4419,#4420,
    #4421,#4422,#4423,#4424));
#4413 = ORIENTED_EDGE('',*,*,#4239,.F.);
#4414 = ORIENTED_EDGE('',*,*,#4264,.F.);
#4415 = ORIENTED_EDGE('',*,*,#3777,.T.);
#4416 = ORIENTED_EDGE('',*,*,#4089,.F.);
#4417 = ORIENTED_EDGE('',*,*,#4114,.F.);
#4418 = ORIENTED_EDGE('',*,*,#749,.F.);
#4419 = ORIENTED_EDGE('',*,*,#479,.F.);
#4420 = ORIENTED_EDGE('',*,*,#592,.F.);
#4421 = ORIENTED_EDGE('',*,*,#3931,.F.);
#4422 = ORIENTED_EDGE('',*,*,#4164,.F.);
#4423 = ORIENTED_EDGE('',*,*,#4189,.F.);
#4424 = ORIENTED_EDGE('',*,*,#2973,.T.);
#4425 = ADVANCED_FACE('',(#4426),#44,.F.);
#4426 = FACE_BOUND('',#4427,.F.);
#4427 = EDGE_LOOP('',(#4428,#4429,#4430,#4431));
#4428 = ORIENTED_EDGE('',*,*,#142,.F.);
#4429 = ORIENTED_EDGE('',*,*,#21,.T.);
#4430 = ORIENTED_EDGE('',*,*,#4389,.T.);
#4431 = ORIENTED_EDGE('',*,*,#4290,.F.);
#4432 = ( GEOMETRIC_REPRESENTATION_CONTEXT(3) 
GLOBAL_UNCERTAINTY_ASSIGNED_CONTEXT((#4436)) 
GLOBAL_UNIT_ASSIGNED_CONTEXT((#4433,#4434,#4435)) REPRESENTATION_CONTEXT
('Context #1','3D Context with UNIT and UNCERTAINTY') );
#4433 = ( LENGTH_UNIT() NAMED_UNIT(*) SI_UNIT(.MILLI.,.METRE.) );
#4434 = ( NAMED_UNIT(*) PLANE_ANGLE_UNIT() SI_UNIT($,.RADIAN.) );
#4435 = ( NAMED_UNIT(*) SI_UNIT($,.STERADIAN.) SOLID_ANGLE_UNIT() );
#4436 = UNCERTAINTY_MEASURE_WITH_UNIT(LENGTH_MEASURE(1.E-06),#4433,
  'distance_accuracy_value','confusion accuracy');
#4437 = PRODUCT_RELATED_PRODUCT_CATEGORY('part',$,(#7));
ENDSEC;
END-ISO-10303-21;
